  0
SECTION
  2
HEADER
  9
$ACADVER
  1
AC1032
  9
$ACADMAINTVER
 90
        4
  9
$DWGCODEPAGE
  3
ANSI_936
  9
$LASTSAVEDBY
  1
246
  9
$REQUIREDVERSIONS
160
                 0
  9
$INSBASE
 10
0.0
 20
0.0
 30
0.0
  9
$EXTMIN
 10
39.5066362436337
 20
-57.65364804031467
 30
0.0
  9
$EXTMAX
 10
261.0120063372733
 20
168.9696214587471
 30
0.0
  9
$LIMMIN
 10
0.0
 20
0.0
  9
$LIMMAX
 10
420.0
 20
297.0
  9
$ORTHOMODE
 70
     0
  9
$REGENMODE
 70
     1
  9
$FILLMODE
 70
     1
  9
$QTEXTMODE
 70
     0
  9
$MIRRTEXT
 70
     1
  9
$LTSCALE
 40
1000.0
  9
$ATTMODE
 70
     1
  9
$TEXTSIZE
 40
2.5
  9
$TRACEWID
 40
1.0
  9
$TEXTSTYLE
  7
Standard
  9
$CLAYER
  8
0
  9
$CELTYPE
  6
ByLayer
  9
$CECOLOR
 62
   256
  9
$CELTSCALE
 40
1.0
  9
$DISPSILH
 70
     0
  9
$DIMSCALE
 40
1.0
  9
$DIMASZ
 40
2.5
  9
$DIMEXO
 40
0.625
  9
$DIMDLI
 40
3.75
  9
$DIMRND
 40
0.0
  9
$DIMDLE
 40
0.0
  9
$DIMEXE
 40
1.25
  9
$DIMTP
 40
0.0
  9
$DIMTM
 40
0.0
  9
$DIMTXT
 40
2.5
  9
$DIMCEN
 40
2.5
  9
$DIMTSZ
 40
0.0
  9
$DIMTOL
 70
     0
  9
$DIMLIM
 70
     0
  9
$DIMTIH
 70
     0
  9
$DIMTOH
 70
     0
  9
$DIMSE1
 70
     0
  9
$DIMSE2
 70
     0
  9
$DIMTAD
 70
     1
  9
$DIMZIN
 70
     8
  9
$DIMBLK
  1

  9
$DIMASO
 70
     1
  9
$DIMSHO
 70
     1
  9
$DIMPOST
  1

  9
$DIMAPOST
  1

  9
$DIMALT
 70
     0
  9
$DIMALTD
 70
     3
  9
$DIMALTF
 40
0.03937007874
  9
$DIMLFAC
 40
1.0
  9
$DIMTOFL
 70
     1
  9
$DIMTVP
 40
0.0
  9
$DIMTIX
 70
     0
  9
$DIMSOXD
 70
     0
  9
$DIMSAH
 70
     0
  9
$DIMBLK1
  1

  9
$DIMBLK2
  1

  9
$DIMSTYLE
  2
Standard
  9
$DIMCLRD
 70
     0
  9
$DIMCLRE
 70
     0
  9
$DIMCLRT
 70
     0
  9
$DIMTFAC
 40
1.0
  9
$DIMGAP
 40
0.625
  9
$DIMJUST
 70
     0
  9
$DIMSD1
 70
     0
  9
$DIMSD2
 70
     0
  9
$DIMTOLJ
 70
     0
  9
$DIMTZIN
 70
     8
  9
$DIMALTZ
 70
     0
  9
$DIMALTTZ
 70
     0
  9
$DIMUPT
 70
     0
  9
$DIMDEC
 70
     2
  9
$DIMTDEC
 70
     2
  9
$DIMALTU
 70
     2
  9
$DIMALTTD
 70
     3
  9
$DIMTXSTY
  7

  9
$DIMAUNIT
 70
     0
  9
$DIMADEC
 70
     2
  9
$DIMALTRND
 40
0.0
  9
$DIMAZIN
 70
     3
  9
$DIMDSEP
 70
    44
  9
$DIMATFIT
 70
     3
  9
$DIMFRAC
 70
     0
  9
$DIMLDRBLK
  1

  9
$DIMLUNIT
 70
     2
  9
$DIMLWD
 70
    -2
  9
$DIMLWE
 70
    -2
  9
$DIMTMOVE
 70
     0
  9
$DIMFXL
 40
2.5
  9
$DIMFXLON
 70
     0
  9
$DIMJOGANG
 40
0.7853981633974483
  9
$DIMTFILL
 70
     0
  9
$DIMTFILLCLR
 70
     0
  9
$DIMARCSYM
 70
     0
  9
$DIMLTYPE
  6

  9
$DIMLTEX1
  6

  9
$DIMLTEX2
  6

  9
$DIMTXTDIRECTION
 70
     0
  9
$LUNITS
 70
     2
  9
$LUPREC
 70
     4
  9
$SKETCHINC
 40
1.0
  9
$FILLETRAD
 40
10.0
  9
$AUNITS
 70
     0
  9
$AUPREC
 70
     2
  9
$MENU
  1
.
  9
$ELEVATION
 40
0.0
  9
$PELEVATION
 40
0.0
  9
$THICKNESS
 40
0.0
  9
$LIMCHECK
 70
     0
  9
$CHAMFERA
 40
0.0
  9
$CHAMFERB
 40
0.0
  9
$CHAMFERC
 40
0.0
  9
$CHAMFERD
 40
0.0
  9
$SKPOLY
 70
     0
  9
$TDCREATE
 40
2458532.487330231
  9
$TDUCREATE
 40
2458532.153996898
  9
$TDUPDATE
 40
2461081.439038356
  9
$TDUUPDATE
 40
2461081.105705023
  9
$TDINDWG
 40
0.042867755
  9
$TDUSRTIMER
 40
0.042867431
  9
$USRTIMER
 70
     1
  9
$ANGBASE
 50
0.0
  9
$ANGDIR
 70
     0
  9
$PDMODE
 70
     0
  9
$PDSIZE
 40
0.0
  9
$PLINEWID
 40
0.0
  9
$SPLFRAME
 70
     0
  9
$SPLINETYPE
 70
     6
  9
$SPLINESEGS
 70
     8
  9
$HANDSEED
  5
573
  9
$SURFTAB1
 70
     6
  9
$SURFTAB2
 70
     6
  9
$SURFTYPE
 70
     6
  9
$SURFU
 70
     6
  9
$SURFV
 70
     6
  9
$UCSBASE
  2

  9
$UCSNAME
  2

  9
$UCSORG
 10
0.0
 20
0.0
 30
0.0
  9
$UCSXDIR
 10
1.0
 20
0.0
 30
0.0
  9
$UCSYDIR
 10
0.0
 20
1.0
 30
0.0
  9
$UCSORTHOREF
  2

  9
$UCSORTHOVIEW
 70
     0
  9
$UCSORGTOP
 10
0.0
 20
0.0
 30
0.0
  9
$UCSORGBOTTOM
 10
0.0
 20
0.0
 30
0.0
  9
$UCSORGLEFT
 10
0.0
 20
0.0
 30
0.0
  9
$UCSORGRIGHT
 10
0.0
 20
0.0
 30
0.0
  9
$UCSORGFRONT
 10
0.0
 20
0.0
 30
0.0
  9
$UCSORGBACK
 10
0.0
 20
0.0
 30
0.0
  9
$PUCSBASE
  2

  9
$PUCSNAME
  2

  9
$PUCSORG
 10
0.0
 20
0.0
 30
0.0
  9
$PUCSXDIR
 10
1.0
 20
0.0
 30
0.0
  9
$PUCSYDIR
 10
0.0
 20
1.0
 30
0.0
  9
$PUCSORTHOREF
  2

  9
$PUCSORTHOVIEW
 70
     0
  9
$PUCSORGTOP
 10
0.0
 20
0.0
 30
0.0
  9
$PUCSORGBOTTOM
 10
0.0
 20
0.0
 30
0.0
  9
$PUCSORGLEFT
 10
0.0
 20
0.0
 30
0.0
  9
$PUCSORGRIGHT
 10
0.0
 20
0.0
 30
0.0
  9
$PUCSORGFRONT
 10
0.0
 20
0.0
 30
0.0
  9
$PUCSORGBACK
 10
0.0
 20
0.0
 30
0.0
  9
$USERI1
 70
     0
  9
$USERI2
 70
     0
  9
$USERI3
 70
     0
  9
$USERI4
 70
     0
  9
$USERI5
 70
     0
  9
$USERR1
 40
0.0
  9
$USERR2
 40
0.0
  9
$USERR3
 40
0.0
  9
$USERR4
 40
0.0
  9
$USERR5
 40
0.0
  9
$WORLDVIEW
 70
     1
  9
$SHADEDGE
 70
     3
  9
$SHADEDIF
 70
    70
  9
$TILEMODE
 70
     1
  9
$MAXACTVP
 70
    64
  9
$PINSBASE
 10
0.0
 20
0.0
 30
0.0
  9
$PLIMCHECK
 70
     0
  9
$PEXTMIN
 10
1.000000000000000E+20
 20
1.000000000000000E+20
 30
1.000000000000000E+20
  9
$PEXTMAX
 10
-1.000000000000000E+20
 20
-1.000000000000000E+20
 30
-1.000000000000000E+20
  9
$PLIMMIN
 10
0.0
 20
0.0
  9
$PLIMMAX
 10
420.0
 20
297.0
  9
$UNITMODE
 70
     0
  9
$VISRETAIN
 70
     1
  9
$PLINEGEN
 70
     0
  9
$PSLTSCALE
 70
     1
  9
$TREEDEPTH
 70
  3020
  9
$CMLSTYLE
  2
Standard
  9
$CMLJUST
 70
     0
  9
$CMLSCALE
 40
20.0
  9
$PROXYGRAPHICS
 70
     1
  9
$MEASUREMENT
 70
     1
  9
$CELWEIGHT
370
    -1
  9
$ENDCAPS
280
     0
  9
$JOINSTYLE
280
     0
  9
$LWDISPLAY
290
     0
  9
$INSUNITS
 70
     6
  9
$HYPERLINKBASE
  1

  9
$STYLESHEET
  1

  9
$XEDIT
290
     1
  9
$CEPSNTYPE
380
     0
  9
$PSTYLEMODE
290
     1
  9
$FINGERPRINTGUID
  2
{1F163696-527C-4260-B603-386CFBADA643}
  9
$VERSIONGUID
  2
{899CF1E7-B262-4ABF-A8BF-52CD2FDABF12}
  9
$EXTNAMES
290
     1
  9
$PSVPSCALE
 40
0.0
  9
$OLESTARTUP
290
     0
  9
$SORTENTS
280
   127
  9
$INDEXCTL
280
     0
  9
$HIDETEXT
280
     1
  9
$XCLIPFRAME
280
     1
  9
$HALOGAP
280
     0
  9
$OBSCOLOR
 70
   257
  9
$OBSLTYPE
280
     0
  9
$INTERSECTIONDISPLAY
280
     0
  9
$INTERSECTIONCOLOR
 70
   257
  9
$DIMASSOC
280
     2
  9
$PROJECTNAME
  1

  9
$CAMERADISPLAY
290
     0
  9
$LENSLENGTH
 40
50.0
  9
$CAMERAHEIGHT
 40
0.0
  9
$STEPSPERSEC
 40
24.0
  9
$STEPSIZE
 40
100.0
  9
$3DDWFPREC
 40
2.0
  9
$PSOLWIDTH
 40
0.005
  9
$PSOLHEIGHT
 40
0.08
  9
$LOFTANG1
 40
1.570796326795
  9
$LOFTANG2
 40
1.570796326795
  9
$LOFTMAG1
 40
0.0
  9
$LOFTMAG2
 40
0.0
  9
$LOFTPARAM
 70
     7
  9
$LOFTNORMALS
280
     1
  9
$LATITUDE
 40
37.795
  9
$LONGITUDE
 40
-122.394
  9
$NORTHDIRECTION
 40
0.0
  9
$TIMEZONE
 70
 -8000
  9
$LIGHTGLYPHDISPLAY
280
     1
  9
$TILEMODELIGHTSYNCH
280
     1
  9
$CMATERIAL
347
20
  9
$SOLIDHIST
280
     0
  9
$SHOWHIST
280
     1
  9
$DWFFRAME
280
     2
  9
$DGNFRAME
280
     2
  9
$REALWORLDSCALE
290
     1
  9
$INTERFERECOLOR
 62
   256
  9
$CSHADOW
280
     0
  9
$SHADOWPLANELOCATION
 40
0.0
  0
ENDSEC
  0
SECTION
  2
CLASSES
  0
CLASS
  1
ACDBDICTIONARYWDFLT
  2
AcDbDictionaryWithDefault
  3
ObjectDBX Classes
 90
        0
 91
        1
280
     0
281
     0
  0
CLASS
  1
SUN
  2
AcDbSun
  3
SCENEOE
 90
     1153
 91
        0
280
     0
281
     0
  0
CLASS
  1
VISUALSTYLE
  2
AcDbVisualStyle
  3
ObjectDBX Classes
 90
     4095
 91
       24
280
     0
281
     0
  0
CLASS
  1
MATERIAL
  2
AcDbMaterial
  3
ObjectDBX Classes
 90
     1153
 91
        3
280
     0
281
     0
  0
CLASS
  1
SCALE
  2
AcDbScale
  3
ObjectDBX Classes
 90
     1153
 91
       17
280
     0
281
     0
  0
CLASS
  1
TABLESTYLE
  2
AcDbTableStyle
  3
ObjectDBX Classes
 90
     4095
 91
        1
280
     0
281
     0
  0
CLASS
  1
MLEADERSTYLE
  2
AcDbMLeaderStyle
  3
ACDB_MLEADERSTYLE_CLASS
 90
     4095
 91
        1
280
     0
281
     0
  0
CLASS
  1
DICTIONARYVAR
  2
AcDbDictionaryVar
  3
ObjectDBX Classes
 90
        0
 91
        8
280
     0
281
     0
  0
CLASS
  1
CELLSTYLEMAP
  2
AcDbCellStyleMap
  3
ObjectDBX Classes
 90
     1152
 91
       46
280
     0
281
     0
  0
CLASS
  1
MENTALRAYRENDERSETTINGS
  2
AcDbMentalRayRenderSettings
  3
SCENEOE
 90
     1024
 91
        0
280
     0
281
     0
  0
CLASS
  1
ACDBDETAILVIEWSTYLE
  2
AcDbDetailViewStyle
  3
ObjectDBX Classes
 90
     1025
 91
        0
280
     0
281
     0
  0
CLASS
  1
ACDBSECTIONVIEWSTYLE
  2
AcDbSectionViewStyle
  3
ObjectDBX Classes
 90
     1025
 91
        0
280
     0
281
     0
  0
CLASS
  1
RASTERVARIABLES
  2
AcDbRasterVariables
  3
ISM
 90
        0
 91
        0
280
     0
281
     0
  0
CLASS
  1
ACDBPLACEHOLDER
  2
AcDbPlaceHolder
  3
ObjectDBX Classes
 90
        0
 91
        0
280
     0
281
     0
  0
CLASS
  1
LAYOUT
  2
AcDbLayout
  3
ObjectDBX Classes
 90
        0
 91
        0
280
     0
281
     0
  0
CLASS
  1
TCH_DBCONFIG
  2
TDbConfig
  3
TCH_KERNAL|缺乏中望建筑解释器, 请下载中望建筑相关产品|网址: www.zwsoft.cn
 90
        1
 91
        1
280
     0
281
     0
  0
CLASS
  1
TDBINTERFACERECORD
  2
TDbInterfaceRecord
  3
TCH_PIPEBASE|缺乏中望水暖电解释器, 请下载中望建筑相关产品|网址: www.zwsoft.cn
 90
        0
 91
        1
280
     0
281
     0
  0
CLASS
  1
SORTENTSTABLE
  2
AcDbSortentsTable
  3
ObjectDBX Classes
 90
        0
 91
        1
280
     0
281
     0
  0
ENDSEC
  0
SECTION
  2
TABLES
  0
TABLE
  2
VPORT
  5
8
330
0
100
AcDbSymbolTable
 70
     1
  0
VPORT
  5
23
330
8
100
AcDbSymbolTableRecord
100
AcDbViewportTableRecord
  2
*Active
 70
     0
 10
0.0
 20
0.0
 11
1.0
 21
1.0
 12
211.4102845480775
 22
106.5488712823863
 13
0.0
 23
0.0
 14
0.5
 24
0.5
 15
0.5
 25
0.5
 16
0.0
 26
0.0
 36
1.0
 17
0.0
 27
0.0
 37
0.0
 40
170.7561110955949
 41
2.135476463834672
 42
50.0
 43
0.0
 44
0.0
 50
0.0
 51
0.0
 71
     0
 72
  1000
 73
     1
 74
     3
 75
     0
 76
     0
 77
     0
 78
     2
281
     0
 65
     0
110
0.0
120
0.0
130
0.0
111
1.0
121
0.0
131
0.0
112
0.0
122
1.0
132
0.0
 79
     0
146
0.0
348
3A
 60
     3
 61
     5
292
     1
282
     1
141
0.0
142
0.0
 63
   250
  0
ENDTAB
  0
TABLE
  2
LTYPE
  5
2
330
0
100
AcDbSymbolTable
 70
     1
  0
LTYPE
  5
24
330
2
100
AcDbSymbolTableRecord
100
AcDbLinetypeTableRecord
  2
ByBlock
 70
     0
  3

 72
    65
 73
     0
 40
0.0
  0
LTYPE
  5
25
330
2
100
AcDbSymbolTableRecord
100
AcDbLinetypeTableRecord
  2
ByLayer
 70
     0
  3

 72
    65
 73
     0
 40
0.0
  0
LTYPE
  5
26
330
2
100
AcDbSymbolTableRecord
100
AcDbLinetypeTableRecord
  2
Continuous
 70
     0
  3

 72
    65
 73
     0
 40
0.0
  0
ENDTAB
  0
TABLE
  2
LAYER
  5
1
330
0
100
AcDbSymbolTable
 70
     2
  0
LAYER
  5
27
330
1
100
AcDbSymbolTableRecord
100
AcDbLayerTableRecord
  2
0
 70
     0
 62
     7
  6
Continuous
370
    -3
390
13
347
21
348
0
  0
LAYER
  5
28
330
1
100
AcDbSymbolTableRecord
100
AcDbLayerTableRecord
  2
Defpoints
 70
     0
 62
     7
  6
Continuous
290
     0
370
    -3
390
13
347
21
348
0
  0
ENDTAB
  0
TABLE
  2
STYLE
  5
5
330
0
100
AcDbSymbolTable
 70
     1
  0
STYLE
  5
29
330
5
100
AcDbSymbolTableRecord
100
AcDbTextStyleTableRecord
  2
Standard
 70
     0
 40
0.0
 41
1.0
 50
0.0
 71
     0
 42
2.5
  3
txt
  4

  0
ENDTAB
  0
TABLE
  2
VIEW
  5
7
330
0
100
AcDbSymbolTable
 70
     0
  0
ENDTAB
  0
TABLE
  2
UCS
  5
6
330
0
100
AcDbSymbolTable
 70
     0
  0
ENDTAB
  0
TABLE
  2
APPID
  5
3
330
0
100
AcDbSymbolTable
 70
     4
  0
APPID
  5
2A
330
3
100
AcDbSymbolTableRecord
100
AcDbRegAppTableRecord
  2
ACAD
 70
     0
  0
APPID
  5
33
330
3
100
AcDbSymbolTableRecord
100
AcDbRegAppTableRecord
  2
HATCHBACKGROUNDCOLOR
 70
     0
  0
APPID
  5
34
330
3
100
AcDbSymbolTableRecord
100
AcDbRegAppTableRecord
  2
EZDXF
 70
     0
  0
APPID
  5
6A
330
3
100
AcDbSymbolTableRecord
100
AcDbRegAppTableRecord
  2
a
 70
     0
  0
ENDTAB
  0
TABLE
  2
DIMSTYLE
  5
4
330
0
100
AcDbSymbolTable
 70
     1
100
AcDbDimStyleTable
 71
     0
  0
DIMSTYLE
105
2B
330
4
100
AcDbSymbolTableRecord
100
AcDbDimStyleTableRecord
  2
Standard
 70
     0
 41
2.5
 42
0.625
 43
3.75
 44
1.25
 49
2.5
 73
     0
 74
     0
 77
     1
 78
     8
 79
     3
140
2.5
141
2.5
143
0.03937007874
147
0.625
171
     3
172
     1
179
     2
271
     2
272
     2
274
     3
278
    44
283
     0
284
     8
340
0
  0
ENDTAB
  0
TABLE
  2
BLOCK_RECORD
  5
9
330
0
100
AcDbSymbolTable
 70
     1
  0
BLOCK_RECORD
  5
17
102
{ACAD_XDICTIONARY
360
50E
102
}
330
9
100
AcDbSymbolTableRecord
100
AcDbBlockTableRecord
  2
*Model_Space
340
1A
 70
     0
280
     1
281
     0
  0
BLOCK_RECORD
  5
1B
330
9
100
AcDbSymbolTableRecord
100
AcDbBlockTableRecord
  2
*Paper_Space
340
1E
 70
     0
280
     1
281
     0
  0
BLOCK_RECORD
  5
50A
330
9
100
AcDbSymbolTableRecord
100
AcDbBlockTableRecord
  2
_ArchTick
340
0
 70
     0
280
     1
281
     0
  0
ENDTAB
  0
ENDSEC
  0
SECTION
  2
BLOCKS
  0
BLOCK
  5
18
330
17
100
AcDbEntity
  8
0
100
AcDbBlockBegin
  2
*Model_Space
 70
     0
 10
0.0
 20
0.0
 30
0.0
  3
*Model_Space
  1

  0
ENDBLK
  5
19
330
17
100
AcDbEntity
  8
0
100
AcDbBlockEnd
  0
BLOCK
  5
1C
330
1B
100
AcDbEntity
 67
     1
  8
0
100
AcDbBlockBegin
  2
*Paper_Space
 70
     0
 10
0.0
 20
0.0
 30
0.0
  3
*Paper_Space
  1

  0
ENDBLK
  5
1D
330
1B
100
AcDbEntity
 67
     1
  8
0
100
AcDbBlockEnd
  0
BLOCK
  5
50B
330
50A
100
AcDbEntity
  8
0
100
AcDbBlockBegin
  2
_ArchTick
 70
     0
 10
0.0
 20
0.0
 30
0.0
  3
_ArchTick
  1

  0
LWPOLYLINE
  5
50D
330
50A
100
AcDbEntity
  8
0
  6
ByBlock
 62
     0
100
AcDbPolyline
 90
        2
 70
     0
 43
0.5
 10
-0.7071067811865476
 20
-0.7071067811865476
 10
0.7071067811865476
 20
0.7071067811865476
  0
ENDBLK
  5
50C
330
50A
100
AcDbEntity
  8
0
100
AcDbBlockEnd
  0
ENDSEC
  0
SECTION
  2
ENTITIES
  0
LINE
  5
565
330
17
100
AcDbEntity
  8
0
100
AcDbLine
 10
156.3899808703687
 20
122.2539608178154
 30
0.0
 11
162.4416013860962
 21
72.69384749904924
 31
0.0
  0
LINE
  5
566
330
17
100
AcDbEntity
  8
0
100
AcDbLine
 10
162.6889675014485
 20
75.29545959521867
 30
0.0
 11
162.4415656461171
 21
72.69417476348839
 31
0.0
  0
LINE
  5
56E
330
17
100
AcDbEntity
  8
0
100
AcDbLine
 10
156.6373469857209
 20
124.8555729139849
 30
0.0
 11
162.6889675014485
 21
75.29545959521867
 31
0.0
  0
LINE
  5
56F
330
17
100
AcDbEntity
  8
0
100
AcDbLine
 10
156.3899808703687
 20
122.2539608178154
 30
0.0
 11
156.6373469857209
 21
124.8555729139849
 31
0.0
  0
ENDSEC
  0
SECTION
  2
OBJECTS
  0
DICTIONARY
  5
A
330
0
100
AcDbDictionary
281
     1
  3
4C495745_D2
350
46E
  3
4C495745_D3
350
498
  3
4C495745_D4
350
4A6
  3
4C495745_DD
350
47E
  3
4C495745_DL
350
68
  3
4C495745_DN
350
485
  3
4C495745_DR
350
453
  3
4C495745_DS
350
44C
  3
4C495745_DT
350
444
  3
ACAD_COLOR
350
B
  3
ACAD_DATALINK
350
4F
  3
ACAD_GROUP
350
C
  3
ACAD_LAYOUT
350
D
  3
ACAD_MATERIAL
350
E
  3
ACAD_MLEADERSTYLE
350
F
  3
ACAD_MLINESTYLE
350
10
  3
ACAD_PLOTSETTINGS
350
11
  3
ACAD_PLOTSTYLENAME
350
12
  3
ACAD_SCALELIST
350
14
  3
ACAD_TABLESTYLE
350
15
  3
ACAD_VISUALSTYLE
350
16
  3
ACDB_RECOMPOSE_DATA
350
572
  3
AcDbVariableDictionary
350
4C7
  3
EZDXF_META
350
2D
  3
IRecord
350
63
  3
TCH_DBCONFIG
350
62
  3
TssdInitSetting2015
350
65
  0
DICTIONARY
  5
50E
330
17
100
AcDbDictionary
280
     1
281
     1
  3
ACAD_SORTENTS
360
50F
  0
DICTIONARY
  5
46E
102
{ACAD_REACTORS
330
A
102
}
330
A
100
AcDbDictionary
281
     1
  3
16384
350
475
  3
16385
350
470
  3
16386
350
47A
  3
16387
350
474
  3
16388
350
46F
  3
16389
350
479
  3
16390
350
473
  3
16391
350
47D
  3
16392
350
478
  3
16393
350
472
  3
16394
350
47C
  3
16395
350
477
  3
16396
350
471
  3
16397
350
47B
  3
16398
350
476
  0
DICTIONARY
  5
498
102
{ACAD_REACTORS
330
A
102
}
330
A
100
AcDbDictionary
281
     1
  3
28672
350
4A0
  3
28673
350
49B
  3
28674
350
4A4
  3
28675
350
49F
  3
28676
350
49A
  3
28677
350
4A3
  3
28678
350
49E
  3
28679
350
499
  3
28680
350
4A2
  3
28681
350
49D
  3
28682
350
4A5
  3
28683
350
4A1
  3
28684
350
49C
  0
DICTIONARY
  5
4A6
102
{ACAD_REACTORS
330
A
102
}
330
A
100
AcDbDictionary
281
     1
  3
32768
350
4C1
  3
32769
350
4B6
  3
32770
350
4AB
  3
32771
350
4BF
  3
32772
350
4B4
  3
32773
350
4A9
  3
32774
350
4BD
  3
32775
350
4B2
  3
32776
350
4A7
  3
32777
350
4BB
  3
32778
350
4B0
  3
32779
350
4C5
  3
32780
350
4B9
  3
32781
350
4AE
  3
32782
350
4C3
  3
32783
350
4B8
  3
32784
350
4AD
  3
32785
350
4C2
  3
32786
350
4B7
  3
32787
350
4AC
  3
32788
350
4C0
  3
32789
350
4B5
  3
32790
350
4AA
  3
32791
350
4BE
  3
32792
350
4B3
  3
32793
350
4A8
  3
32794
350
4BC
  3
32795
350
4B1
  3
32796
350
4C6
  3
32797
350
4BA
  3
32798
350
4AF
  3
32799
350
4C4
  0
DICTIONARY
  5
47E
102
{ACAD_REACTORS
330
A
102
}
330
A
100
AcDbDictionary
281
     1
  3
20480
350
484
  3
20481
350
482
  3
20482
350
480
  3
20483
350
483
  3
20484
350
481
  3
20485
350
47F
  0
DICTIONARY
  5
68
102
{ACAD_REACTORS
330
A
102
}
330
A
100
AcDbDictionary
281
     1
  3
0
350
9C
  3
100663296
350
29C
  3
100663297
350
13F
  3
100663298
350
3BA
  3
100663299
350
253
  3
100663300
350
F3
  3
100663301
350
372
  3
100663302
350
20E
  3
100663303
350
B4
  3
100667392
350
3FE
  3
100667393
350
29D
  3
100667394
350
140
  3
100667395
350
3BB
  3
100667396
350
254
  3
100667397
350
F4
  3
100667398
350
373
  3
100667399
350
20F
  3
100667400
350
B5
  3
100671488
350
17F
  3
100671489
350
3FF
  3
100671490
350
29E
  3
100671491
350
141
  3
100671492
350
3BC
  3
100671493
350
255
  3
100671494
350
F5
  3
100671495
350
374
  3
100671496
350
210
  3
100675584
350
2DC
  3
100675585
350
180
  3
100675586
350
400
  3
100675587
350
29F
  3
100675588
350
142
  3
100675589
350
3BD
  3
100675590
350
256
  3
100675591
350
F6
  3
100679680
350
439
  3
100679681
350
2DD
  3
100679682
350
181
  3
100679683
350
401
  3
100679684
350
2A0
  3
100679685
350
143
  3
100679686
350
3BE
  3
100679687
350
257
  3
100683776
350
1BA
  3
100683777
350
43A
  3
100683778
350
2DE
  3
100683779
350
182
  3
100683780
350
402
  3
100683781
350
2A1
  3
100683782
350
144
  3
100687872
350
145
  3
100687873
350
3BF
  3
100687874
350
258
  3
100687875
350
F7
  3
100687876
350
375
  3
100687877
350
211
  3
100687878
350
B6
  3
100687879
350
33A
  3
100691968
350
2A2
  3
100691969
350
146
  3
100691970
350
3C0
  3
100691971
350
259
  3
100691972
350
F8
  3
100691973
350
376
  3
100691974
350
212
  3
100728832
350
33B
  3
100728833
350
1E1
  3
100728834
350
8F
  3
100728835
350
315
  3
100728836
350
1BB
  3
100728837
350
43B
  3
100728838
350
2DF
  3
100732928
350
B7
  3
100732929
350
33C
  3
100732930
350
1E2
  3
100732931
350
90
  3
100732932
350
316
  3
100732933
350
1BC
  3
100732934
350
43C
  3
100737024
350
213
  3
100737025
350
B8
  3
100737026
350
33D
  3
100737027
350
1E3
  3
100737028
350
91
  3
100737029
350
317
  3
100737030
350
1BD
  3
100741120
350
377
  3
100741121
350
214
  3
100741122
350
B9
  3
100741123
350
33E
  3
100741124
350
1E4
  3
100741125
350
92
  3
100741126
350
318
  3
100745216
350
F9
  3
100745217
350
378
  3
100745218
350
215
  3
100745219
350
BA
  3
100745220
350
33F
  3
100745221
350
1E5
  3
100745222
350
93
  3
100749312
350
25A
  3
100749313
350
FA
  3
100749314
350
379
  3
100749315
350
216
  3
100749316
350
BB
  3
100749317
350
340
  3
100749318
350
1E6
  3
100753408
350
3C1
  3
100753409
350
25B
  3
100753410
350
FB
  3
100753411
350
37A
  3
100753412
350
217
  3
100753413
350
BC
  3
100753414
350
341
  3
100794368
350
1E7
  3
100794369
350
94
  3
100794370
350
319
  3
100794371
350
1BE
  3
100794372
350
43D
  3
100794373
350
2E0
  3
100794374
350
183
  3
100798464
350
342
  3
100798465
350
1E8
  3
100798466
350
95
  3
100798467
350
31A
  3
100798468
350
1BF
  3
100798469
350
43E
  3
100798470
350
2E1
  3
100802560
350
BD
  3
100802561
350
343
  3
100802562
350
1E9
  3
100802563
350
96
  3
100802564
350
31B
  3
100802565
350
1C0
  3
100802566
350
43F
  3
100806656
350
218
  3
100806657
350
BE
  3
100806658
350
344
  3
100806659
350
1EA
  3
100806660
350
97
  3
100806661
350
31C
  3
100806662
350
1C1
  3
100859904
350
2A3
  3
100859905
350
147
  3
100859906
350
3C2
  3
100859907
350
25C
  3
100859908
350
FC
  3
100859909
350
37B
  3
100859910
350
219
  3
100859911
350
BF
  3
100859912
350
345
  3
100864000
350
403
  3
100864001
350
2A4
  3
100864002
350
148
  3
100864003
350
3C3
  3
100864004
350
25D
  3
100868096
350
184
  3
100868097
350
404
  3
100868098
350
2A5
  3
100868099
350
149
  3
100868100
350
3C4
  3
100872192
350
2E2
  3
100872193
350
185
  3
100876288
350
440
  3
100876289
350
2E3
  3
100876290
350
186
  3
100876291
350
405
  3
100876292
350
2A6
  3
100876293
350
14A
  3
100876294
350
3C5
  3
100925440
350
14B
  3
100925441
350
3C6
  3
100925442
350
25E
  3
100925443
350
FD
  3
100925444
350
37C
  3
100925445
350
21A
  3
100925446
350
C0
  3
100929536
350
2A7
  3
100929537
350
14C
  3
100929538
350
3C7
  3
100929539
350
25F
  3
100929540
350
FE
  3
100929541
350
37D
  3
100933632
350
406
  3
100933633
350
2A8
  3
100933634
350
14D
  3
100933635
350
3C8
  3
100933636
350
260
  3
100933637
350
FF
  3
100937728
350
187
  3
100937729
350
407
  3
100937730
350
2A9
  3
100941824
350
100
  3
100941825
350
37E
  3
100941826
350
21B
  3
100945920
350
261
  3
100945921
350
101
  3
100945922
350
37F
  3
100945923
350
21C
  3
100945924
350
C1
  3
100950016
350
3C9
  3
100950017
350
262
  3
100950018
350
102
  3
100950019
350
380
  3
100954112
350
14E
  3
100954113
350
3CA
  3
100954114
350
263
  3
100954115
350
103
  3
100958208
350
2AA
  3
100958209
350
14F
  3
100958210
350
3CB
  3
100958211
350
264
  3
100958212
350
104
  3
12288
350
C9
  3
131072
350
38E
  3
131073
350
228
  3
131074
350
CA
  3
131075
350
34D
  3
131076
350
1F1
  3
131077
350
9D
  3
131078
350
320
  3
131079
350
1C4
  3
131080
350
6B
  3
131081
350
2EC
  3
131082
350
191
  3
131083
350
411
  3
131084
350
2B5
  3
135168
350
112
  3
135169
350
38F
  3
135170
350
229
  3
135171
350
CB
  3
135172
350
34E
  3
135173
350
1F2
  3
135174
350
9E
  3
135175
350
321
  3
135176
350
1C5
  3
135177
350
6C
  3
135178
350
2ED
  3
135179
350
192
  3
139264
350
273
  3
139265
350
113
  3
139266
350
390
  3
139267
350
22A
  3
139268
350
CC
  3
139269
350
34F
  3
139270
350
1F3
  3
139271
350
9F
  3
139272
350
322
  3
143360
350
3DB
  3
143361
350
274
  3
143362
350
114
  3
143363
350
391
  3
143364
350
22B
  3
143365
350
CD
  3
143366
350
350
  3
143367
350
1F4
  3
16384
350
227
  3
184549376
350
2E4
  3
184549377
350
188
  3
184549378
350
408
  3
184549379
350
2AB
  3
184549380
350
150
  3
184549381
350
3CC
  3
184549382
350
265
  3
196608
350
22C
  3
196609
350
CE
  3
196610
350
351
  3
196611
350
1F5
  3
196612
350
A0
  3
196613
350
323
  3
196614
350
1C6
  3
196615
350
6D
  3
196616
350
2EE
  3
196617
350
193
  3
200704
350
392
  3
200705
350
22D
  3
200706
350
CF
  3
200707
350
352
  3
200708
350
1F6
  3
200709
350
A1
  3
200710
350
324
  3
200711
350
1C7
  3
200712
350
6E
  3
200713
350
2EF
  3
20480
350
38D
  3
2097152
350
12D
  3
2097153
350
3A8
  3
2097154
350
241
  3
2097155
350
E1
  3
2097156
350
363
  3
2097157
350
202
  3
2097158
350
AC
  3
2097159
350
32F
  3
2101248
350
28D
  3
2101249
350
12E
  3
2101250
350
3A9
  3
2101251
350
242
  3
2101252
350
E2
  3
2101253
350
364
  3
2101254
350
203
  3
2101255
350
AD
  3
2105344
350
3F4
  3
2105345
350
28E
  3
2105346
350
12F
  3
2105347
350
3AA
  3
2105348
350
243
  3
2105349
350
E3
  3
2105350
350
365
  3
2105351
350
204
  3
2113536
350
2D0
  3
2113537
350
175
  3
2113538
350
3F5
  3
2113539
350
28F
  3
2113540
350
130
  3
2113541
350
3AB
  3
2113542
350
244
  3
2113543
350
E4
  3
2113544
350
366
  3
2117632
350
42A
  3
2117633
350
2D1
  3
2117634
350
176
  3
2117635
350
3F6
  3
2117636
350
290
  3
2117637
350
131
  3
2117638
350
3AC
  3
2117639
350
245
  3
2117640
350
E5
  3
2162688
350
3AD
  3
2162689
350
246
  3
2162690
350
E6
  3
2162691
350
367
  3
2162692
350
205
  3
2166784
350
132
  3
2166785
350
3AE
  3
2166786
350
247
  3
2166787
350
E7
  3
2166788
350
368
  3
2166789
350
206
  3
2166790
350
AE
  3
2166791
350
330
  3
2228224
350
7F
  3
2228225
350
304
  3
2228226
350
1A9
  3
2228227
350
42B
  3
2228228
350
2D2
  3
2228229
350
177
  3
2228230
350
3F7
  3
2228231
350
291
  3
2228232
350
133
  3
2228233
350
3AF
  3
2228234
350
248
  3
2228235
350
E8
  3
2228236
350
369
  3
2228237
350
207
  3
2232320
350
1D3
  3
2232321
350
80
  3
2232322
350
305
  3
2232323
350
1AA
  3
2232324
350
42C
  3
2232325
350
2D3
  3
2232326
350
178
  3
2232327
350
3F8
  3
2236416
350
331
  3
2236417
350
1D4
  3
2236418
350
81
  3
2236419
350
306
  3
2236420
350
1AB
  3
2236421
350
42D
  3
2240512
350
AF
  3
2240513
350
332
  3
2240514
350
1D5
  3
2240515
350
82
  3
2240516
350
307
  3
2240517
350
1AC
  3
2240518
350
42E
  3
2240519
350
2D4
  3
2240520
350
179
  3
2240521
350
3F9
  3
2240522
350
292
  3
2240523
350
134
  3
2293760
350
308
  3
2293761
350
1AD
  3
2293762
350
42F
  3
2293763
350
2D5
  3
2293764
350
17A
  3
2297856
350
83
  3
2297857
350
309
  3
2297858
350
1AE
  3
2297859
350
430
  3
2297860
350
2D6
  3
2297861
350
17B
  3
2297862
350
3FA
  3
2297863
350
293
  3
234881024
350
105
  3
234881025
350
381
  3
234881026
350
21D
  3
234881027
350
C2
  3
234881028
350
346
  3
234881029
350
1EB
  3
234881030
350
98
  3
234881031
350
31D
  3
234881032
350
1C2
  3
234881033
350
441
  3
234885120
350
266
  3
234885121
350
106
  3
234885122
350
382
  3
234885123
350
21E
  3
234885124
350
C3
  3
234885125
350
347
  3
234885126
350
1EC
  3
234885127
350
99
  3
234885128
350
31E
  3
234885129
350
1C3
  3
234889216
350
3CD
  3
234889217
350
267
  3
234889218
350
107
  3
234889219
350
383
  3
234889222
350
348
  3
234889223
350
1ED
  3
234889224
350
9A
  3
234889225
350
31F
  3
234893312
350
151
  3
234893313
350
3CE
  3
234893314
350
268
  3
234893315
350
108
  3
234893316
350
384
  3
234893317
350
21F
  3
234893318
350
C4
  3
234893319
350
349
  3
234893320
350
1EE
  3
234893321
350
9B
  3
234897408
350
2AC
  3
234897409
350
152
  3
234897410
350
3CF
  3
234897411
350
269
  3
234897412
350
109
  3
234897413
350
385
  3
234897414
350
220
  3
234897415
350
C5
  3
234897416
350
34A
  3
234897417
350
1EF
  3
234901504
350
409
  3
234901505
350
2AD
  3
234901506
350
153
  3
234901507
350
3D0
  3
234901510
350
386
  3
234901511
350
221
  3
234901512
350
C6
  3
234901513
350
34B
  3
234905600
350
189
  3
234905601
350
40A
  3
234905602
350
2AE
  3
234905603
350
154
  3
234905604
350
3D1
  3
234905605
350
26A
  3
234905606
350
10A
  3
234905607
350
387
  3
234905608
350
222
  3
234905609
350
C7
  3
234909696
350
2E5
  3
234909697
350
18A
  3
234909698
350
40B
  3
234909699
350
2AF
  3
234909700
350
155
  3
234909701
350
3D2
  3
234909702
350
26B
  3
234909703
350
10B
  3
234909704
350
388
  3
234909705
350
223
  3
234913792
350
442
  3
234913793
350
2E6
  3
234913794
350
18B
  3
234913795
350
40C
  3
234913796
350
2B0
  3
234913797
350
156
  3
234913798
350
3D3
  3
234913799
350
26C
  3
234913800
350
10C
  3
234913801
350
389
  3
24576
350
111
  3
262144
350
2F0
  3
262145
350
194
  3
262146
350
412
  3
262147
350
2B6
  3
262148
350
15D
  3
262149
350
3DC
  3
262150
350
275
  3
262151
350
115
  3
262152
350
393
  3
262153
350
22E
  3
262154
350
D0
  3
262155
350
353
  3
262156
350
1F7
  3
262157
350
A2
  3
262158
350
325
  3
262159
350
1C8
  3
266240
350
6F
  3
266241
350
2F1
  3
266242
350
195
  3
266243
350
413
  3
266244
350
2B7
  3
266245
350
15E
  3
266246
350
3DD
  3
266247
350
276
  3
266248
350
116
  3
266249
350
394
  3
266250
350
22F
  3
266251
350
D1
  3
266252
350
354
  3
266253
350
1F8
  3
266254
350
A3
  3
270336
350
1C9
  3
270337
350
70
  3
270338
350
2F2
  3
270339
350
196
  3
270340
350
414
  3
274432
350
326
  3
274433
350
1CA
  3
274434
350
71
  3
274435
350
2F3
  3
274436
350
197
  3
278528
350
A4
  3
278529
350
327
  3
278530
350
1CB
  3
278531
350
72
  3
278532
350
2F4
  3
282624
350
1F9
  3
282625
350
A5
  3
282626
350
328
  3
282627
350
1CC
  3
282628
350
73
  3
282629
350
2F5
  3
282630
350
198
  3
28672
350
271
  3
286720
350
355
  3
286721
350
1FA
  3
286722
350
A6
  3
286723
350
329
  3
286724
350
1CD
  3
286725
350
74
  3
286726
350
2F6
  3
32768
350
3D9
  3
327680
350
199
  3
327681
350
415
  3
327682
350
2B8
  3
327683
350
15F
  3
327684
350
3DE
  3
327685
350
277
  3
327686
350
117
  3
327687
350
395
  3
327688
350
230
  3
327689
350
D2
  3
327690
350
356
  3
331776
350
2F7
  3
331777
350
19A
  3
331778
350
416
  3
331779
350
2B9
  3
331780
350
160
  3
331781
350
3DF
  3
331782
350
278
  3
331783
350
118
  3
331784
350
396
  3
335872
350
75
  3
335873
350
2F8
  3
335874
350
19B
  3
335875
350
417
  3
335876
350
2BA
  3
335877
350
161
  3
335878
350
3E0
  3
335879
350
279
  3
335880
350
119
  3
352321536
350
157
  3
352321537
350
3D4
  3
352321538
350
26D
  3
352321539
350
10D
  3
352321540
350
38A
  3
352321541
350
224
  3
352325632
350
2B1
  3
352325633
350
158
  3
352325634
350
3D5
  3
352325635
350
26E
  3
352325636
350
10E
  3
352325637
350
38B
  3
352325638
350
225
  3
352325639
350
C8
  3
352329728
350
40D
  3
352329729
350
2B2
  3
352329730
350
159
  3
352329731
350
3D6
  3
352329732
350
26F
  3
352329733
350
10F
  3
352329734
350
38C
  3
352329735
350
226
  3
352333824
350
18C
  3
352333825
350
40E
  3
352333826
350
2B3
  3
352333827
350
15A
  3
352333828
350
3D7
  3
352333829
350
270
  3
352333830
350
110
  3
352337920
350
2E7
  3
352337921
350
18D
  3
352337922
350
40F
  3
352337923
350
2B4
  3
352337924
350
15B
  3
352337925
350
3D8
  3
352342016
350
443
  3
352342017
350
2E8
  3
36864
350
15C
  3
36865
350
3DA
  3
36866
350
272
  3
369139712
350
18E
  3
369143808
350
2E9
  3
393216
350
231
  3
393217
350
D3
  3
393218
350
357
  3
393219
350
1FB
  3
393220
350
A7
  3
393221
350
32A
  3
397312
350
397
  3
397313
350
232
  3
397314
350
D4
  3
397315
350
358
  3
397316
350
1FC
  3
397317
350
A8
  3
397318
350
32B
  3
397319
350
1CE
  3
397320
350
76
  3
397321
350
2F9
  3
4096
350
1F0
  3
458752
350
D5
  3
458753
350
359
  3
458754
350
1FD
  3
458755
350
A9
  3
458756
350
32C
  3
458757
350
1CF
  3
458758
350
77
  3
458759
350
2FA
  3
458760
350
19C
  3
458761
350
418
  3
458762
350
2BB
  3
458763
350
162
  3
458764
350
3E1
  3
458765
350
27A
  3
462848
350
233
  3
462849
350
D6
  3
462850
350
35A
  3
462851
350
1FE
  3
462852
350
AA
  3
462853
350
32D
  3
462854
350
1D0
  3
462855
350
78
  3
50331648
350
79
  3
50331649
350
2FB
  3
50331650
350
19D
  3
50331651
350
419
  3
50331652
350
2BC
  3
50335744
350
1D1
  3
50335745
350
7A
  3
50335746
350
2FC
  3
50335747
350
19E
  3
50335748
350
41A
  3
50397184
350
11A
  3
50397185
350
398
  3
50397186
350
234
  3
50397187
350
D7
  3
50397188
350
35B
  3
50401280
350
27B
  3
50401281
350
11B
  3
50401282
350
399
  3
50401283
350
235
  3
50401284
350
D8
  3
50462720
350
39A
  3
50462721
350
236
  3
50462722
350
D9
  3
50462723
350
35C
  3
50462724
350
1FF
  3
50466816
350
11C
  3
50466817
350
39B
  3
50466818
350
237
  3
50466819
350
DA
  3
50466820
350
35D
  3
50528256
350
7B
  3
50528257
350
2FD
  3
50528258
350
19F
  3
50528259
350
41B
  3
50528260
350
2BD
  3
50593792
350
2FE
  3
50593793
350
1A0
  3
50593794
350
41C
  3
50593795
350
2BE
  3
50593796
350
163
  3
50597888
350
7C
  3
50597889
350
2FF
  3
50597890
350
1A1
  3
50597891
350
41D
  3
50597892
350
2BF
  3
50601984
350
3E2
  3
50601985
350
27C
  3
50601986
350
11D
  3
50601987
350
39C
  3
50601988
350
238
  3
50606080
350
164
  3
50606081
350
3E3
  3
50606082
350
27D
  3
50606083
350
11E
  3
50606084
350
39D
  3
50610176
350
2C0
  3
50610177
350
165
  3
50610178
350
3E4
  3
50610179
350
27E
  3
50610180
350
11F
  3
50614272
350
41E
  3
50614273
350
2C1
  3
50614274
350
166
  3
50614275
350
3E5
  3
50614276
350
27F
  3
50618368
350
1A2
  3
50618369
350
41F
  3
50618370
350
2C2
  3
50618371
350
167
  3
50618372
350
3E6
  3
50622464
350
300
  3
50622465
350
1A3
  3
50622466
350
420
  3
50622467
350
2C3
  3
50622468
350
168
  3
50626560
350
7D
  3
50626561
350
301
  3
50626562
350
1A4
  3
50626563
350
421
  3
50626564
350
2C4
  3
50860032
350
121
  3
50860033
350
39E
  3
50860034
350
239
  3
50860035
350
DB
  3
50860036
350
35E
  3
50864128
350
281
  3
50864129
350
122
  3
50864130
350
39F
  3
50864131
350
23A
  3
50864132
350
DC
  3
50868224
350
3E8
  3
50868225
350
282
  3
50868226
350
123
  3
50868227
350
3A0
  3
50868228
350
23B
  3
50872320
350
16A
  3
50872321
350
3E9
  3
50872322
350
283
  3
50872323
350
124
  3
50872324
350
3A1
  3
50876416
350
2C6
  3
50876417
350
16B
  3
50876418
350
3EA
  3
50876419
350
284
  3
50876420
350
125
  3
50880512
350
423
  3
50880513
350
2C7
  3
50880514
350
16C
  3
50880515
350
3EB
  3
50880516
350
285
  3
50884608
350
1A6
  3
50884609
350
424
  3
50884610
350
2C8
  3
50884611
350
16D
  3
50884612
350
3EC
  3
50888704
350
302
  3
50888705
350
1A7
  3
50888706
350
425
  3
50888707
350
2C9
  3
50888708
350
16E
  3
50925568
350
3A2
  3
50925569
350
23C
  3
50925570
350
DD
  3
50925571
350
35F
  3
50925572
350
200
  3
50929664
350
127
  3
50929665
350
3A3
  3
50929666
350
23D
  3
50929667
350
DE
  3
50929668
350
360
  3
50933760
350
287
  3
50933761
350
128
  3
50933762
350
3A4
  3
50933763
350
23E
  3
50933764
350
DF
  3
50937856
350
3EE
  3
50937857
350
288
  3
50937858
350
129
  3
50937859
350
3A5
  3
50937860
350
23F
  3
50941952
350
170
  3
50941953
350
3EF
  3
50941954
350
289
  3
50941955
350
12A
  3
50941956
350
3A6
  3
50946048
350
2CB
  3
50946049
350
171
  3
50946050
350
3F0
  3
50946051
350
28A
  3
50946052
350
12B
  3
50950144
350
427
  3
50950145
350
2CC
  3
50950146
350
172
  3
50950147
350
3F1
  3
50950148
350
28B
  3
50954240
350
1A8
  3
50954241
350
428
  3
50954242
350
2CD
  3
50954243
350
173
  3
50954244
350
3F2
  3
524288
350
1A5
  3
524289
350
422
  3
524290
350
2C5
  3
524291
350
169
  3
524292
350
3E7
  3
524293
350
280
  3
524294
350
120
  3
589824
350
426
  3
589825
350
2CA
  3
589826
350
16F
  3
589827
350
3ED
  3
589828
350
286
  3
589829
350
126
  3
65536
350
2EA
  3
655360
350
E0
  3
655361
350
361
  3
65537
350
18F
  3
65538
350
410
  3
69468160
350
1D6
  3
69468161
350
84
  3
69468162
350
30A
  3
69468163
350
1AF
  3
69468164
350
431
  3
69472256
350
333
  3
69472257
350
1D7
  3
69472258
350
85
  3
69472259
350
30B
  3
69472260
350
1B0
  3
69472261
350
432
  3
69472262
350
2D7
  3
69472263
350
17C
  3
69533696
350
294
  3
69533697
350
135
  3
69533698
350
3B0
  3
69533699
350
249
  3
69533700
350
E9
  3
69533701
350
36A
  3
69533702
350
208
  3
69533703
350
B0
  3
69533704
350
334
  3
69533705
350
1D8
  3
69533706
350
86
  3
69533707
350
30C
  3
69533708
350
1B1
  3
69533709
350
433
  3
69533710
350
2D8
  3
69537792
350
3FB
  3
69537793
350
295
  3
69537794
350
136
  3
69537795
350
3B1
  3
69537796
350
24A
  3
69537797
350
EA
  3
69537798
350
36B
  3
69537799
350
209
  3
69599232
350
137
  3
69599233
350
3B2
  3
69599234
350
24B
  3
69599235
350
EB
  3
69599236
350
36C
  3
69603328
350
296
  3
69603329
350
138
  3
69603330
350
3B3
  3
69603331
350
24C
  3
69603332
350
EC
  3
69603333
350
36D
  3
69603334
350
20A
  3
69603335
350
B1
  3
69632
350
69
  3
69633
350
2EB
  3
69634
350
190
  3
69664768
350
1D9
  3
69664769
350
87
  3
69664770
350
30D
  3
69664771
350
1B2
  3
69668864
350
335
  3
69668865
350
1DA
  3
69668866
350
88
  3
69668867
350
30E
  3
69668868
350
1B3
  3
720896
350
362
  3
720897
350
201
  3
720898
350
AB
  3
720899
350
32E
  3
720900
350
1D2
  3
720901
350
7E
  3
720902
350
303
  3
786432
350
429
  3
786433
350
2CE
  3
8192
350
34C
  3
83886080
350
297
  3
83886081
350
139
  3
83886082
350
3B4
  3
83886083
350
24D
  3
83886084
350
ED
  3
83890176
350
3FC
  3
83890177
350
298
  3
83890178
350
13A
  3
83890179
350
3B5
  3
83890180
350
24E
  3
83890181
350
EE
  3
83890182
350
36E
  3
83890183
350
20B
  3
83951616
350
336
  3
83951617
350
1DB
  3
83951618
350
89
  3
83951619
350
30F
  3
83951620
350
1B4
  3
83955712
350
B2
  3
83955713
350
337
  3
83955714
350
1DC
  3
83955715
350
8A
  3
83955716
350
310
  3
83955717
350
1B5
  3
83955718
350
434
  3
83955719
350
2D9
  3
84017152
350
1DD
  3
84017153
350
8B
  3
84017154
350
311
  3
84017155
350
1B6
  3
84017156
350
435
  3
84021248
350
338
  3
84021249
350
1DE
  3
84021250
350
8C
  3
84021251
350
312
  3
84021252
350
1B7
  3
84021253
350
436
  3
84021254
350
2DA
  3
84021255
350
17D
  3
84082688
350
299
  3
84082689
350
13B
  3
84082690
350
3B6
  3
84082691
350
24F
  3
84082692
350
EF
  3
84086784
350
3FD
  3
84086785
350
29A
  3
84086786
350
13C
  3
84086787
350
3B7
  3
84086788
350
250
  3
84086789
350
F0
  3
84086790
350
36F
  3
84086791
350
20C
  3
84148224
350
13D
  3
84148225
350
3B8
  3
84148226
350
251
  3
84148227
350
F1
  3
84148228
350
370
  3
84152320
350
29B
  3
84152321
350
13E
  3
84152322
350
3B9
  3
84152323
350
252
  3
84152324
350
F2
  3
84152325
350
371
  3
84152326
350
20D
  3
84152327
350
B3
  3
84213760
350
1DF
  3
84213761
350
8D
  3
84213762
350
313
  3
84213763
350
1B8
  3
84213764
350
437
  3
84217856
350
339
  3
84217857
350
1E0
  3
84217858
350
8E
  3
84217859
350
314
  3
84217860
350
1B9
  3
84217861
350
438
  3
84217862
350
2DB
  3
84217863
350
17E
  3
851968
350
2CF
  3
851969
350
174
  3
851970
350
3F3
  3
851971
350
28C
  3
851972
350
12C
  3
851973
350
3A7
  3
851974
350
240
  0
DICTIONARY
  5
485
102
{ACAD_REACTORS
330
A
102
}
330
A
100
AcDbDictionary
281
     1
  3
24576
350
488
  3
24577
350
494
  3
24578
350
48E
  3
24579
350
487
  3
24580
350
493
  3
24581
350
48D
  3
24582
350
486
  3
24583
350
492
  3
24584
350
48C
  3
24585
350
497
  3
24586
350
491
  3
24587
350
48B
  3
24588
350
496
  3
24589
350
490
  3
24590
350
48A
  3
24591
350
495
  3
24592
350
48F
  3
24593
350
489
  0
DICTIONARY
  5
453
102
{ACAD_REACTORS
330
A
102
}
330
A
100
AcDbDictionary
281
     1
  3
12288
350
456
  3
12289
350
467
  3
12290
350
45E
  3
12291
350
454
  3
12292
350
465
  3
12293
350
45C
  3
12294
350
46C
  3
12295
350
463
  3
12296
350
45A
  3
12297
350
46B
  3
12298
350
462
  3
12299
350
459
  3
12300
350
46A
  3
12301
350
461
  3
12302
350
458
  3
12303
350
469
  3
12304
350
460
  3
12305
350
457
  3
12306
350
468
  3
12307
350
45F
  3
12308
350
455
  3
12309
350
466
  3
12310
350
45D
  3
12311
350
46D
  3
12312
350
464
  3
12313
350
45B
  0
DICTIONARY
  5
44C
102
{ACAD_REACTORS
330
A
102
}
330
A
100
AcDbDictionary
281
     1
  3
4096
350
44F
  3
4097
350
44D
  3
4098
350
451
  3
4099
350
44E
  3
4100
350
452
  3
4101
350
450
  0
DICTIONARY
  5
444
102
{ACAD_REACTORS
330
A
102
}
330
A
100
AcDbDictionary
281
     1
  3
8192
350
44A
  3
8193
350
447
  3
8194
350
445
  3
8195
350
449
  3
8196
350
446
  3
8197
350
44B
  3
8198
350
448
  0
DICTIONARY
  5
B
330
A
100
AcDbDictionary
281
     1
  0
DICTIONARY
  5
4F
102
{ACAD_REACTORS
330
A
102
}
330
A
100
AcDbDictionary
280
     1
281
     1
  0
DICTIONARY
  5
C
330
A
100
AcDbDictionary
281
     1
  0
DICTIONARY
  5
D
330
A
100
AcDbDictionary
281
     1
  3
Layout1
350
1E
  3
Model
350
1A
  0
DICTIONARY
  5
E
330
A
100
AcDbDictionary
281
     1
  3
ByBlock
350
1F
  3
ByLayer
350
20
  3
Global
350
21
  0
DICTIONARY
  5
F
330
A
100
AcDbDictionary
281
     1
  3
Standard
350
2C
  0
DICTIONARY
  5
10
330
A
100
AcDbDictionary
281
     1
  3
Standard
350
22
  0
DICTIONARY
  5
11
330
A
100
AcDbDictionary
281
     1
  0
ACDBDICTIONARYWDFLT
  5
12
330
A
100
AcDbDictionary
281
     1
  3
Normal
350
13
100
AcDbDictionaryWithDefault
340
13
  0
DICTIONARY
  5
14
330
A
100
AcDbDictionary
281
     1
  3
A0
350
50
  3
A1
350
51
  3
A2
350
52
  3
A3
350
53
  3
A4
350
54
  3
A5
350
55
  3
A6
350
56
  3
A7
350
57
  3
A8
350
58
  3
A9
350
59
  3
B0
350
5A
  3
B1
350
5B
  3
B2
350
5C
  3
B3
350
5D
  3
B4
350
5E
  3
B5
350
5F
  3
B6
350
60
  0
DICTIONARY
  5
15
330
A
100
AcDbDictionary
281
     1
  3
Standard
350
4E
  0
DICTIONARY
  5
16
330
A
100
AcDbDictionary
281
     1
  3
2dWireframe
350
3A
  3
Basic
350
3D
  3
Brighten
350
41
  3
ColorChange
350
45
  3
Conceptual
350
3F
  3
Dim
350
40
  3
EdgeColorOff
350
48
  3
Facepattern
350
44
  3
Flat
350
36
  3
FlatWithEdges
350
37
  3
Gouraud
350
38
  3
GouraudWithEdges
350
39
  3
Hidden
350
3C
  3
JitterOff
350
46
  3
Linepattern
350
43
  3
OverhangOff
350
47
  3
Realistic
350
3E
  3
Shaded
350
4D
  3
Shaded with edges
350
4C
  3
Shades of Gray
350
49
  3
Sketchy
350
4A
  3
Thicken
350
42
  3
Wireframe
350
3B
  3
X-Ray
350
4B
  0
XRECORD
  5
572
102
{ACAD_REACTORS
330
A
102
}
330
A
100
AcDbXrecord
280
     1
 90
        1
330
4E
  0
DICTIONARY
  5
4C7
102
{ACAD_REACTORS
330
A
102
}
330
A
100
AcDbDictionary
281
     1
  3
CANNOSCALE
350
4CD
  3
CENTEREXE
350
4CB
  3
CENTERLTYPEFILE
350
4CC
  3
CMLEADERSTYLE
350
4C9
  3
CTABLESTYLE
350
4C8
  3
DGNFRAME
350
4CA
  0
DICTIONARY
  5
2D
330
A
100
AcDbDictionary
280
     1
281
     1
  3
CREATED_BY_EZDXF
360
2E
  3
WRITTEN_BY_EZDXF
360
35
  0
DICTIONARY
  5
63
102
{ACAD_REACTORS
330
A
102
}
330
A
100
AcDbDictionary
281
     1
  3
IRecord
350
64
  0
TCH_DBCONFIG
  5
62
102
{ACAD_REACTORS
330
A
102
}
330
A
100
TDbConfig
  0
DICTIONARY
  5
65
102
{ACAD_REACTORS
330
A
102
}
330
A
100
AcDbDictionary
281
     1
  3
CurStateLayer
350
67
  3
Version
350
66
  0
SORTENTSTABLE
  5
50F
102
{ACAD_REACTORS
330
50E
102
}
330
50E
100
AcDbSortentsTable
330
17
  0
XRECORD
  5
475
102
{ACAD_REACTORS
330
46E
102
}
330
46E
100
AcDbXrecord
280
     1
1001
a
1071
        1
1071
    16384
1000
MidMouse
1000
1
1000
鼠标中键
  0
XRECORD
  5
470
102
{ACAD_REACTORS
330
46E
102
}
330
46E
100
AcDbXrecord
280
     1
1001
a
1071
        1
1071
    16385
1000
KeyZoom
1000
1.25
1000
热键缩放幅度
  0
XRECORD
  5
47A
102
{ACAD_REACTORS
330
46E
102
}
330
46E
100
AcDbXrecord
280
     1
1001
a
1071
        1
1071
    16386
1000
ScrolZoom
1000
1.25
1000
滚轮缩放幅度
  0
XRECORD
  5
474
102
{ACAD_REACTORS
330
46E
102
}
330
46E
100
AcDbXrecord
280
     1
1001
a
1071
        1
1071
    16387
1000
BLipMode
1000
0
1000
显示十字标志
  0
XRECORD
  5
46F
102
{ACAD_REACTORS
330
46E
102
}
330
46E
100
AcDbXrecord
280
     1
1001
a
1071
        1
1071
    16388
1000
ShortCut
1000
1
1000
显示快捷工具栏
  0
XRECORD
  5
479
102
{ACAD_REACTORS
330
46E
102
}
330
46E
100
AcDbXrecord
280
     1
1001
a
1071
        1
1071
    16389
1000
DocSheet
1000
1
1000
显示多页图签
  0
XRECORD
  5
473
102
{ACAD_REACTORS
330
46E
102
}
330
46E
100
AcDbXrecord
280
     1
1001
a
1071
        1
1071
    16390
1000
ScreenMenu
1000
1
1000
显示屏幕菜单
  0
XRECORD
  5
47D
102
{ACAD_REACTORS
330
46E
102
}
330
46E
100
AcDbXrecord
280
     1
1001
a
1071
        1
1071
    16391
1000
GroupSwitch
1000
0
1000
组开关
  0
XRECORD
  5
478
102
{ACAD_REACTORS
330
46E
102
}
330
46E
100
AcDbXrecord
280
     1
1001
a
1071
        1
1071
    16392
1000
RButtonMenu
1000
0
1000
右键菜单
  0
XRECORD
  5
472
102
{ACAD_REACTORS
330
46E
102
}
330
46E
100
AcDbXrecord
280
     1
1001
a
1071
        1
1071
    16393
1000
RBtnTssdMenu
1000
6
1000
右键Tssd菜单
  0
XRECORD
  5
47C
102
{ACAD_REACTORS
330
46E
102
}
330
46E
100
AcDbXrecord
280
     1
1001
a
1071
        1
1071
    16394
1000
RBtnCADMenu
1000
11
1000
右键CAD菜单
  0
XRECORD
  5
477
102
{ACAD_REACTORS
330
46E
102
}
330
46E
100
AcDbXrecord
280
     1
1001
a
1071
        1
1071
    16395
1000
TssdClip
1000
1
1000
Tssd剪贴板
  0
XRECORD
  5
471
102
{ACAD_REACTORS
330
46E
102
}
330
46E
100
AcDbXrecord
280
     1
1001
a
1071
        1
1071
    16396
1000
TssdClkEdt
1000
0
1000
Tssd双击编辑
  0
XRECORD
  5
47B
102
{ACAD_REACTORS
330
46E
102
}
330
46E
100
AcDbXrecord
280
     1
1001
a
1071
        1
1071
    16397
1000
TssdRelRein
1000
0
1000
实时显示钢筋
  0
XRECORD
  5
476
102
{ACAD_REACTORS
330
46E
102
}
330
46E
100
AcDbXrecord
280
     1
1001
a
1071
        1
1071
    16398
1000
TssdReinAssis
1000
0
1000
选配筋表助手
  0
XRECORD
  5
4A0
102
{ACAD_REACTORS
330
498
102
}
330
498
100
AcDbXrecord
280
     1
1001
a
1071
        1
1071
    28672
1000
DIMBLK
1000
0
1000
尺寸块名
  0
XRECORD
  5
49B
102
{ACAD_REACTORS
330
498
102
}
330
498
100
AcDbXrecord
280
     1
1001
a
1071
        1
1071
    28673
1000
DIMDLE
1000
1.0
1000
两则出头
  0
XRECORD
  5
4A4
102
{ACAD_REACTORS
330
498
102
}
330
498
100
AcDbXrecord
280
     1
1001
a
1071
        1
1071
    28674
1000
DIMEXE
1000
1.0
1000
下则出头
  0
XRECORD
  5
49F
102
{ACAD_REACTORS
330
498
102
}
330
498
100
AcDbXrecord
280
     1
1001
a
1071
        1
1071
    28675
1000
DIMEXO
1000
2.5
1000
基准距离
  0
XRECORD
  5
49A
102
{ACAD_REACTORS
330
498
102
}
330
498
100
AcDbXrecord
280
     1
1001
a
1071
        1
1071
    28676
1000
DIMTXT
1000
3.0
1000
文字高度
  0
XRECORD
  5
4A3
102
{ACAD_REACTORS
330
498
102
}
330
498
100
AcDbXrecord
280
     1
1001
a
1071
        1
1071
    28677
1000
DIMCLRT
1000
7
1000
字体颜色
  0
XRECORD
  5
49E
102
{ACAD_REACTORS
330
498
102
}
330
498
100
AcDbXrecord
280
     1
1001
a
1071
        1
1071
    28678
1000
DIMARWLEN
1000
2.5
1000
标注箭头长度
  0
XRECORD
  5
499
102
{ACAD_REACTORS
330
498
102
}
330
498
100
AcDbXrecord
280
     1
1001
a
1071
        1
1071
    28679
1000
DIMARWWID
1000
0.658
1000
标注箭头宽度
  0
XRECORD
  5
4A2
102
{ACAD_REACTORS
330
498
102
}
330
498
100
AcDbXrecord
280
     1
1001
a
1071
        1
1071
    28680
1000
DIMLINLEN
1000
2
1000
标注粗斜线长度
  0
XRECORD
  5
49D
102
{ACAD_REACTORS
330
498
102
}
330
498
100
AcDbXrecord
280
     1
1001
a
1071
        1
1071
    28681
1000
DIMLINWID
1000
0.5
1000
标注粗斜线宽度
  0
XRECORD
  5
4A5
102
{ACAD_REACTORS
330
498
102
}
330
498
100
AcDbXrecord
280
     1
1001
a
1071
        1
1071
    28682
1000
DIMLINTNLEN
1000
2
1000
标注细斜线长度
  0
XRECORD
  5
4A1
102
{ACAD_REACTORS
330
498
102
}
330
498
100
AcDbXrecord
280
     1
1001
a
1071
        1
1071
    28683
1000
DIMDOTDIM
1000
0.4
1000
标注圆点直径
  0
XRECORD
  5
49C
102
{ACAD_REACTORS
330
498
102
}
330
498
100
AcDbXrecord
280
     1
1001
a
1071
        1
1071
    28684
1000
DIMASSOC
1000
1
1000
新标注关联
  0
XRECORD
  5
4C1
102
{ACAD_REACTORS
330
4A6
102
}
330
4A6
100
AcDbXrecord
280
     1
1001
a
1071
        1
1071
    32768
1000
Basehtsyjj
1000
1.0
1000
绘图示意间距(mm)
  0
XRECORD
  5
4B6
102
{ACAD_REACTORS
330
4A6
102
}
330
4A6
100
AcDbXrecord
280
     1
1001
a
1071
        1
1071
    32769
1000
Basejdbqj
1000
15
1000
节点板倾角(度)
  0
XRECORD
  5
4AB
102
{ACAD_REACTORS
330
4A6
102
}
330
4A6
100
AcDbXrecord
280
     1
1001
a
1071
        1
1071
    32770
1000
Basezb
1000
5
1000
缀板尺寸(cm)
  0
XRECORD
  5
4BF
102
{ACAD_REACTORS
330
4A6
102
}
330
4A6
100
AcDbXrecord
280
     1
1001
a
1071
        1
1071
    32771
1000
Basegjltzj
1000
1.5
1000
钢筋拉条直径
  0
XRECORD
  5
4B4
102
{ACAD_REACTORS
330
4A6
102
}
330
4A6
100
AcDbXrecord
280
     1
1001
a
1071
        1
1071
    32772
1000
Baseqjcd
1000
2
1000
切角长度
  0
XRECORD
  5
4A9
102
{ACAD_REACTORS
330
4A6
102
}
330
4A6
100
AcDbXrecord
280
     1
1001
a
1071
        1
1071
    32773
1000
Basetgxkd
1000
5
1000
天沟的宽度
  0
XRECORD
  5
4BD
102
{ACAD_REACTORS
330
4A6
102
}
330
4A6
100
AcDbXrecord
280
     1
1001
a
1071
        1
1071
    32774
1000
Baselsxkd
1000
0.7
1000
螺栓线宽度
  0
XRECORD
  5
4B2
102
{ACAD_REACTORS
330
4A6
102
}
330
4A6
100
AcDbXrecord
280
     1
1001
a
1071
        1
1071
    32775
1000
Baseltsxjl
1000
1
1000
檩条双线距离
  0
XRECORD
  5
4A7
102
{ACAD_REACTORS
330
4A6
102
}
330
4A6
100
AcDbXrecord
280
     1
1001
a
1071
        1
1071
    32776
1000
Cfltct
1000
2
1000
檩条出头
  0
XRECORD
  5
4BB
102
{ACAD_REACTORS
330
4A6
102
}
330
4A6
100
AcDbXrecord
280
     1
1001
a
1071
        1
1071
    32777
1000
Cfltjj
1000
1.5
1000
檩条间距
  0
XRECORD
  5
4B0
102
{ACAD_REACTORS
330
4A6
102
}
330
4A6
100
AcDbXrecord
280
     1
1001
a
1071
        1
1071
    32778
1000
Cflatct
1000
1.0
1000
拉条出头
  0
XRECORD
  5
4C5
102
{ACAD_REACTORS
330
4A6
102
}
330
4A6
100
AcDbXrecord
280
     1
1001
a
1071
        1
1071
    32779
1000
Cflatjj
1000
1
1000
拉条间距
  0
XRECORD
  5
4B9
102
{ACAD_REACTORS
330
4A6
102
}
330
4A6
100
AcDbXrecord
280
     1
1001
a
1071
        1
1071
    32780
1000
Dgczkd
1000
0.4
1000
柱线宽度
  0
XRECORD
  5
4AE
102
{ACAD_REACTORS
330
4A6
102
}
330
4A6
100
AcDbXrecord
280
     1
1001
a
1071
        1
1071
    32781
1000
Dgcglxkd
1000
1
1000
刚梁线宽度
  0
XRECORD
  5
4C3
102
{ACAD_REACTORS
330
4A6
102
}
330
4A6
100
AcDbXrecord
280
     1
1001
a
1071
        1
1071
    32782
1000
Dgcjlxkd
1000
0.5
1000
铰梁线宽度
  0
XRECORD
  5
4B8
102
{ACAD_REACTORS
330
4A6
102
}
330
4A6
100
AcDbXrecord
280
     1
1001
a
1071
        1
1071
    32783
1000
Dgclzjj
1000
1.5
1000
梁柱间距
  0
XRECORD
  5
4AD
102
{ACAD_REACTORS
330
4A6
102
}
330
4A6
100
AcDbXrecord
280
     1
1001
a
1071
        1
1071
    32784
1000
Dgclljj
1000
1.5
1000
梁梁间距
  0
XRECORD
  5
4C2
102
{ACAD_REACTORS
330
4A6
102
}
330
4A6
100
AcDbXrecord
280
     1
1001
a
1071
        1
1071
    32785
1000
Dgcgjfh
1000
2.5
1000
刚接符号
  0
XRECORD
  5
4B7
102
{ACAD_REACTORS
330
4A6
102
}
330
4A6
100
AcDbXrecord
280
     1
1001
a
1071
        1
1071
    32786
1000
Dgcgzck
1000
0.5
1000
钢支撑宽度
  0
XRECORD
  5
4AC
102
{ACAD_REACTORS
330
4A6
102
}
330
4A6
100
AcDbXrecord
280
     1
1001
a
1071
        1
1071
    32787
1000
Bordx
1000
20
1000
型材距底板边水平距
  0
XRECORD
  5
4C0
102
{ACAD_REACTORS
330
4A6
102
}
330
4A6
100
AcDbXrecord
280
     1
1001
a
1071
        1
1071
    32788
1000
Bordy
1000
20
1000
型材距底板边垂直距
  0
XRECORD
  5
4B5
102
{ACAD_REACTORS
330
4A6
102
}
330
4A6
100
AcDbXrecord
280
     1
1001
a
1071
        1
1071
    32789
1000
Grouth
1000
50
1000
二次灌浆层高
  0
XRECORD
  5
4AA
102
{ACAD_REACTORS
330
4A6
102
}
330
4A6
100
AcDbXrecord
280
     1
1001
a
1071
        1
1071
    32790
1000
Groutfatname
1000
AR-CONC
1000
二次灌浆层填充块名
  0
XRECORD
  5
4BE
102
{ACAD_REACTORS
330
4A6
102
}
330
4A6
100
AcDbXrecord
280
     1
1001
a
1071
        1
1071
    32791
1000
Axiscodeh
1000
1
1000
横向轴号
  0
XRECORD
  5
4B3
102
{ACAD_REACTORS
330
4A6
102
}
330
4A6
100
AcDbXrecord
280
     1
1001
a
1071
        1
1071
    32792
1000
Axiscodev
1000
A
1000
纵向轴号
  0
XRECORD
  5
4A8
102
{ACAD_REACTORS
330
4A6
102
}
330
4A6
100
AcDbXrecord
280
     1
1001
a
1071
        1
1071
    32793
1000
Holerp
1000
50
1000
平面施工洞半径
  0
XRECORD
  5
4BC
102
{ACAD_REACTORS
330
4A6
102
}
330
4A6
100
AcDbXrecord
280
     1
1001
a
1071
        1
1071
    32794
1000
Holerf
1000
50
1000
立面施工洞半径
  0
XRECORD
  5
4B1
102
{ACAD_REACTORS
330
4A6
102
}
330
4A6
100
AcDbXrecord
280
     1
1001
a
1071
        1
1071
    32795
1000
Holehf
1000
150
1000
立面施工洞高度
  0
XRECORD
  5
4C6
102
{ACAD_REACTORS
330
4A6
102
}
330
4A6
100
AcDbXrecord
280
     1
1001
a
1071
        1
1071
    32796
1000
Lsscale
1000
1
1000
螺栓放大系数
  0
XRECORD
  5
4BA
102
{ACAD_REACTORS
330
4A6
102
}
330
4A6
100
AcDbXrecord
280
     1
1001
a
1071
        1
1071
    32797
1000
Lsstyle
1000
0
1000
螺栓样式
  0
XRECORD
  5
4AF
102
{ACAD_REACTORS
330
4A6
102
}
330
4A6
100
AcDbXrecord
280
     1
1001
a
1071
        1
1071
    32798
1000
DSXSEL
1000
0
1000
单双线选项
  0
XRECORD
  5
4C4
102
{ACAD_REACTORS
330
4A6
102
}
330
4A6
100
AcDbXrecord
280
     1
1001
a
1071
        1
1071
    32799
1000
SXDIST
1000
2.0
1000
双线间距
  0
XRECORD
  5
484
102
{ACAD_REACTORS
330
47E
102
}
330
47E
100
AcDbXrecord
280
     1
1001
a
1071
        1
1071
    20480
1000
PlineWide
1000
0.5
1000
多义线宽度
  0
XRECORD
  5
482
102
{ACAD_REACTORS
330
47E
102
}
330
47E
100
AcDbXrecord
280
     1
1001
a
1071
        1
1071
    20481
1000
CurLayGroup
1000
0
1000
当前绘图列表
  0
XRECORD
  5
480
102
{ACAD_REACTORS
330
47E
102
}
330
47E
100
AcDbXrecord
280
     1
1001
a
1071
        1
1071
    20482
1000
TMFHeight
1000
10
1000
图名字高
  0
XRECORD
  5
483
102
{ACAD_REACTORS
330
47E
102
}
330
47E
100
AcDbXrecord
280
     1
1001
a
1071
        1
1071
    20483
1000
TMFHeightScale
1000
6
1000
图名比例字高
  0
XRECORD
  5
481
102
{ACAD_REACTORS
330
47E
102
}
330
47E
100
AcDbXrecord
280
     1
1001
a
1071
        1
1071
    20484
1000
TMFHeightMemo
1000
4
1000
图名备注字高
  0
XRECORD
  5
47F
102
{ACAD_REACTORS
330
47E
102
}
330
47E
100
AcDbXrecord
280
     1
1001
a
1071
        1
1071
    20485
1000
TMUnderLine
1000
1
1000
双划线
  0
XRECORD
  5
9C
102
{ACAD_REACTORS
330
68
102
}
330
68
100
AcDbXrecord
280
     1
1001
a
1071
        0
1071
        0
1071
        0
1071
        2
1000
S-DETL-RBAR
1071
-1023410175
1000
红
1000
红
1000
CONTINUOUS
1071
        0
1071
        0
1071
        1
1071
        0
1000
点钢筋
  0
XRECORD
  5
29C
102
{ACAD_REACTORS
330
68
102
}
330
68
100
AcDbXrecord
280
     1
1001
a
1071
        0
1071
100663296
1071
100663296
1071
        2
1000
STPM_COLU_THIN
1071
-1023410169
1000
白
1000
白
1000
CONTINUOUS
1071
       -3
1071
        0
1071
        1
1071
        0
1000
平面钢柱细线
  0
XRECORD
  5
13F
102
{ACAD_REACTORS
330
68
102
}
330
68
100
AcDbXrecord
280
     1
1001
a
1071
        0
1071
100663297
1071
100663297
1071
        2
1000
STPM_COLU_TNDSH
1071
-1023410167
1000
9
1000
9
1000
DASHED
1071
       -3
1071
        0
1071
        1
1071
        0
1000
平面钢柱细虚线
  0
XRECORD
  5
3BA
102
{ACAD_REACTORS
330
68
102
}
330
68
100
AcDbXrecord
280
     1
1001
a
1071
        0
1071
100663298
1071
100663298
1071
        2
1000
STPM_COLU_THICK
1071
-1023410169
1000
白
1000
白
1000
CONTINUOUS
1071
       -3
1071
        0
1071
        1
1071
        0
1000
平面钢柱粗线
  0
XRECORD
  5
253
102
{ACAD_REACTORS
330
68
102
}
330
68
100
AcDbXrecord
280
     1
1001
a
1071
        0
1071
100663299
1071
100663299
1071
        2
1000
STPM_COLU_TCKDSH
1071
-1023410167
1000
9
1000
9
1000
DASHED
1071
       -3
1071
        0
1071
        1
1071
        0
1000
平面钢柱粗虚线
  0
XRECORD
  5
F3
102
{ACAD_REACTORS
330
68
102
}
330
68
100
AcDbXrecord
280
     1
1001
a
1071
        0
1071
100663300
1071
     8192
1071
        1
1000
STPM_COLU_TEXT
1071
-1023410169
1000
白
1000
白
1000
CONTINUOUS
1071
       -3
1071
        0
1071
        1
1071
        0
1000
平面钢柱文字
  0
XRECORD
  5
372
102
{ACAD_REACTORS
330
68
102
}
330
68
100
AcDbXrecord
280
     1
1001
a
1071
        0
1071
100663301
1071
    12288
1071
        1
1000
STPM_COLU_DIM
1071
-1023410173
1000
绿
1000
绿
1000
CONTINUOUS
1071
       -3
1071
        0
1071
        1
1071
        0
1000
平面钢柱尺寸
  0
XRECORD
  5
20E
102
{ACAD_REACTORS
330
68
102
}
330
68
100
AcDbXrecord
280
     1
1001
a
1071
        0
1071
100663302
1071
    16384
1071
        1
1000
STPM_COLU_NUM
1071
-1023410169
1000
白
1000
白
1000
CONTINUOUS
1071
       -3
1071
        0
1071
        1
1071
        0
1000
平面钢柱编号
  0
XRECORD
  5
B4
102
{ACAD_REACTORS
330
68
102
}
330
68
100
AcDbXrecord
280
     1
1001
a
1071
        0
1071
100663303
1071
    20480
1071
        1
1000
STPM_COLU_HATCH
1071
-1023409922
1000
254
1000
254
1000
CONTINUOUS
1071
       -3
1071
        0
1071
        1
1071
        0
1000
平面钢柱填充
  0
XRECORD
  5
3FE
102
{ACAD_REACTORS
330
68
102
}
330
68
100
AcDbXrecord
280
     1
1001
a
1071
        0
1071
100667392
1071
100667392
1071
        2
1000
STPM_RBEAM_THIN
1071
-1023410173
1000
绿
1000
绿
1000
CONTINUOUS
1071
       -3
1071
        0
1071
        1
1071
        0
1000
平面刚接梁细线
  0
XRECORD
  5
29D
102
{ACAD_REACTORS
330
68
102
}
330
68
100
AcDbXrecord
280
     1
1001
a
1071
        0
1071
100667393
1071
100667393
1071
        2
1000
STPM_RBEAM_TNDSH
1071
-1023410167
1000
9
1000
9
1000
DASHED
1071
       -3
1071
        0
1071
        1
1071
        0
1000
平面刚接梁细虚线
  0
XRECORD
  5
140
102
{ACAD_REACTORS
330
68
102
}
330
68
100
AcDbXrecord
280
     1
1001
a
1071
        0
1071
100667394
1071
100667394
1071
        2
1000
STPM_RBEAM_THICK
1071
-1023410173
1000
绿
1000
绿
1000
CONTINUOUS
1071
       -3
1071
        0
1071
        1
1071
        0
1000
平面刚接梁粗线
  0
XRECORD
  5
3BB
102
{ACAD_REACTORS
330
68
102
}
330
68
100
AcDbXrecord
280
     1
1001
a
1071
        0
1071
100667395
1071
100667395
1071
        2
1000
STPM_RBEAM_TCKDSH
1071
-1023410167
1000
9
1000
9
1000
DASHED
1071
       -3
1071
        0
1071
        1
1071
        0
1000
平面刚接梁粗虚线
  0
XRECORD
  5
254
102
{ACAD_REACTORS
330
68
102
}
330
68
100
AcDbXrecord
280
     1
1001
a
1071
        0
1071
100667396
1071
     8192
1071
        1
1000
STPM_RBEAM_TEXT
1071
-1023410169
1000
白
1000
白
1000
CONTINUOUS
1071
       -3
1071
        0
1071
        1
1071
        0
1000
平面刚接梁文字
  0
XRECORD
  5
F4
102
{ACAD_REACTORS
330
68
102
}
330
68
100
AcDbXrecord
280
     1
1001
a
1071
        0
1071
100667397
1071
    12288
1071
        1
1000
STPM_RBEAM_DIM
1071
-1023410173
1000
绿
1000
绿
1000
CONTINUOUS
1071
       -3
1071
        0
1071
        1
1071
        0
1000
平面刚接梁尺寸
  0
XRECORD
  5
373
102
{ACAD_REACTORS
330
68
102
}
330
68
100
AcDbXrecord
280
     1
1001
a
1071
        0
1071
100667398
1071
    16384
1071
        1
1000
STPM_RBEAM_NUM
1071
-1023410169
1000
白
1000
白
1000
CONTINUOUS
1071
       -3
1071
        0
1071
        1
1071
        0
1000
平面刚接梁编号
  0
XRECORD
  5
20F
102
{ACAD_REACTORS
330
68
102
}
330
68
100
AcDbXrecord
280
     1
1001
a
1071
        0
1071
100667399
1071
    20480
1071
        1
1000
STPM_RBEAM_HATCH
1071
-1023409922
1000
254
1000
254
1000
CONTINUOUS
1071
       -3
1071
        0
1071
        1
1071
        0
1000
平面刚接梁填充
  0
XRECORD
  5
B5
102
{ACAD_REACTORS
330
68
102
}
330
68
100
AcDbXrecord
280
     1
1001
a
1071
        0
1071
100667400
1071
100667400
1071
        2
1000
STPM_RBEAM_SIG
1071
-1023410174
1000
黄
1000
黄
1000
CONTINUOUS
1071
       -3
1071
        0
1071
        1
1071
        0
1000
平面刚接梁符号
  0
XRECORD
  5
17F
102
{ACAD_REACTORS
330
68
102
}
330
68
100
AcDbXrecord
280
     1
1001
a
1071
        0
1071
100671488
1071
100671488
1071
        2
1000
STPM_SBEAM_THIN
1071
-1023410174
1000
黄
1000
黄
1000
CONTINUOUS
1071
       -3
1071
        0
1071
        1
1071
        0
1000
平面铰接梁细线
  0
XRECORD
  5
3FF
102
{ACAD_REACTORS
330
68
102
}
330
68
100
AcDbXrecord
280
     1
1001
a
1071
        0
1071
100671489
1071
100671489
1071
        2
1000
STPM_SBEAM_TNDSH
1071
-1023410167
1000
9
1000
9
1000
DASHED
1071
       -3
1071
        0
1071
        1
1071
        0
1000
平面铰接梁细虚线
  0
XRECORD
  5
29E
102
{ACAD_REACTORS
330
68
102
}
330
68
100
AcDbXrecord
280
     1
1001
a
1071
        0
1071
100671490
1071
100671490
1071
        2
1000
STPM_SBEAM_THICK
1071
-1023410174
1000
黄
1000
黄
1000
CONTINUOUS
1071
       -3
1071
        0
1071
        1
1071
        0
1000
平面铰接梁粗线
  0
XRECORD
  5
141
102
{ACAD_REACTORS
330
68
102
}
330
68
100
AcDbXrecord
280
     1
1001
a
1071
        0
1071
100671491
1071
100671491
1071
        2
1000
STPM_SBEAM_TCKDSH
1071
-1023410167
1000
9
1000
9
1000
DASHED
1071
       -3
1071
        0
1071
        1
1071
        0
1000
平面铰接梁粗虚线
  0
XRECORD
  5
3BC
102
{ACAD_REACTORS
330
68
102
}
330
68
100
AcDbXrecord
280
     1
1001
a
1071
        0
1071
100671492
1071
     8192
1071
        1
1000
STPM_SBEAM_TEXT
1071
-1023410169
1000
白
1000
白
1000
CONTINUOUS
1071
       -3
1071
        0
1071
        1
1071
        0
1000
平面铰接梁文字
  0
XRECORD
  5
255
102
{ACAD_REACTORS
330
68
102
}
330
68
100
AcDbXrecord
280
     1
1001
a
1071
        0
1071
100671493
1071
    12288
1071
        1
1000
STPM_SBEAM_DIM
1071
-1023410173
1000
绿
1000
绿
1000
CONTINUOUS
1071
       -3
1071
        0
1071
        1
1071
        0
1000
平面铰接梁尺寸
  0
XRECORD
  5
F5
102
{ACAD_REACTORS
330
68
102
}
330
68
100
AcDbXrecord
280
     1
1001
a
1071
        0
1071
100671494
1071
    16384
1071
        1
1000
STPM_SBEAM_NUM
1071
-1023410169
1000
白
1000
白
1000
CONTINUOUS
1071
       -3
1071
        0
1071
        1
1071
        0
1000
平面铰接梁编号
  0
XRECORD
  5
374
102
{ACAD_REACTORS
330
68
102
}
330
68
100
AcDbXrecord
280
     1
1001
a
1071
        0
1071
100671495
1071
    20480
1071
        1
1000
STPM_SBEAM_HATCH
1071
-1023409922
1000
254
1000
254
1000
CONTINUOUS
1071
       -3
1071
        0
1071
        1
1071
        0
1000
平面铰接梁填充
  0
XRECORD
  5
210
102
{ACAD_REACTORS
330
68
102
}
330
68
100
AcDbXrecord
280
     1
1001
a
1071
        0
1071
100671496
1071
100671496
1071
        2
1000
STPM_SBEAM_SIG
1071
-1023410169
1000
白
1000
白
1000
CONTINUOUS
1071
       -3
1071
        0
1071
        1
1071
        0
1000
平面铰接梁符号
  0
XRECORD
  5
2DC
102
{ACAD_REACTORS
330
68
102
}
330
68
100
AcDbXrecord
280
     1
1001
a
1071
        0
1071
100675584
1071
100675584
1071
        2
1000
STPM_GIRD_THIN
1071
-1023410169
1000
白
1000
白
1000
CONTINUOUS
1071
       -3
1071
        0
1071
        1
1071
        0
1000
平面吊车梁细线
  0
XRECORD
  5
180
102
{ACAD_REACTORS
330
68
102
}
330
68
100
AcDbXrecord
280
     1
1001
a
1071
        0
1071
100675585
1071
100675585
1071
        2
1000
STPM_GIRD_TNDSH
1071
-1023410167
1000
9
1000
9
1000
DASHED
1071
       -3
1071
        0
1071
        1
1071
        0
1000
平面吊车梁细虚线
  0
XRECORD
  5
400
102
{ACAD_REACTORS
330
68
102
}
330
68
100
AcDbXrecord
280
     1
1001
a
1071
        0
1071
100675586
1071
100675586
1071
        2
1000
STPM_GIRD_THICK
1071
-1023410169
1000
白
1000
白
1000
CONTINUOUS
1071
       -3
1071
        0
1071
        1
1071
        0
1000
平面吊车梁粗线
  0
XRECORD
  5
29F
102
{ACAD_REACTORS
330
68
102
}
330
68
100
AcDbXrecord
280
     1
1001
a
1071
        0
1071
100675587
1071
100675587
1071
        2
1000
STPM_GIRD_TCKDSH
1071
-1023410167
1000
9
1000
9
1000
DASHED
1071
       -3
1071
        0
1071
        1
1071
        0
1000
平面吊车梁粗虚线
  0
XRECORD
  5
142
102
{ACAD_REACTORS
330
68
102
}
330
68
100
AcDbXrecord
280
     1
1001
a
1071
        0
1071
100675588
1071
     8192
1071
        1
1000
STPM_GIRD_TEXT
1071
-1023410169
1000
白
1000
白
1000
CONTINUOUS
1071
       -3
1071
        0
1071
        1
1071
        0
1000
平面吊车梁文字
  0
XRECORD
  5
3BD
102
{ACAD_REACTORS
330
68
102
}
330
68
100
AcDbXrecord
280
     1
1001
a
1071
        0
1071
100675589
1071
    12288
1071
        1
1000
STPM_GIRD_DIM
1071
-1023410173
1000
绿
1000
绿
1000
CONTINUOUS
1071
       -3
1071
        0
1071
        1
1071
        0
1000
平面吊车梁尺寸
  0
XRECORD
  5
256
102
{ACAD_REACTORS
330
68
102
}
330
68
100
AcDbXrecord
280
     1
1001
a
1071
        0
1071
100675590
1071
    16384
1071
        1
1000
STPM_GIRD_NUM
1071
-1023410169
1000
白
1000
白
1000
CONTINUOUS
1071
       -3
1071
        0
1071
        1
1071
        0
1000
平面吊车梁编号
  0
XRECORD
  5
F6
102
{ACAD_REACTORS
330
68
102
}
330
68
100
AcDbXrecord
280
     1
1001
a
1071
        0
1071
100675591
1071
100675591
1071
        2
1000
STPM_GIRD_SIG
1071
-1023410169
1000
白
1000
白
1000
CONTINUOUS
1071
       -3
1071
        0
1071
        1
1071
        0
1000
平面吊车梁符号
  0
XRECORD
  5
439
102
{ACAD_REACTORS
330
68
102
}
330
68
100
AcDbXrecord
280
     1
1001
a
1071
        0
1071
100679680
1071
100679680
1071
        2
1000
STPM_BRAC_THIN
1071
-1023409925
1000
251
1000
251
1000
CONTINUOUS
1071
       -3
1071
        0
1071
        1
1071
        0
1000
平面支撑细线
  0
XRECORD
  5
2DD
102
{ACAD_REACTORS
330
68
102
}
330
68
100
AcDbXrecord
280
     1
1001
a
1071
        0
1071
100679681
1071
100679681
1071
        2
1000
STPM_BRAC_TNDSH
1071
-1023410167
1000
9
1000
9
1000
DASHED
1071
       -3
1071
        0
1071
        1
1071
        0
1000
平面支撑细虚线
  0
XRECORD
  5
181
102
{ACAD_REACTORS
330
68
102
}
330
68
100
AcDbXrecord
280
     1
1001
a
1071
        0
1071
100679682
1071
100679682
1071
        2
1000
STPM_BRAC_THICK
1071
-1023409925
1000
251
1000
251
1000
CONTINUOUS
1071
       -3
1071
        0
1071
        1
1071
        0
1000
平面支撑粗线
  0
XRECORD
  5
401
102
{ACAD_REACTORS
330
68
102
}
330
68
100
AcDbXrecord
280
     1
1001
a
1071
        0
1071
100679683
1071
100679683
1071
        2
1000
STPM_BRAC_TCKDSH
1071
-1023410167
1000
9
1000
9
1000
DASHED
1071
       -3
1071
        0
1071
        1
1071
        0
1000
平面支撑粗虚线
  0
XRECORD
  5
2A0
102
{ACAD_REACTORS
330
68
102
}
330
68
100
AcDbXrecord
280
     1
1001
a
1071
        0
1071
100679684
1071
     8192
1071
        1
1000
STPM_BRAC_TEXT
1071
-1023410169
1000
白
1000
白
1000
CONTINUOUS
1071
       -3
1071
        0
1071
        1
1071
        0
1000
平面支撑文字
  0
XRECORD
  5
143
102
{ACAD_REACTORS
330
68
102
}
330
68
100
AcDbXrecord
280
     1
1001
a
1071
        0
1071
100679685
1071
    12288
1071
        1
1000
STPM_BRAC_DIM
1071
-1023410173
1000
绿
1000
绿
1000
CONTINUOUS
1071
       -3
1071
        0
1071
        1
1071
        0
1000
平面支撑尺寸
  0
XRECORD
  5
3BE
102
{ACAD_REACTORS
330
68
102
}
330
68
100
AcDbXrecord
280
     1
1001
a
1071
        0
1071
100679686
1071
    16384
1071
        1
1000
STPM_BRAC_NUM
1071
-1023410169
1000
白
1000
白
1000
CONTINUOUS
1071
       -3
1071
        0
1071
        1
1071
        0
1000
平面支撑编号
  0
XRECORD
  5
257
102
{ACAD_REACTORS
330
68
102
}
330
68
100
AcDbXrecord
280
     1
1001
a
1071
        0
1071
100679687
1071
    20480
1071
        1
1000
STPM_BRAC_HATCH
1071
-1023409922
1000
254
1000
254
1000
CONTINUOUS
1071
       -3
1071
        0
1071
        1
1071
        0
1000
平面支撑填充
  0
XRECORD
  5
1BA
102
{ACAD_REACTORS
330
68
102
}
330
68
100
AcDbXrecord
280
     1
1001
a
1071
        0
1071
100683776
1071
100683776
1071
        2
1000
STPM_ANGL_THIN
1071
-1023410173
1000
绿
1000
绿
1000
CONTINUOUS
1071
       -3
1071
        0
1071
        1
1071
        0
1000
平面隅撑细线
  0
XRECORD
  5
43A
102
{ACAD_REACTORS
330
68
102
}
330
68
100
AcDbXrecord
280
     1
1001
a
1071
        0
1071
100683777
1071
100683777
1071
        2
1000
STPM_ANGL_TNDSH
1071
-1023410167
1000
9
1000
9
1000
DASHED
1071
       -3
1071
        0
1071
        1
1071
        0
1000
平面隅撑细虚线
  0
XRECORD
  5
2DE
102
{ACAD_REACTORS
330
68
102
}
330
68
100
AcDbXrecord
280
     1
1001
a
1071
        0
1071
100683778
1071
100683778
1071
        2
1000
STPM_ANGL_THICK
1071
-1023410173
1000
绿
1000
绿
1000
CONTINUOUS
1071
       -3
1071
        0
1071
        1
1071
        0
1000
平面隅撑粗线
  0
XRECORD
  5
182
102
{ACAD_REACTORS
330
68
102
}
330
68
100
AcDbXrecord
280
     1
1001
a
1071
        0
1071
100683779
1071
100683779
1071
        2
1000
STPM_ANGL_TCKDSH
1071
-1023410167
1000
9
1000
9
1000
DASHED
1071
       -3
1071
        0
1071
        1
1071
        0
1000
平面隅撑粗虚线
  0
XRECORD
  5
402
102
{ACAD_REACTORS
330
68
102
}
330
68
100
AcDbXrecord
280
     1
1001
a
1071
        0
1071
100683780
1071
     8192
1071
        1
1000
STPM_ANGL_TEXT
1071
-1023410169
1000
白
1000
白
1000
CONTINUOUS
1071
       -3
1071
        0
1071
        1
1071
        0
1000
平面隅撑文字
  0
XRECORD
  5
2A1
102
{ACAD_REACTORS
330
68
102
}
330
68
100
AcDbXrecord
280
     1
1001
a
1071
        0
1071
100683781
1071
    12288
1071
        1
1000
STPM_ANGL_DIM
1071
-1023410173
1000
绿
1000
绿
1000
CONTINUOUS
1071
       -3
1071
        0
1071
        1
1071
        0
1000
平面隅撑尺寸
  0
XRECORD
  5
144
102
{ACAD_REACTORS
330
68
102
}
330
68
100
AcDbXrecord
280
     1
1001
a
1071
        0
1071
100683782
1071
    16384
1071
        1
1000
STPM_ANGL_NUM
1071
-1023410169
1000
白
1000
白
1000
CONTINUOUS
1071
       -3
1071
        0
1071
        1
1071
        0
1000
平面隅撑编号
  0
XRECORD
  5
145
102
{ACAD_REACTORS
330
68
102
}
330
68
100
AcDbXrecord
280
     1
1001
a
1071
        0
1071
100687872
1071
100687872
1071
        2
1000
STPM_ORBIT_THIN
1071
-1023410169
1000
白
1000
白
1000
CONTINUOUS
1071
       -3
1071
        0
1071
        1
1071
        0
1000
平面轻轨细线
  0
XRECORD
  5
3BF
102
{ACAD_REACTORS
330
68
102
}
330
68
100
AcDbXrecord
280
     1
1001
a
1071
        0
1071
100687873
1071
100687873
1071
        2
1000
STPM_ORBIT_TNDSH
1071
-1023410167
1000
9
1000
9
1000
DASHED
1071
       -3
1071
        0
1071
        1
1071
        0
1000
平面轻轨细虚线
  0
XRECORD
  5
258
102
{ACAD_REACTORS
330
68
102
}
330
68
100
AcDbXrecord
280
     1
1001
a
1071
        0
1071
100687874
1071
100687874
1071
        2
1000
STPM_ORBIT_THICK
1071
-1023410169
1000
白
1000
白
1000
CONTINUOUS
1071
       -3
1071
        0
1071
        1
1071
        0
1000
平面轻轨粗线
  0
XRECORD
  5
F7
102
{ACAD_REACTORS
330
68
102
}
330
68
100
AcDbXrecord
280
     1
1001
a
1071
        0
1071
100687875
1071
100687875
1071
        2
1000
STPM_ORBIT_TCKDSH
1071
-1023410167
1000
9
1000
9
1000
DASHED
1071
       -3
1071
        0
1071
        1
1071
        0
1000
平面轻轨粗虚线
  0
XRECORD
  5
375
102
{ACAD_REACTORS
330
68
102
}
330
68
100
AcDbXrecord
280
     1
1001
a
1071
        0
1071
100687876
1071
     8192
1071
        1
1000
STPM_ORBIT_TEXT
1071
-1023410169
1000
白
1000
白
1000
CONTINUOUS
1071
       -3
1071
        0
1071
        1
1071
        0
1000
平面轻轨文字
  0
XRECORD
  5
211
102
{ACAD_REACTORS
330
68
102
}
330
68
100
AcDbXrecord
280
     1
1001
a
1071
        0
1071
100687877
1071
    12288
1071
        1
1000
STPM_ORBIT_DIM
1071
-1023410173
1000
绿
1000
绿
1000
CONTINUOUS
1071
       -3
1071
        0
1071
        1
1071
        0
1000
平面轻轨尺寸
  0
XRECORD
  5
B6
102
{ACAD_REACTORS
330
68
102
}
330
68
100
AcDbXrecord
280
     1
1001
a
1071
        0
1071
100687878
1071
    16384
1071
        1
1000
STPM_ORBIT_NUM
1071
-1023410169
1000
白
1000
白
1000
CONTINUOUS
1071
       -3
1071
        0
1071
        1
1071
        0
1000
平面轻轨编号
  0
XRECORD
  5
33A
102
{ACAD_REACTORS
330
68
102
}
330
68
100
AcDbXrecord
280
     1
1001
a
1071
        0
1071
100687879
1071
100687879
1071
        2
1000
STPM_ORBIT_SIG
1071
-1023410169
1000
白
1000
白
1000
CONTINUOUS
1071
       -3
1071
        0
1071
        1
1071
        0
1000
平面轻轨符号
  0
XRECORD
  5
2A2
102
{ACAD_REACTORS
330
68
102
}
330
68
100
AcDbXrecord
280
     1
1001
a
1071
        0
1071
100691968
1071
100691968
1071
        2
1000
STPM_CORB_THIN
1071
-1023410169
1000
白
1000
白
1000
CONTINUOUS
1071
       -3
1071
        0
1071
        1
1071
        0
1000
平面钢牛腿细线
  0
XRECORD
  5
146
102
{ACAD_REACTORS
330
68
102
}
330
68
100
AcDbXrecord
280
     1
1001
a
1071
        0
1071
100691969
1071
100691969
1071
        2
1000
STPM_CORB_TNDSH
1071
-1023410169
1000
白
1000
白
1000
DASHED
1071
       -3
1071
        0
1071
        1
1071
        0
1000
平面钢牛腿细虚线
  0
XRECORD
  5
3C0
102
{ACAD_REACTORS
330
68
102
}
330
68
100
AcDbXrecord
280
     1
1001
a
1071
        0
1071
100691970
1071
100691970
1071
        2
1000
STPM_CORB_THICK
1071
-1023410174
1000
黄
1000
黄
1000
CONTINUOUS
1071
       -3
1071
        0
1071
        1
1071
        0
1000
平面钢牛腿粗线
  0
XRECORD
  5
259
102
{ACAD_REACTORS
330
68
102
}
330
68
100
AcDbXrecord
280
     1
1001
a
1071
        0
1071
100691971
1071
100691971
1071
        2
1000
STPM_CORB_TCKDSH
1071
-1023410174
1000
黄
1000
黄
1000
DASHED
1071
       -3
1071
        0
1071
        1
1071
        0
1000
平面钢牛腿粗虚线
  0
XRECORD
  5
F8
102
{ACAD_REACTORS
330
68
102
}
330
68
100
AcDbXrecord
280
     1
1001
a
1071
        0
1071
100691972
1071
     8192
1071
        1
1000
STPM_CORB_TEXT
1071
-1023410169
1000
白
1000
白
1000
CONTINUOUS
1071
       -3
1071
        0
1071
        1
1071
        0
1000
平面钢牛腿文字
  0
XRECORD
  5
376
102
{ACAD_REACTORS
330
68
102
}
330
68
100
AcDbXrecord
280
     1
1001
a
1071
        0
1071
100691973
1071
    12288
1071
        1
1000
STPM_CORB_DIM
1071
-1023410169
1000
白
1000
白
1000
CONTINUOUS
1071
       -3
1071
        0
1071
        1
1071
        0
1000
平面钢牛腿尺寸
  0
XRECORD
  5
212
102
{ACAD_REACTORS
330
68
102
}
330
68
100
AcDbXrecord
280
     1
1001
a
1071
        0
1071
100691974
1071
    16384
1071
        1
1000
STPM_CORB_NUM
1071
-1023410169
1000
白
1000
白
1000
CONTINUOUS
1071
       -3
1071
        0
1071
        1
1071
        0
1000
平面钢牛腿编号
  0
XRECORD
  5
33B
102
{ACAD_REACTORS
330
68
102
}
330
68
100
AcDbXrecord
280
     1
1001
a
1071
        0
1071
100728832
1071
100728832
1071
        2
1000
STWM_WJ_THIN
1071
-1023410174
1000
黄
1000
黄
1000
CONTINUOUS
1071
       -3
1071
        0
1071
        1
1071
        0
1000
屋面屋架细线
  0
XRECORD
  5
1E1
102
{ACAD_REACTORS
330
68
102
}
330
68
100
AcDbXrecord
280
     1
1001
a
1071
        0
1071
100728833
1071
100728833
1071
        2
1000
STWM_WJ_TNDSH
1071
-1023410170
1000
洋红
1000
洋红
1000
DASHED
1071
       -3
1071
        0
1071
        1
1071
        0
1000
屋面屋架细虚线
  0
XRECORD
  5
8F
102
{ACAD_REACTORS
330
68
102
}
330
68
100
AcDbXrecord
280
     1
1001
a
1071
        0
1071
100728834
1071
100728834
1071
        2
1000
STWM_WJ_THICK
1071
-1023410174
1000
黄
1000
黄
1000
CONTINUOUS
1071
       -3
1071
        0
1071
        1
1071
        0
1000
屋面屋架粗线
  0
XRECORD
  5
315
102
{ACAD_REACTORS
330
68
102
}
330
68
100
AcDbXrecord
280
     1
1001
a
1071
        0
1071
100728835
1071
100728835
1071
        2
1000
STWM_WJ_TCKDSH
1071
-1023410170
1000
洋红
1000
洋红
1000
DASHED
1071
       -3
1071
        0
1071
        1
1071
        0
1000
屋面屋架粗虚线
  0
XRECORD
  5
1BB
102
{ACAD_REACTORS
330
68
102
}
330
68
100
AcDbXrecord
280
     1
1001
a
1071
        0
1071
100728836
1071
     8192
1071
        1
1000
STWM_WJ_TEXT
1071
-1023410169
1000
白
1000
白
1000
CONTINUOUS
1071
       -3
1071
        0
1071
        1
1071
        0
1000
屋面屋架文字
  0
XRECORD
  5
43B
102
{ACAD_REACTORS
330
68
102
}
330
68
100
AcDbXrecord
280
     1
1001
a
1071
        0
1071
100728837
1071
    12288
1071
        1
1000
STWM_WJ_DIM
1071
-1023410173
1000
绿
1000
绿
1000
CONTINUOUS
1071
       -3
1071
        0
1071
        1
1071
        0
1000
屋面屋架尺寸
  0
XRECORD
  5
2DF
102
{ACAD_REACTORS
330
68
102
}
330
68
100
AcDbXrecord
280
     1
1001
a
1071
        0
1071
100728838
1071
    16384
1071
        1
1000
STWM_WJ_NUM
1071
-1023410169
1000
白
1000
白
1000
CONTINUOUS
1071
       -3
1071
        0
1071
        1
1071
        0
1000
屋面屋架编号
  0
XRECORD
  5
B7
102
{ACAD_REACTORS
330
68
102
}
330
68
100
AcDbXrecord
280
     1
1001
a
1071
        0
1071
100732928
1071
100732928
1071
        2
1000
STWM_PL_THIN
1071
-1023410174
1000
黄
1000
黄
1000
CONTINUOUS
1071
       -3
1071
        0
1071
        1
1071
        0
1000
屋面檩条细线
  0
XRECORD
  5
33C
102
{ACAD_REACTORS
330
68
102
}
330
68
100
AcDbXrecord
280
     1
1001
a
1071
        0
1071
100732929
1071
100732929
1071
        2
1000
STWM_PL_TNDSH
1071
-1023410170
1000
洋红
1000
洋红
1000
DASHED
1071
       -3
1071
        0
1071
        1
1071
        0
1000
屋面檩条细虚线
  0
XRECORD
  5
1E2
102
{ACAD_REACTORS
330
68
102
}
330
68
100
AcDbXrecord
280
     1
1001
a
1071
        0
1071
100732930
1071
100732930
1071
        2
1000
STWM_PL_THICK
1071
-1023410174
1000
黄
1000
黄
1000
CONTINUOUS
1071
       -3
1071
        0
1071
        1
1071
        0
1000
屋面檩条粗线
  0
XRECORD
  5
90
102
{ACAD_REACTORS
330
68
102
}
330
68
100
AcDbXrecord
280
     1
1001
a
1071
        0
1071
100732931
1071
100732931
1071
        2
1000
STWM_PL_TCKDSH
1071
-1023410170
1000
洋红
1000
洋红
1000
DASHED
1071
       -3
1071
        0
1071
        1
1071
        0
1000
屋面檩条粗虚线
  0
XRECORD
  5
316
102
{ACAD_REACTORS
330
68
102
}
330
68
100
AcDbXrecord
280
     1
1001
a
1071
        0
1071
100732932
1071
     8192
1071
        1
1000
STWM_PL_TEXT
1071
-1023410169
1000
白
1000
白
1000
CONTINUOUS
1071
       -3
1071
        0
1071
        1
1071
        0
1000
屋面檩条文字
  0
XRECORD
  5
1BC
102
{ACAD_REACTORS
330
68
102
}
330
68
100
AcDbXrecord
280
     1
1001
a
1071
        0
1071
100732933
1071
    12288
1071
        1
1000
STWM_PL_DIM
1071
-1023410173
1000
绿
1000
绿
1000
CONTINUOUS
1071
       -3
1071
        0
1071
        1
1071
        0
1000
屋面檩条尺寸
  0
XRECORD
  5
43C
102
{ACAD_REACTORS
330
68
102
}
330
68
100
AcDbXrecord
280
     1
1001
a
1071
        0
1071
100732934
1071
    16384
1071
        1
1000
STWM_PL_NUM
1071
-1023410169
1000
白
1000
白
1000
CONTINUOUS
1071
       -3
1071
        0
1071
        1
1071
        0
1000
屋面檩条编号
  0
XRECORD
  5
213
102
{ACAD_REACTORS
330
68
102
}
330
68
100
AcDbXrecord
280
     1
1001
a
1071
        0
1071
100737024
1071
100737024
1071
        2
1000
STWM_ZLT_THIN
1071
-1023410174
1000
黄
1000
黄
1000
CONTINUOUS
1071
       -3
1071
        0
1071
        1
1071
        0
1000
屋面直拉条细线
  0
XRECORD
  5
B8
102
{ACAD_REACTORS
330
68
102
}
330
68
100
AcDbXrecord
280
     1
1001
a
1071
        0
1071
100737025
1071
100737025
1071
        2
1000
STWM_ZLT_TNDSH
1071
-1023410170
1000
洋红
1000
洋红
1000
DASHED
1071
       -3
1071
        0
1071
        1
1071
        0
1000
屋面直拉条细虚线
  0
XRECORD
  5
33D
102
{ACAD_REACTORS
330
68
102
}
330
68
100
AcDbXrecord
280
     1
1001
a
1071
        0
1071
100737026
1071
100737026
1071
        2
1000
STWM_ZLT_THICK
1071
-1023410174
1000
黄
1000
黄
1000
CONTINUOUS
1071
       -3
1071
        0
1071
        1
1071
        0
1000
屋面直拉条粗线
  0
XRECORD
  5
1E3
102
{ACAD_REACTORS
330
68
102
}
330
68
100
AcDbXrecord
280
     1
1001
a
1071
        0
1071
100737027
1071
100737027
1071
        2
1000
STWM_ZLT_TCKDSH
1071
-1023410170
1000
洋红
1000
洋红
1000
DASHED
1071
       -3
1071
        0
1071
        1
1071
        0
1000
屋面直拉条粗虚线
  0
XRECORD
  5
91
102
{ACAD_REACTORS
330
68
102
}
330
68
100
AcDbXrecord
280
     1
1001
a
1071
        0
1071
100737028
1071
     8192
1071
        1
1000
STWM_ZLT_TEXT
1071
-1023410169
1000
白
1000
白
1000
CONTINUOUS
1071
       -3
1071
        0
1071
        1
1071
        0
1000
屋面直拉条文字
  0
XRECORD
  5
317
102
{ACAD_REACTORS
330
68
102
}
330
68
100
AcDbXrecord
280
     1
1001
a
1071
        0
1071
100737029
1071
    12288
1071
        1
1000
STWM_ZLT_DIM
1071
-1023410173
1000
绿
1000
绿
1000
CONTINUOUS
1071
       -3
1071
        0
1071
        1
1071
        0
1000
屋面直拉条尺寸
  0
XRECORD
  5
1BD
102
{ACAD_REACTORS
330
68
102
}
330
68
100
AcDbXrecord
280
     1
1001
a
1071
        0
1071
100737030
1071
    16384
1071
        1
1000
STWM_ZLT_NUM
1071
-1023410169
1000
白
1000
白
1000
CONTINUOUS
1071
       -3
1071
        0
1071
        1
1071
        0
1000
屋面直拉条编号
  0
XRECORD
  5
377
102
{ACAD_REACTORS
330
68
102
}
330
68
100
AcDbXrecord
280
     1
1001
a
1071
        0
1071
100741120
1071
100741120
1071
        2
1000
STWM_XLT_THIN
1071
-1023410174
1000
黄
1000
黄
1000
CONTINUOUS
1071
       -3
1071
        0
1071
        1
1071
        0
1000
屋面斜拉条细线
  0
XRECORD
  5
214
102
{ACAD_REACTORS
330
68
102
}
330
68
100
AcDbXrecord
280
     1
1001
a
1071
        0
1071
100741121
1071
100741121
1071
        2
1000
STWM_XLT_TNDSH
1071
-1023410170
1000
洋红
1000
洋红
1000
DASHED
1071
       -3
1071
        0
1071
        1
1071
        0
1000
屋面斜拉条细虚线
  0
XRECORD
  5
B9
102
{ACAD_REACTORS
330
68
102
}
330
68
100
AcDbXrecord
280
     1
1001
a
1071
        0
1071
100741122
1071
100741122
1071
        2
1000
STWM_XLT_THICK
1071
-1023410174
1000
黄
1000
黄
1000
CONTINUOUS
1071
       -3
1071
        0
1071
        1
1071
        0
1000
屋面斜拉条粗线
  0
XRECORD
  5
33E
102
{ACAD_REACTORS
330
68
102
}
330
68
100
AcDbXrecord
280
     1
1001
a
1071
        0
1071
100741123
1071
100741123
1071
        2
1000
STWM_XLT_TCKDSH
1071
-1023410170
1000
洋红
1000
洋红
1000
DASHED
1071
       -3
1071
        0
1071
        1
1071
        0
1000
屋面斜拉条粗虚线
  0
XRECORD
  5
1E4
102
{ACAD_REACTORS
330
68
102
}
330
68
100
AcDbXrecord
280
     1
1001
a
1071
        0
1071
100741124
1071
     8192
1071
        1
1000
STWM_XLT_TEXT
1071
-1023410169
1000
白
1000
白
1000
CONTINUOUS
1071
       -3
1071
        0
1071
        1
1071
        0
1000
屋面斜拉条文字
  0
XRECORD
  5
92
102
{ACAD_REACTORS
330
68
102
}
330
68
100
AcDbXrecord
280
     1
1001
a
1071
        0
1071
100741125
1071
    12288
1071
        1
1000
STWM_XLT_DIM
1071
-1023410173
1000
绿
1000
绿
1000
CONTINUOUS
1071
       -3
1071
        0
1071
        1
1071
        0
1000
屋面斜拉条尺寸
  0
XRECORD
  5
318
102
{ACAD_REACTORS
330
68
102
}
330
68
100
AcDbXrecord
280
     1
1001
a
1071
        0
1071
100741126
1071
    16384
1071
        1
1000
STWM_XLT_NUM
1071
-1023410169
1000
白
1000
白
1000
CONTINUOUS
1071
       -3
1071
        0
1071
        1
1071
        0
1000
屋面斜拉条编号
  0
XRECORD
  5
F9
102
{ACAD_REACTORS
330
68
102
}
330
68
100
AcDbXrecord
280
     1
1001
a
1071
        0
1071
100745216
1071
100745216
1071
        2
1000
STWM_ZC_THIN
1071
-1023410174
1000
黄
1000
黄
1000
CONTINUOUS
1071
       -3
1071
        0
1071
        1
1071
        0
1000
屋面支撑细线
  0
XRECORD
  5
378
102
{ACAD_REACTORS
330
68
102
}
330
68
100
AcDbXrecord
280
     1
1001
a
1071
        0
1071
100745217
1071
100745217
1071
        2
1000
STWM_ZC_TNDSH
1071
-1023410170
1000
洋红
1000
洋红
1000
DASHED
1071
       -3
1071
        0
1071
        1
1071
        0
1000
屋面支撑细虚线
  0
XRECORD
  5
215
102
{ACAD_REACTORS
330
68
102
}
330
68
100
AcDbXrecord
280
     1
1001
a
1071
        0
1071
100745218
1071
100745218
1071
        2
1000
STWM_ZC_THICK
1071
-1023410174
1000
黄
1000
黄
1000
CONTINUOUS
1071
       -3
1071
        0
1071
        1
1071
        0
1000
屋面支撑粗线
  0
XRECORD
  5
BA
102
{ACAD_REACTORS
330
68
102
}
330
68
100
AcDbXrecord
280
     1
1001
a
1071
        0
1071
100745219
1071
100745219
1071
        2
1000
STWM_ZC_TCKDSH
1071
-1023410170
1000
洋红
1000
洋红
1000
DASHED
1071
       -3
1071
        0
1071
        1
1071
        0
1000
屋面支撑粗虚线
  0
XRECORD
  5
33F
102
{ACAD_REACTORS
330
68
102
}
330
68
100
AcDbXrecord
280
     1
1001
a
1071
        0
1071
100745220
1071
     8192
1071
        1
1000
STWM_ZC_TEXT
1071
-1023410169
1000
白
1000
白
1000
CONTINUOUS
1071
       -3
1071
        0
1071
        1
1071
        0
1000
屋面支撑文字
  0
XRECORD
  5
1E5
102
{ACAD_REACTORS
330
68
102
}
330
68
100
AcDbXrecord
280
     1
1001
a
1071
        0
1071
100745221
1071
    12288
1071
        1
1000
STWM_ZC_DIM
1071
-1023410173
1000
绿
1000
绿
1000
CONTINUOUS
1071
       -3
1071
        0
1071
        1
1071
        0
1000
屋面支撑尺寸
  0
XRECORD
  5
93
102
{ACAD_REACTORS
330
68
102
}
330
68
100
AcDbXrecord
280
     1
1001
a
1071
        0
1071
100745222
1071
    16384
1071
        1
1000
STWM_ZC_NUM
1071
-1023410169
1000
白
1000
白
1000
CONTINUOUS
1071
       -3
1071
        0
1071
        1
1071
        0
1000
屋面支撑编号
  0
XRECORD
  5
25A
102
{ACAD_REACTORS
330
68
102
}
330
68
100
AcDbXrecord
280
     1
1001
a
1071
        0
1071
100749312
1071
100749312
1071
        2
1000
STWM_YC_THIN
1071
-1023410174
1000
黄
1000
黄
1000
CONTINUOUS
1071
       -3
1071
        0
1071
        1
1071
        0
1000
屋面隅撑细线
  0
XRECORD
  5
FA
102
{ACAD_REACTORS
330
68
102
}
330
68
100
AcDbXrecord
280
     1
1001
a
1071
        0
1071
100749313
1071
100749313
1071
        2
1000
STWM_YC_TNDSH
1071
-1023410170
1000
洋红
1000
洋红
1000
DASHED
1071
       -3
1071
        0
1071
        1
1071
        0
1000
屋面隅撑细虚线
  0
XRECORD
  5
379
102
{ACAD_REACTORS
330
68
102
}
330
68
100
AcDbXrecord
280
     1
1001
a
1071
        0
1071
100749314
1071
100749314
1071
        2
1000
STWM_YC_THICK
1071
-1023410174
1000
黄
1000
黄
1000
CONTINUOUS
1071
       -3
1071
        0
1071
        1
1071
        0
1000
屋面隅撑粗线
  0
XRECORD
  5
216
102
{ACAD_REACTORS
330
68
102
}
330
68
100
AcDbXrecord
280
     1
1001
a
1071
        0
1071
100749315
1071
100749315
1071
        2
1000
STWM_YC_TCKDSH
1071
-1023410170
1000
洋红
1000
洋红
1000
DASHED
1071
       -3
1071
        0
1071
        1
1071
        0
1000
屋面隅撑粗虚线
  0
XRECORD
  5
BB
102
{ACAD_REACTORS
330
68
102
}
330
68
100
AcDbXrecord
280
     1
1001
a
1071
        0
1071
100749316
1071
     8192
1071
        1
1000
STWM_YC_TEXT
1071
-1023410169
1000
白
1000
白
1000
CONTINUOUS
1071
       -3
1071
        0
1071
        1
1071
        0
1000
屋面隅撑文字
  0
XRECORD
  5
340
102
{ACAD_REACTORS
330
68
102
}
330
68
100
AcDbXrecord
280
     1
1001
a
1071
        0
1071
100749317
1071
    12288
1071
        1
1000
STWM_YC_DIM
1071
-1023410173
1000
绿
1000
绿
1000
CONTINUOUS
1071
       -3
1071
        0
1071
        1
1071
        0
1000
屋面隅撑尺寸
  0
XRECORD
  5
1E6
102
{ACAD_REACTORS
330
68
102
}
330
68
100
AcDbXrecord
280
     1
1001
a
1071
        0
1071
100749318
1071
    16384
1071
        1
1000
STWM_YC_NUM
1071
-1023410169
1000
白
1000
白
1000
CONTINUOUS
1071
       -3
1071
        0
1071
        1
1071
        0
1000
屋面隅撑编号
  0
XRECORD
  5
3C1
102
{ACAD_REACTORS
330
68
102
}
330
68
100
AcDbXrecord
280
     1
1001
a
1071
        0
1071
100753408
1071
100753408
1071
        2
1000
STWM_TG_THIN
1071
-1023410174
1000
黄
1000
黄
1000
CONTINUOUS
1071
       -3
1071
        0
1071
        1
1071
        0
1000
屋面天沟细线
  0
XRECORD
  5
25B
102
{ACAD_REACTORS
330
68
102
}
330
68
100
AcDbXrecord
280
     1
1001
a
1071
        0
1071
100753409
1071
100753409
1071
        2
1000
STWM_TG_TNDSH
1071
-1023410170
1000
洋红
1000
洋红
1000
DASHED
1071
       -3
1071
        0
1071
        1
1071
        0
1000
屋面天沟细虚线
  0
XRECORD
  5
FB
102
{ACAD_REACTORS
330
68
102
}
330
68
100
AcDbXrecord
280
     1
1001
a
1071
        0
1071
100753410
1071
100753410
1071
        2
1000
STWM_TG_THICK
1071
-1023410174
1000
黄
1000
黄
1000
CONTINUOUS
1071
       -3
1071
        0
1071
        1
1071
        0
1000
屋面天沟粗线
  0
XRECORD
  5
37A
102
{ACAD_REACTORS
330
68
102
}
330
68
100
AcDbXrecord
280
     1
1001
a
1071
        0
1071
100753411
1071
100753411
1071
        2
1000
STWM_TG_TCKDSH
1071
-1023410170
1000
洋红
1000
洋红
1000
DASHED
1071
       -3
1071
        0
1071
        1
1071
        0
1000
屋面天沟粗虚线
  0
XRECORD
  5
217
102
{ACAD_REACTORS
330
68
102
}
330
68
100
AcDbXrecord
280
     1
1001
a
1071
        0
1071
100753412
1071
     8192
1071
        1
1000
STWM_TG_TEXT
1071
-1023410169
1000
白
1000
白
1000
CONTINUOUS
1071
       -3
1071
        0
1071
        1
1071
        0
1000
屋面天沟文字
  0
XRECORD
  5
BC
102
{ACAD_REACTORS
330
68
102
}
330
68
100
AcDbXrecord
280
     1
1001
a
1071
        0
1071
100753413
1071
    12288
1071
        1
1000
STWM_TG_DIM
1071
-1023410173
1000
绿
1000
绿
1000
CONTINUOUS
1071
       -3
1071
        0
1071
        1
1071
        0
1000
屋面天沟尺寸
  0
XRECORD
  5
341
102
{ACAD_REACTORS
330
68
102
}
330
68
100
AcDbXrecord
280
     1
1001
a
1071
        0
1071
100753414
1071
    16384
1071
        1
1000
STWM_TG_NUM
1071
-1023410169
1000
白
1000
白
1000
CONTINUOUS
1071
       -3
1071
        0
1071
        1
1071
        0
1000
屋面天沟编号
  0
XRECORD
  5
1E7
102
{ACAD_REACTORS
330
68
102
}
330
68
100
AcDbXrecord
280
     1
1001
a
1071
        0
1071
100794368
1071
100794368
1071
        2
1000
STQM_PL_THIN
1071
-1023410174
1000
黄
1000
黄
1000
CONTINUOUS
1071
       -3
1071
        0
1071
        1
1071
        0
1000
墙面檩条细线
  0
XRECORD
  5
94
102
{ACAD_REACTORS
330
68
102
}
330
68
100
AcDbXrecord
280
     1
1001
a
1071
        0
1071
100794369
1071
100794369
1071
        2
1000
STQM_PL_TNDSH
1071
-1023410170
1000
洋红
1000
洋红
1000
DASHED
1071
       -3
1071
        0
1071
        1
1071
        0
1000
墙面檩条细虚线
  0
XRECORD
  5
319
102
{ACAD_REACTORS
330
68
102
}
330
68
100
AcDbXrecord
280
     1
1001
a
1071
        0
1071
100794370
1071
100794370
1071
        2
1000
STQM_PL_THICK
1071
-1023410174
1000
黄
1000
黄
1000
CONTINUOUS
1071
       -3
1071
        0
1071
        1
1071
        0
1000
墙面檩条粗线
  0
XRECORD
  5
1BE
102
{ACAD_REACTORS
330
68
102
}
330
68
100
AcDbXrecord
280
     1
1001
a
1071
        0
1071
100794371
1071
100794371
1071
        2
1000
STQM_PL_TCKDSH
1071
-1023410170
1000
洋红
1000
洋红
1000
DASHED
1071
       -3
1071
        0
1071
        1
1071
        0
1000
墙面檩条粗虚线
  0
XRECORD
  5
43D
102
{ACAD_REACTORS
330
68
102
}
330
68
100
AcDbXrecord
280
     1
1001
a
1071
        0
1071
100794372
1071
     8192
1071
        1
1000
STQM_PL_TEXT
1071
-1023410169
1000
白
1000
白
1000
CONTINUOUS
1071
       -3
1071
        0
1071
        1
1071
        0
1000
墙面檩条文字
  0
XRECORD
  5
2E0
102
{ACAD_REACTORS
330
68
102
}
330
68
100
AcDbXrecord
280
     1
1001
a
1071
        0
1071
100794373
1071
    12288
1071
        1
1000
STQM_PL_DIM
1071
-1023410173
1000
绿
1000
绿
1000
CONTINUOUS
1071
       -3
1071
        0
1071
        1
1071
        0
1000
墙面檩条尺寸
  0
XRECORD
  5
183
102
{ACAD_REACTORS
330
68
102
}
330
68
100
AcDbXrecord
280
     1
1001
a
1071
        0
1071
100794374
1071
    16384
1071
        1
1000
STQM_PL_NUM
1071
-1023410169
1000
白
1000
白
1000
CONTINUOUS
1071
       -3
1071
        0
1071
        1
1071
        0
1000
墙面檩条编号
  0
XRECORD
  5
342
102
{ACAD_REACTORS
330
68
102
}
330
68
100
AcDbXrecord
280
     1
1001
a
1071
        0
1071
100798464
1071
100798464
1071
        2
1000
STQM_ZLT_THIN
1071
-1023410174
1000
黄
1000
黄
1000
CONTINUOUS
1071
       -3
1071
        0
1071
        1
1071
        0
1000
墙面直拉条细线
  0
XRECORD
  5
1E8
102
{ACAD_REACTORS
330
68
102
}
330
68
100
AcDbXrecord
280
     1
1001
a
1071
        0
1071
100798465
1071
100798465
1071
        2
1000
STQM_ZLT_TNDSH
1071
-1023410170
1000
洋红
1000
洋红
1000
DASHED
1071
       -3
1071
        0
1071
        1
1071
        0
1000
墙面直拉条细虚线
  0
XRECORD
  5
95
102
{ACAD_REACTORS
330
68
102
}
330
68
100
AcDbXrecord
280
     1
1001
a
1071
        0
1071
100798466
1071
100798466
1071
        2
1000
STQM_ZLT_THICK
1071
-1023410174
1000
黄
1000
黄
1000
CONTINUOUS
1071
       -3
1071
        0
1071
        1
1071
        0
1000
墙面直拉条粗线
  0
XRECORD
  5
31A
102
{ACAD_REACTORS
330
68
102
}
330
68
100
AcDbXrecord
280
     1
1001
a
1071
        0
1071
100798467
1071
100798467
1071
        2
1000
STQM_ZLT_TCKDSH
1071
-1023410170
1000
洋红
1000
洋红
1000
DASHED
1071
       -3
1071
        0
1071
        1
1071
        0
1000
墙面直拉条粗虚线
  0
XRECORD
  5
1BF
102
{ACAD_REACTORS
330
68
102
}
330
68
100
AcDbXrecord
280
     1
1001
a
1071
        0
1071
100798468
1071
     8192
1071
        1
1000
STQM_ZLT_TEXT
1071
-1023410169
1000
白
1000
白
1000
CONTINUOUS
1071
       -3
1071
        0
1071
        1
1071
        0
1000
墙面直拉条文字
  0
XRECORD
  5
43E
102
{ACAD_REACTORS
330
68
102
}
330
68
100
AcDbXrecord
280
     1
1001
a
1071
        0
1071
100798469
1071
    12288
1071
        1
1000
STQM_ZLT_DIM
1071
-1023410173
1000
绿
1000
绿
1000
CONTINUOUS
1071
       -3
1071
        0
1071
        1
1071
        0
1000
墙面直拉条尺寸
  0
XRECORD
  5
2E1
102
{ACAD_REACTORS
330
68
102
}
330
68
100
AcDbXrecord
280
     1
1001
a
1071
        0
1071
100798470
1071
    16384
1071
        1
1000
STQM_ZLT_NUM
1071
-1023410169
1000
白
1000
白
1000
CONTINUOUS
1071
       -3
1071
        0
1071
        1
1071
        0
1000
墙面直拉条编号
  0
XRECORD
  5
BD
102
{ACAD_REACTORS
330
68
102
}
330
68
100
AcDbXrecord
280
     1
1001
a
1071
        0
1071
100802560
1071
100802560
1071
        2
1000
STQM_XLT_THIN
1071
-1023410174
1000
黄
1000
黄
1000
CONTINUOUS
1071
       -3
1071
        0
1071
        1
1071
        0
1000
墙面斜拉条细线
  0
XRECORD
  5
343
102
{ACAD_REACTORS
330
68
102
}
330
68
100
AcDbXrecord
280
     1
1001
a
1071
        0
1071
100802561
1071
100802561
1071
        2
1000
STQM_XLT_TNDSH
1071
-1023410170
1000
洋红
1000
洋红
1000
DASHED
1071
       -3
1071
        0
1071
        1
1071
        0
1000
墙面斜拉条细虚线
  0
XRECORD
  5
1E9
102
{ACAD_REACTORS
330
68
102
}
330
68
100
AcDbXrecord
280
     1
1001
a
1071
        0
1071
100802562
1071
100802562
1071
        2
1000
STQM_XLT_THICK
1071
-1023410174
1000
黄
1000
黄
1000
CONTINUOUS
1071
       -3
1071
        0
1071
        1
1071
        0
1000
墙面斜拉条粗线
  0
XRECORD
  5
96
102
{ACAD_REACTORS
330
68
102
}
330
68
100
AcDbXrecord
280
     1
1001
a
1071
        0
1071
100802563
1071
100802563
1071
        2
1000
STQM_XLT_TCKDSH
1071
-1023410170
1000
洋红
1000
洋红
1000
DASHED
1071
       -3
1071
        0
1071
        1
1071
        0
1000
墙面斜拉条粗虚线
  0
XRECORD
  5
31B
102
{ACAD_REACTORS
330
68
102
}
330
68
100
AcDbXrecord
280
     1
1001
a
1071
        0
1071
100802564
1071
     8192
1071
        1
1000
STQM_XLT_TEXT
1071
-1023410169
1000
白
1000
白
1000
CONTINUOUS
1071
       -3
1071
        0
1071
        1
1071
        0
1000
墙面斜拉条文字
  0
XRECORD
  5
1C0
102
{ACAD_REACTORS
330
68
102
}
330
68
100
AcDbXrecord
280
     1
1001
a
1071
        0
1071
100802565
1071
    12288
1071
        1
1000
STQM_XLT_DIM
1071
-1023410173
1000
绿
1000
绿
1000
CONTINUOUS
1071
       -3
1071
        0
1071
        1
1071
        0
1000
墙面斜拉条尺寸
  0
XRECORD
  5
43F
102
{ACAD_REACTORS
330
68
102
}
330
68
100
AcDbXrecord
280
     1
1001
a
1071
        0
1071
100802566
1071
    16384
1071
        1
1000
STQM_XLT_NUM
1071
-1023410169
1000
白
1000
白
1000
CONTINUOUS
1071
       -3
1071
        0
1071
        1
1071
        0
1000
墙面斜拉条编号
  0
XRECORD
  5
218
102
{ACAD_REACTORS
330
68
102
}
330
68
100
AcDbXrecord
280
     1
1001
a
1071
        0
1071
100806656
1071
100806656
1071
        2
1000
STQM_ZC_THIN
1071
-1023410174
1000
黄
1000
黄
1000
CONTINUOUS
1071
       -3
1071
        0
1071
        1
1071
        0
1000
墙面支撑细线
  0
XRECORD
  5
BE
102
{ACAD_REACTORS
330
68
102
}
330
68
100
AcDbXrecord
280
     1
1001
a
1071
        0
1071
100806657
1071
100806657
1071
        2
1000
STQM_ZC_TNDSH
1071
-1023410170
1000
洋红
1000
洋红
1000
DASHED
1071
       -3
1071
        0
1071
        1
1071
        0
1000
墙面支撑细虚线
  0
XRECORD
  5
344
102
{ACAD_REACTORS
330
68
102
}
330
68
100
AcDbXrecord
280
     1
1001
a
1071
        0
1071
100806658
1071
100806658
1071
        2
1000
STQM_ZC_THICK
1071
-1023410174
1000
黄
1000
黄
1000
CONTINUOUS
1071
       -3
1071
        0
1071
        1
1071
        0
1000
墙面支撑粗线
  0
XRECORD
  5
1EA
102
{ACAD_REACTORS
330
68
102
}
330
68
100
AcDbXrecord
280
     1
1001
a
1071
        0
1071
100806659
1071
100806659
1071
        2
1000
STQM_ZC_TCKDSH
1071
-1023410170
1000
洋红
1000
洋红
1000
DASHED
1071
       -3
1071
        0
1071
        1
1071
        0
1000
墙面支撑粗虚线
  0
XRECORD
  5
97
102
{ACAD_REACTORS
330
68
102
}
330
68
100
AcDbXrecord
280
     1
1001
a
1071
        0
1071
100806660
1071
     8192
1071
        1
1000
STQM_ZC_TEXT
1071
-1023410169
1000
白
1000
白
1000
CONTINUOUS
1071
       -3
1071
        0
1071
        1
1071
        0
1000
墙面支撑文字
  0
XRECORD
  5
31C
102
{ACAD_REACTORS
330
68
102
}
330
68
100
AcDbXrecord
280
     1
1001
a
1071
        0
1071
100806661
1071
    12288
1071
        1
1000
STQM_ZC_DIM
1071
-1023410173
1000
绿
1000
绿
1000
CONTINUOUS
1071
       -3
1071
        0
1071
        1
1071
        0
1000
墙面支撑尺寸
  0
XRECORD
  5
1C1
102
{ACAD_REACTORS
330
68
102
}
330
68
100
AcDbXrecord
280
     1
1001
a
1071
        0
1071
100806662
1071
    16384
1071
        1
1000
STQM_ZC_NUM
1071
-1023410169
1000
白
1000
白
1000
CONTINUOUS
1071
       -3
1071
        0
1071
        1
1071
        0
1000
墙面支撑编号
  0
XRECORD
  5
2A3
102
{ACAD_REACTORS
330
68
102
}
330
68
100
AcDbXrecord
280
     1
1001
a
1071
        0
1071
100859904
1071
100859904
1071
        2
1000
STXT_XG_THIN
1071
-1023410174
1000
黄
1000
黄
1000
CONTINUOUS
1071
       -3
1071
        0
1071
        1
1071
        0
1000
详图型钢细线
  0
XRECORD
  5
147
102
{ACAD_REACTORS
330
68
102
}
330
68
100
AcDbXrecord
280
     1
1001
a
1071
        0
1071
100859905
1071
100859905
1071
        2
1000
STXT_XG_TNDSH
1071
-1023410170
1000
洋红
1000
洋红
1000
DASHED
1071
       -3
1071
        0
1071
        1
1071
        0
1000
详图型钢细线虚线
  0
XRECORD
  5
3C2
102
{ACAD_REACTORS
330
68
102
}
330
68
100
AcDbXrecord
280
     1
1001
a
1071
        0
1071
100859906
1071
100859906
1071
        2
1000
STXT_XG_THICK
1071
-1023410174
1000
黄
1000
黄
1000
CONTINUOUS
1071
       -3
1071
        0
1071
        1
1071
        0
1000
详图型钢粗线
  0
XRECORD
  5
25C
102
{ACAD_REACTORS
330
68
102
}
330
68
100
AcDbXrecord
280
     1
1001
a
1071
        0
1071
100859907
1071
100859907
1071
        2
1000
STXT_XG_TCKDSH
1071
-1023410170
1000
洋红
1000
洋红
1000
DASHED
1071
       -3
1071
        0
1071
        1
1071
        0
1000
详图型钢粗线虚线
  0
XRECORD
  5
FC
102
{ACAD_REACTORS
330
68
102
}
330
68
100
AcDbXrecord
280
     1
1001
a
1071
        0
1071
100859908
1071
100859908
1071
        2
1000
STXT_XG_END_THIN
1071
-1023410174
1000
黄
1000
黄
1000
CONTINUOUS
1071
       -3
1071
        0
1071
        1
1071
        0
1000
详图型钢端细线
  0
XRECORD
  5
37B
102
{ACAD_REACTORS
330
68
102
}
330
68
100
AcDbXrecord
280
     1
1001
a
1071
        0
1071
100859909
1071
100859909
1071
        2
1000
STXT_XG_END_TNDSH
1071
-1023410170
1000
洋红
1000
洋红
1000
DASHED
1071
       -3
1071
        0
1071
        1
1071
        0
1000
详图型钢端细线虚线
  0
XRECORD
  5
219
102
{ACAD_REACTORS
330
68
102
}
330
68
100
AcDbXrecord
280
     1
1001
a
1071
        0
1071
100859910
1071
100859910
1071
        2
1000
STXT_XG_END_THICK
1071
-1023410174
1000
黄
1000
黄
1000
CONTINUOUS
1071
       -3
1071
        0
1071
        1
1071
        0
1000
详图型钢端粗线
  0
XRECORD
  5
BF
102
{ACAD_REACTORS
330
68
102
}
330
68
100
AcDbXrecord
280
     1
1001
a
1071
        0
1071
100859911
1071
100859911
1071
        2
1000
STXT_XG_END_TCKDSH
1071
-1023410170
1000
洋红
1000
洋红
1000
DASHED
1071
       -3
1071
        0
1071
        1
1071
        0
1000
详图型钢端粗线虚线
  0
XRECORD
  5
345
102
{ACAD_REACTORS
330
68
102
}
330
68
100
AcDbXrecord
280
     1
1001
a
1071
        0
1071
100859912
1071
    20480
1071
        1
1000
STXT_XG_HATCH
1071
-1023409922
1000
254
1000
254
1000
CONTINUOUS
1071
       -3
1071
        0
1071
        1
1071
        0
1000
详图型钢填充
  0
XRECORD
  5
403
102
{ACAD_REACTORS
330
68
102
}
330
68
100
AcDbXrecord
280
     1
1001
a
1071
        0
1071
100864000
1071
100864000
1071
        2
1000
STXT_GB_THIN
1071
-1023410174
1000
黄
1000
黄
1000
CONTINUOUS
1071
       -3
1071
        0
1071
        1
1071
        0
1000
详图钢板细线
  0
XRECORD
  5
2A4
102
{ACAD_REACTORS
330
68
102
}
330
68
100
AcDbXrecord
280
     1
1001
a
1071
        0
1071
100864001
1071
100864001
1071
        2
1000
STXT_GB_TNDSH
1071
-1023410170
1000
洋红
1000
洋红
1000
DASHED
1071
       -3
1071
        0
1071
        1
1071
        0
1000
详图钢板细线虚线
  0
XRECORD
  5
148
102
{ACAD_REACTORS
330
68
102
}
330
68
100
AcDbXrecord
280
     1
1001
a
1071
        0
1071
100864002
1071
100864002
1071
        2
1000
STXT_GB_THICK
1071
-1023410174
1000
黄
1000
黄
1000
CONTINUOUS
1071
       -3
1071
        0
1071
        1
1071
        0
1000
详图钢板粗线
  0
XRECORD
  5
3C3
102
{ACAD_REACTORS
330
68
102
}
330
68
100
AcDbXrecord
280
     1
1001
a
1071
        0
1071
100864003
1071
100864003
1071
        2
1000
STXT_GB_TCKDSH
1071
-1023410170
1000
洋红
1000
洋红
1000
DASHED
1071
       -3
1071
        0
1071
        1
1071
        0
1000
详图钢板粗线虚线
  0
XRECORD
  5
25D
102
{ACAD_REACTORS
330
68
102
}
330
68
100
AcDbXrecord
280
     1
1001
a
1071
        0
1071
100864004
1071
    20480
1071
        1
1000
STXT_GB_HATCH
1071
-1023409922
1000
254
1000
254
1000
CONTINUOUS
1071
       -3
1071
        0
1071
        1
1071
        0
1000
详图钢板填充
  0
XRECORD
  5
184
102
{ACAD_REACTORS
330
68
102
}
330
68
100
AcDbXrecord
280
     1
1001
a
1071
        0
1071
100868096
1071
100868096
1071
        2
1000
STXT_LS_THIN
1071
-1023410168
1000
8
1000
8
1000
CONTINUOUS
1071
       -3
1071
        0
1071
        1
1071
        0
1000
详图螺栓细线
  0
XRECORD
  5
404
102
{ACAD_REACTORS
330
68
102
}
330
68
100
AcDbXrecord
280
     1
1001
a
1071
        0
1071
100868097
1071
100868097
1071
        2
1000
STXT_LS_TNDSH
1071
-1023410168
1000
8
1000
8
1000
DASHED
1071
       -3
1071
        0
1071
        1
1071
        0
1000
详图螺栓细线虚线
  0
XRECORD
  5
2A5
102
{ACAD_REACTORS
330
68
102
}
330
68
100
AcDbXrecord
280
     1
1001
a
1071
        0
1071
100868098
1071
100868098
1071
        2
1000
STXT_LS_THICK
1071
-1023410168
1000
8
1000
8
1000
CONTINUOUS
1071
       -3
1071
        0
1071
        1
1071
        0
1000
详图螺栓粗线
  0
XRECORD
  5
149
102
{ACAD_REACTORS
330
68
102
}
330
68
100
AcDbXrecord
280
     1
1001
a
1071
        0
1071
100868099
1071
100868099
1071
        2
1000
STXT_LS_TCKDSH
1071
-1023410168
1000
8
1000
8
1000
DASHED
1071
       -3
1071
        0
1071
        1
1071
        0
1000
详图螺栓粗线虚线
  0
XRECORD
  5
3C4
102
{ACAD_REACTORS
330
68
102
}
330
68
100
AcDbXrecord
280
     1
1001
a
1071
        0
1071
100868100
1071
100868100
1071
        2
1000
STXT_LS_SIGN
1071
-1023410169
1000
白
1000
白
1000
CONTINUOUS
1071
       -3
1071
        0
1071
        1
1071
        0
1000
详图螺栓符号
  0
XRECORD
  5
2E2
102
{ACAD_REACTORS
330
68
102
}
330
68
100
AcDbXrecord
280
     1
1001
a
1071
        0
1071
100872192
1071
100872192
1071
        2
1000
STXT_HF
1071
-1023410169
1000
白
1000
白
1000
CONTINUOUS
1071
       -3
1071
        0
1071
        1
1071
        0
1000
详图焊缝
  0
XRECORD
  5
185
102
{ACAD_REACTORS
330
68
102
}
330
68
100
AcDbXrecord
280
     1
1001
a
1071
        0
1071
100872193
1071
     8192
1071
        1
1000
STXT_HF_TEXT
1071
-1023410169
1000
白
1000
白
1000
CONTINUOUS
1071
       -3
1071
        0
1071
        1
1071
        0
1000
详图焊缝文字
  0
XRECORD
  5
440
102
{ACAD_REACTORS
330
68
102
}
330
68
100
AcDbXrecord
280
     1
1001
a
1071
        0
1071
100876288
1071
    12288
1071
        1
1000
STXT_GEN_DIM
1071
-1023410173
1000
绿
1000
绿
1000
CONTINUOUS
1071
       -3
1071
        0
1071
        1
1071
        0
1000
详图钢结构尺寸
  0
XRECORD
  5
2E3
102
{ACAD_REACTORS
330
68
102
}
330
68
100
AcDbXrecord
280
     1
1001
a
1071
        0
1071
100876289
1071
     8192
1071
        1
1000
STXT_GEN_TEXT
1071
-1023410169
1000
白
1000
白
1000
CONTINUOUS
1071
       -3
1071
        0
1071
        1
1071
        0
1000
详图钢结构文字
  0
XRECORD
  5
186
102
{ACAD_REACTORS
330
68
102
}
330
68
100
AcDbXrecord
280
     1
1001
a
1071
        0
1071
100876290
1071
100876290
1071
        2
1000
STXT_GEN_SIGN
1071
-1023410169
1000
白
1000
白
1000
CONTINUOUS
1071
       -3
1071
        0
1071
        1
1071
        0
1000
详图钢结构符号
  0
XRECORD
  5
405
102
{ACAD_REACTORS
330
68
102
}
330
68
100
AcDbXrecord
280
     1
1001
a
1071
        0
1071
100876291
1071
100876291
1071
        2
1000
STXT_GEN_ELEV
1071
-1023410169
1000
白
1000
白
1000
CONTINUOUS
1071
       -3
1071
        0
1071
        1
1071
        0
1000
详图钢结构标高
  0
XRECORD
  5
2A6
102
{ACAD_REACTORS
330
68
102
}
330
68
100
AcDbXrecord
280
     1
1001
a
1071
        0
1071
100876292
1071
    65536
1071
        1
1000
STXT_GEN_AXIS
1071
-1023409923
1000
253
1000
253
1000
CENTER
1071
       -3
1071
        0
1071
        1
1071
        0
1000
详图钢结构轴线
  0
XRECORD
  5
14A
102
{ACAD_REACTORS
330
68
102
}
330
68
100
AcDbXrecord
280
     1
1001
a
1071
        0
1071
100876293
1071
100876293
1071
        2
1000
STXT_GEN_AXNUM
1071
-1023410169
1000
白
1000
白
1000
CONTINUOUS
1071
       -3
1071
        0
1071
        1
1071
        0
1000
详图钢结构轴标
  0
XRECORD
  5
3C5
102
{ACAD_REACTORS
330
68
102
}
330
68
100
AcDbXrecord
280
     1
1001
a
1071
        0
1071
100876294
1071
100876294
1071
        2
1000
STXT_GEN_PDX
1071
-1023410169
1000
白
1000
白
1000
CONTINUOUS
1071
       -3
1071
        0
1071
        1
1071
        0
1000
详图钢结构剖断线
  0
XRECORD
  5
14B
102
{ACAD_REACTORS
330
68
102
}
330
68
100
AcDbXrecord
280
     1
1001
a
1071
        0
1071
100925440
1071
100925440
1071
        2
1000
STGJ_BEAM
1071
-1023410171
1000
蓝
1000
蓝
1000
CONTINUOUS
1071
       -3
1071
        0
1071
        1
1071
        0
1000
构件钢梁
  0
XRECORD
  5
3C6
102
{ACAD_REACTORS
330
68
102
}
330
68
100
AcDbXrecord
280
     1
1001
a
1071
        0
1071
100925441
1071
100925441
1071
        2
1000
STGJ_BEAM_SY
1071
-1023410171
1000
蓝
1000
蓝
1000
CONTINUOUS
1071
       90
1071
        0
1071
        1
1071
        0
1000
构件钢梁示意线
  0
XRECORD
  5
25E
102
{ACAD_REACTORS
330
68
102
}
330
68
100
AcDbXrecord
280
     1
1001
a
1071
        0
1071
100925442
1071
100925442
1071
        2
1000
STGJ_BEAM_DASH
1071
-1023410167
1000
9
1000
9
1000
DASHED
1071
       -3
1071
        0
1071
        1
1071
        0
1000
构件钢梁虚线
  0
XRECORD
  5
FD
102
{ACAD_REACTORS
330
68
102
}
330
68
100
AcDbXrecord
280
     1
1001
a
1071
        0
1071
100925443
1071
     8192
1071
        1
1000
STGJ_BEAM_TEXT
1071
-1023410169
1000
白
1000
白
1000
CONTINUOUS
1071
       -3
1071
        0
1071
        1
1071
        0
1000
构件钢梁文字
  0
XRECORD
  5
37C
102
{ACAD_REACTORS
330
68
102
}
330
68
100
AcDbXrecord
280
     1
1001
a
1071
        0
1071
100925444
1071
    12288
1071
        1
1000
STGJ_BEAM_DIM
1071
-1023410173
1000
绿
1000
绿
1000
CONTINUOUS
1071
       -3
1071
        0
1071
        1
1071
        0
1000
构件钢梁尺寸
  0
XRECORD
  5
21A
102
{ACAD_REACTORS
330
68
102
}
330
68
100
AcDbXrecord
280
     1
1001
a
1071
        0
1071
100925445
1071
    16384
1071
        1
1000
STGJ_BEAM_NUM
1071
-1023410169
1000
白
1000
白
1000
CONTINUOUS
1071
       -3
1071
        0
1071
        1
1071
        0
1000
构件钢梁编号
  0
XRECORD
  5
C0
102
{ACAD_REACTORS
330
68
102
}
330
68
100
AcDbXrecord
280
     1
1001
a
1071
        0
1071
100925446
1071
100925446
1071
        2
1000
STGJ_BEAM_SIG
1071
-1023410169
1000
白
1000
白
1000
CONTINUOUS
1071
       -3
1071
        0
1071
        1
1071
        0
1000
构件刚接符号
  0
XRECORD
  5
2A7
102
{ACAD_REACTORS
330
68
102
}
330
68
100
AcDbXrecord
280
     1
1001
a
1071
        0
1071
100929536
1071
100929536
1071
        2
1000
STGJ_COLU
1071
-1023410136
1000
40
1000
40
1000
CONTINUOUS
1071
       -3
1071
        0
1071
        1
1071
        0
1000
构件钢柱
  0
XRECORD
  5
14C
102
{ACAD_REACTORS
330
68
102
}
330
68
100
AcDbXrecord
280
     1
1001
a
1071
        0
1071
100929537
1071
100929537
1071
        2
1000
STGJ_COLU_SY
1071
-1023410136
1000
40
1000
40
1000
CONTINUOUS
1071
       -3
1071
        0
1071
        1
1071
        0
1000
构件钢柱示意线
  0
XRECORD
  5
3C7
102
{ACAD_REACTORS
330
68
102
}
330
68
100
AcDbXrecord
280
     1
1001
a
1071
        0
1071
100929538
1071
100929538
1071
        2
1000
STGJ_COLU_DASH
1071
-1023410167
1000
9
1000
9
1000
DASHED
1071
       -3
1071
        0
1071
        1
1071
        0
1000
构件钢柱虚线
  0
XRECORD
  5
25F
102
{ACAD_REACTORS
330
68
102
}
330
68
100
AcDbXrecord
280
     1
1001
a
1071
        0
1071
100929539
1071
     8192
1071
        1
1000
STGJ_COLU_TEXT
1071
-1023410169
1000
白
1000
白
1000
CONTINUOUS
1071
       -3
1071
        0
1071
        1
1071
        0
1000
构件钢柱文字
  0
XRECORD
  5
FE
102
{ACAD_REACTORS
330
68
102
}
330
68
100
AcDbXrecord
280
     1
1001
a
1071
        0
1071
100929540
1071
    12288
1071
        1
1000
STGJ_COLU_DIM
1071
-1023410173
1000
绿
1000
绿
1000
CONTINUOUS
1071
       -3
1071
        0
1071
        1
1071
        0
1000
构件钢柱尺寸
  0
XRECORD
  5
37D
102
{ACAD_REACTORS
330
68
102
}
330
68
100
AcDbXrecord
280
     1
1001
a
1071
        0
1071
100929541
1071
    16384
1071
        1
1000
STGJ_COLU_NUM
1071
-1023410169
1000
白
1000
白
1000
CONTINUOUS
1071
       -3
1071
        0
1071
        1
1071
        0
1000
构件钢柱编号
  0
XRECORD
  5
406
102
{ACAD_REACTORS
330
68
102
}
330
68
100
AcDbXrecord
280
     1
1001
a
1071
        0
1071
100933632
1071
100933632
1071
        2
1000
STGJ_BRACE
1071
-1023410131
1000
45
1000
45
1000
CONTINUOUS
1071
       -3
1071
        0
1071
        1
1071
        0
1000
构件钢支撑
  0
XRECORD
  5
2A8
102
{ACAD_REACTORS
330
68
102
}
330
68
100
AcDbXrecord
280
     1
1001
a
1071
        0
1071
100933633
1071
100933633
1071
        2
1000
STGJ_BRACE_SY
1071
-1023410131
1000
45
1000
45
1000
DASHED
1071
       90
1071
        0
1071
        1
1071
        0
1000
构件钢支撑示意线
  0
XRECORD
  5
14D
102
{ACAD_REACTORS
330
68
102
}
330
68
100
AcDbXrecord
280
     1
1001
a
1071
        0
1071
100933634
1071
100933634
1071
        2
1000
STGJ_BRACE_DASH
1071
-1023410167
1000
9
1000
9
1000
DASHED
1071
       50
1071
        0
1071
        1
1071
        0
1000
构件钢支撑虚线
  0
XRECORD
  5
3C8
102
{ACAD_REACTORS
330
68
102
}
330
68
100
AcDbXrecord
280
     1
1001
a
1071
        0
1071
100933635
1071
     8192
1071
        1
1000
STGJ_BRACE_TEXT
1071
-1023410169
1000
白
1000
白
1000
CONTINUOUS
1071
       -3
1071
        0
1071
        1
1071
        0
1000
构件钢支撑文字
  0
XRECORD
  5
260
102
{ACAD_REACTORS
330
68
102
}
330
68
100
AcDbXrecord
280
     1
1001
a
1071
        0
1071
100933636
1071
    12288
1071
        1
1000
STGJ_BRACE_DIM
1071
-1023410173
1000
绿
1000
绿
1000
CONTINUOUS
1071
       -3
1071
        0
1071
        1
1071
        0
1000
构件钢支撑尺寸
  0
XRECORD
  5
FF
102
{ACAD_REACTORS
330
68
102
}
330
68
100
AcDbXrecord
280
     1
1001
a
1071
        0
1071
100933637
1071
    16384
1071
        1
1000
STGJ_BRACE_NUM
1071
-1023410169
1000
白
1000
白
1000
CONTINUOUS
1071
       -3
1071
        0
1071
        1
1071
        0
1000
构件钢支撑编号
  0
XRECORD
  5
187
102
{ACAD_REACTORS
330
68
102
}
330
68
100
AcDbXrecord
280
     1
1001
a
1071
        0
1071
100937728
1071
100937728
1071
        2
1000
STGJ_MOHO
1071
-1023410173
1000
绿
1000
绿
1000
CONTINUOUS
1071
       90
1071
        0
1071
        1
1071
        0
1000
构件单轨吊
  0
XRECORD
  5
407
102
{ACAD_REACTORS
330
68
102
}
330
68
100
AcDbXrecord
280
     1
1001
a
1071
        0
1071
100937729
1071
     8192
1071
        1
1000
STGJ_MOHO_TEXT
1071
-1023410169
1000
白
1000
白
1000
CONTINUOUS
1071
       -3
1071
        0
1071
        1
1071
        0
1000
构件单轨吊文字
  0
XRECORD
  5
2A9
102
{ACAD_REACTORS
330
68
102
}
330
68
100
AcDbXrecord
280
     1
1001
a
1071
        0
1071
100937730
1071
    12288
1071
        1
1000
STGJ_MOHO_DIM
1071
-1023410173
1000
绿
1000
绿
1000
CONTINUOUS
1071
       -3
1071
        0
1071
        1
1071
        0
1000
构件单轨吊尺寸
  0
XRECORD
  5
100
102
{ACAD_REACTORS
330
68
102
}
330
68
100
AcDbXrecord
280
     1
1001
a
1071
        0
1071
100941824
1071
100941824
1071
        2
1000
STGJ_CRGI
1071
-1023410173
1000
绿
1000
绿
1000
CONTINUOUS
1071
       90
1071
        0
1071
        1
1071
        0
1000
构件吊车梁
  0
XRECORD
  5
37E
102
{ACAD_REACTORS
330
68
102
}
330
68
100
AcDbXrecord
280
     1
1001
a
1071
        0
1071
100941825
1071
     8192
1071
        1
1000
STGJ_CRGI_TEXT
1071
-1023410169
1000
白
1000
白
1000
CONTINUOUS
1071
       -3
1071
        0
1071
        1
1071
        0
1000
构件吊车梁文字
  0
XRECORD
  5
21B
102
{ACAD_REACTORS
330
68
102
}
330
68
100
AcDbXrecord
280
     1
1001
a
1071
        0
1071
100941826
1071
    12288
1071
        1
1000
STGJ_CRGI_DIM
1071
-1023410173
1000
绿
1000
绿
1000
CONTINUOUS
1071
       -3
1071
        0
1071
        1
1071
        0
1000
构件吊车梁尺寸
  0
XRECORD
  5
261
102
{ACAD_REACTORS
330
68
102
}
330
68
100
AcDbXrecord
280
     1
1001
a
1071
        0
1071
100945920
1071
100945920
1071
        2
1000
STGJ_STAIR
1071
-1023410062
1000
114
1000
114
1000
CONTINUOUS
1071
       -3
1071
        0
1071
        1
1071
        0
1000
构件钢梯
  0
XRECORD
  5
101
102
{ACAD_REACTORS
330
68
102
}
330
68
100
AcDbXrecord
280
     1
1001
a
1071
        0
1071
100945921
1071
100945921
1071
        2
1000
STGJ_STAIR_DASH
1071
-1023410062
1000
114
1000
114
1000
DASHED
1071
       -3
1071
        0
1071
        1
1071
        0
1000
构件钢梯虚线
  0
XRECORD
  5
37F
102
{ACAD_REACTORS
330
68
102
}
330
68
100
AcDbXrecord
280
     1
1001
a
1071
        0
1071
100945922
1071
     8192
1071
        1
1000
STGJ_STAIR_TEXT
1071
-1023410169
1000
白
1000
白
1000
CONTINUOUS
1071
       -3
1071
        0
1071
        1
1071
        0
1000
构件钢梯文字
  0
XRECORD
  5
21C
102
{ACAD_REACTORS
330
68
102
}
330
68
100
AcDbXrecord
280
     1
1001
a
1071
        0
1071
100945923
1071
    12288
1071
        1
1000
STGJ_STAIR_DIM
1071
-1023410173
1000
绿
1000
绿
1000
CONTINUOUS
1071
       -3
1071
        0
1071
        1
1071
        0
1000
构件钢梯尺寸
  0
XRECORD
  5
C1
102
{ACAD_REACTORS
330
68
102
}
330
68
100
AcDbXrecord
280
     1
1001
a
1071
        0
1071
100945924
1071
    16384
1071
        1
1000
STGJ_STAIR_NUM
1071
-1023410169
1000
白
1000
白
1000
CONTINUOUS
1071
       -3
1071
        0
1071
        1
1071
        0
1000
构件钢梯编号
  0
XRECORD
  5
3C9
102
{ACAD_REACTORS
330
68
102
}
330
68
100
AcDbXrecord
280
     1
1001
a
1071
        0
1071
100950016
1071
100950016
1071
        2
1000
STGJ_BOLT_THICK
1071
-1023410167
1000
9
1000
9
1000
CONTINUOUS
1071
       50
1071
        0
1071
        1
1071
        0
1000
构件螺栓粗线
  0
XRECORD
  5
262
102
{ACAD_REACTORS
330
68
102
}
330
68
100
AcDbXrecord
280
     1
1001
a
1071
        0
1071
100950017
1071
100950017
1071
        2
1000
STGJ_BOLT_THIN
1071
-1023410167
1000
9
1000
9
1000
CONTINUOUS
1071
       -3
1071
        0
1071
        1
1071
        0
1000
构件螺栓细线
  0
XRECORD
  5
102
102
{ACAD_REACTORS
330
68
102
}
330
68
100
AcDbXrecord
280
     1
1001
a
1071
        0
1071
100950018
1071
     8192
1071
        1
1000
STGJ_BOLT_TEXT
1071
-1023410169
1000
白
1000
白
1000
CONTINUOUS
1071
       -3
1071
        0
1071
        1
1071
        0
1000
构件螺栓文字
  0
XRECORD
  5
380
102
{ACAD_REACTORS
330
68
102
}
330
68
100
AcDbXrecord
280
     1
1001
a
1071
        0
1071
100950019
1071
    12288
1071
        1
1000
STGJ_BOLT_DIM
1071
-1023410173
1000
绿
1000
绿
1000
CONTINUOUS
1071
       -3
1071
        0
1071
        1
1071
        0
1000
构件螺栓尺寸
  0
XRECORD
  5
14E
102
{ACAD_REACTORS
330
68
102
}
330
68
100
AcDbXrecord
280
     1
1001
a
1071
        0
1071
100954112
1071
100954112
1071
        2
1000
STGJ_ANCH_THICK
1071
-1023409923
1000
253
1000
253
1000
CONTINUOUS
1071
       50
1071
        0
1071
        1
1071
        0
1000
构件锚钉粗线
  0
XRECORD
  5
3CA
102
{ACAD_REACTORS
330
68
102
}
330
68
100
AcDbXrecord
280
     1
1001
a
1071
        0
1071
100954113
1071
100954113
1071
        2
1000
STGJ_ANCH_THIN
1071
-1023409923
1000
253
1000
253
1000
CONTINUOUS
1071
       -3
1071
        0
1071
        1
1071
        0
1000
构件锚钉细线
  0
XRECORD
  5
263
102
{ACAD_REACTORS
330
68
102
}
330
68
100
AcDbXrecord
280
     1
1001
a
1071
        0
1071
100954114
1071
     8192
1071
        1
1000
STGJ_ANCH_TEXT
1071
-1023410169
1000
白
1000
白
1000
CONTINUOUS
1071
       -3
1071
        0
1071
        1
1071
        0
1000
构件锚钉文字
  0
XRECORD
  5
103
102
{ACAD_REACTORS
330
68
102
}
330
68
100
AcDbXrecord
280
     1
1001
a
1071
        0
1071
100954115
1071
    12288
1071
        1
1000
STGJ_ANCH_DIM
1071
-1023410173
1000
绿
1000
绿
1000
CONTINUOUS
1071
       -3
1071
        0
1071
        1
1071
        0
1000
构件锚钉尺寸
  0
XRECORD
  5
2AA
102
{ACAD_REACTORS
330
68
102
}
330
68
100
AcDbXrecord
280
     1
1001
a
1071
        0
1071
100958208
1071
100958208
1071
        2
1000
STGJ_STBR
1071
-1023409924
1000
252
1000
252
1000
CONTINUOUS
1071
       30
1071
        0
1071
        1
1071
        0
1000
构件钢牛腿
  0
XRECORD
  5
14F
102
{ACAD_REACTORS
330
68
102
}
330
68
100
AcDbXrecord
280
     1
1001
a
1071
        0
1071
100958209
1071
100958209
1071
        2
1000
STGJ_STBR_DASH
1071
-1023409924
1000
252
1000
252
1000
DASHED
1071
       -3
1071
        0
1071
        1
1071
        0
1000
构件钢牛腿虚线
  0
XRECORD
  5
3CB
102
{ACAD_REACTORS
330
68
102
}
330
68
100
AcDbXrecord
280
     1
1001
a
1071
        0
1071
100958210
1071
     8192
1071
        1
1000
STGJ_STBR_TEXT
1071
-1023410169
1000
白
1000
白
1000
CONTINUOUS
1071
       -3
1071
        0
1071
        1
1071
        0
1000
构件钢牛腿文字
  0
XRECORD
  5
264
102
{ACAD_REACTORS
330
68
102
}
330
68
100
AcDbXrecord
280
     1
1001
a
1071
        0
1071
100958211
1071
    12288
1071
        1
1000
STGJ_STBR_DIM
1071
-1023410173
1000
绿
1000
绿
1000
CONTINUOUS
1071
       -3
1071
        0
1071
        1
1071
        0
1000
构件钢牛腿尺寸
  0
XRECORD
  5
104
102
{ACAD_REACTORS
330
68
102
}
330
68
100
AcDbXrecord
280
     1
1001
a
1071
        0
1071
100958212
1071
    16384
1071
        1
1000
STGJ_STBR_NUM
1071
-1023410169
1000
白
1000
白
1000
CONTINUOUS
1071
       -3
1071
        0
1071
        1
1071
        0
1000
构件钢牛腿编号
  0
XRECORD
  5
C9
102
{ACAD_REACTORS
330
68
102
}
330
68
100
AcDbXrecord
280
     1
1001
a
1071
        0
1071
    12288
1071
    12288
1071
        2
1000
S-DETL-DIM
1071
-1023410025
1000
151
1000
151
1000
CONTINUOUS
1071
        0
1071
        0
1071
        1
1071
        0
1000
尺寸
  0
XRECORD
  5
38E
102
{ACAD_REACTORS
330
68
102
}
330
68
100
AcDbXrecord
280
     1
1001
a
1071
        0
1071
   131072
1071
   131072
1071
        2
1000
S-COLU-LINE1
1071
-1023410170
1000
洋红
1000
洋红
1000
CONTINUOUS
1071
        0
1071
        0
1071
        1
1071
        0
1000
平面柱子
  0
XRECORD
  5
228
102
{ACAD_REACTORS
330
68
102
}
330
68
100
AcDbXrecord
280
     1
1001
a
1071
        0
1071
   131073
1071
   131072
1071
        0
1000
S-COLU-LINE1
1071
-1023410170
1000
洋红
1000
洋红
1000
CONTINUOUS
1071
        0
1071
        0
1071
        1
1071
        0
1000
平面柱子粗线
  0
XRECORD
  5
CA
102
{ACAD_REACTORS
330
68
102
}
330
68
100
AcDbXrecord
280
     1
1001
a
1071
        0
1071
   131074
1071
   131074
1071
        2
1000
S-COLU-LINE2
1071
-1023410170
1000
洋红
1000
洋红
1000
H1墙柱虚线
1071
        0
1071
        0
1071
        1
1071
        0
1000
平面柱子虚线
  0
XRECORD
  5
34D
102
{ACAD_REACTORS
330
68
102
}
330
68
100
AcDbXrecord
280
     1
1001
a
1071
        0
1071
   131075
1071
   131074
1071
        1
1000
COLU_TCKDSH
1071
-1023410167
1000
9
1000
9
1000
DASHED
1071
        0
1071
        0
1071
        1
1071
        0
1000
平面柱子粗虚线
  0
XRECORD
  5
1F1
102
{ACAD_REACTORS
330
68
102
}
330
68
100
AcDbXrecord
280
     1
1001
a
1071
        0
1071
   131076
1071
        0
1071
        1
1000
S-COLU-RBAR
1071
-1023410175
1000
红
1000
红
1000
CONTINUOUS
1071
        0
1071
        0
1071
        1
1071
        0
1000
平面柱子点钢筋
  0
XRECORD
  5
9D
102
{ACAD_REACTORS
330
68
102
}
330
68
100
AcDbXrecord
280
     1
1001
a
1071
        0
1071
   131077
1071
     4096
1071
        1
1000
S-COLU-RBAR
1071
-1023410175
1000
红
1000
红
1000
CONTINUOUS
1071
        0
1071
        0
1071
        1
1071
        0
1000
平面柱子线钢筋
  0
XRECORD
  5
320
102
{ACAD_REACTORS
330
68
102
}
330
68
100
AcDbXrecord
280
     1
1001
a
1071
        0
1071
   131078
1071
     8192
1071
        1
1000
S-COLU-TEXT
1071
-1023410169
1000
白
1000
白
1000
CONTINUOUS
1071
        0
1071
        0
1071
        1
1071
        0
1000
平面柱子集中标
  0
XRECORD
  5
1C4
102
{ACAD_REACTORS
330
68
102
}
330
68
100
AcDbXrecord
280
     1
1001
a
1071
        0
1071
   131079
1071
     8192
1071
        1
1000
S-COLU-TEXT
1071
-1023410169
1000
白
1000
白
1000
CONTINUOUS
1071
        0
1071
        0
1071
        1
1071
        0
1000
平面柱子原位标
  0
XRECORD
  5
6B
102
{ACAD_REACTORS
330
68
102
}
330
68
100
AcDbXrecord
280
     1
1001
a
1071
        0
1071
   131080
1071
    12288
1071
        1
1000
S-COLU-DIM
1071
-1023410025
1000
151
1000
151
1000
CONTINUOUS
1071
        0
1071
        0
1071
        1
1071
        0
1000
平面柱子尺寸
  0
XRECORD
  5
2EC
102
{ACAD_REACTORS
330
68
102
}
330
68
100
AcDbXrecord
280
     1
1001
a
1071
        0
1071
   131081
1071
    16384
1071
        1
1000
S-COLU-TEXT
1071
-1023410169
1000
白
1000
白
1000
CONTINUOUS
1071
        0
1071
        0
1071
        1
1071
        0
1000
平面柱子编号
  0
XRECORD
  5
191
102
{ACAD_REACTORS
330
68
102
}
330
68
100
AcDbXrecord
280
     1
1001
a
1071
        0
1071
   131082
1071
    20480
1071
        1
1000
S-COLU-HATCH
1071
-1023410146
1000
30
1000
30
1000
CONTINUOUS
1071
        0
1071
        0
1071
        1
1071
        0
1000
平面柱子填充
  0
XRECORD
  5
411
102
{ACAD_REACTORS
330
68
102
}
330
68
100
AcDbXrecord
280
     1
1001
a
1071
        0
1071
   131083
1071
    36864
1071
        1
1000
COLU_LOAD
1071
-1023410175
1000
红
1000
红
1000
CONTINUOUS
1071
        0
1071
        0
1071
        1
1071
        0
1000
平面柱子荷载
  0
XRECORD
  5
2B5
102
{ACAD_REACTORS
330
68
102
}
330
68
100
AcDbXrecord
280
     1
1001
a
1071
        0
1071
   131084
1071
     8192
1071
        1
1000
COLU_TEXT
1071
-1023410169
1000
白
1000
白
1000
CONTINUOUS
1071
        0
1071
        0
1071
        1
1071
        0
1000
平面柱子文字
  0
XRECORD
  5
112
102
{ACAD_REACTORS
330
68
102
}
330
68
100
AcDbXrecord
280
     1
1001
a
1071
        0
1071
   135168
1071
   135168
1071
        2
1000
S-DETL-LINE1
1071
-1023410174
1000
黄
1000
黄
1000
CONTINUOUS
1071
        0
1071
        0
1071
        1
1071
        0
1000
详图柱子
  0
XRECORD
  5
38F
102
{ACAD_REACTORS
330
68
102
}
330
68
100
AcDbXrecord
280
     1
1001
a
1071
        0
1071
   135169
1071
   135168
1071
        1
1000
S-DETL-LINE1
1071
-1023410174
1000
黄
1000
黄
1000
CONTINUOUS
1071
        0
1071
        0
1071
        1
1071
        0
1000
详图柱子粗线
  0
XRECORD
  5
229
102
{ACAD_REACTORS
330
68
102
}
330
68
100
AcDbXrecord
280
     1
1001
a
1071
        0
1071
   135170
1071
   135170
1071
        2
1000
S-DETL-LINE2
1071
-1023410174
1000
黄
1000
黄
1000
H3普通虚线
1071
        0
1071
        0
1071
        1
1071
        0
1000
详图柱子虚线
  0
XRECORD
  5
CB
102
{ACAD_REACTORS
330
68
102
}
330
68
100
AcDbXrecord
280
     1
1001
a
1071
        0
1071
   135171
1071
   135170
1071
        1
1000
COLU_DE_TCKDSH
1071
-1023410167
1000
9
1000
9
1000
DASHED
1071
        0
1071
        0
1071
        1
1071
        0
1000
详图柱子粗虚线
  0
XRECORD
  5
34E
102
{ACAD_REACTORS
330
68
102
}
330
68
100
AcDbXrecord
280
     1
1001
a
1071
        0
1071
   135172
1071
        0
1071
        0
1000
S-DETL-RBAR
1071
-1023410175
1000
红
1000
红
1000
CONTINUOUS
1071
        0
1071
        0
1071
        1
1071
        0
1000
详图柱子点钢筋
  0
XRECORD
  5
1F2
102
{ACAD_REACTORS
330
68
102
}
330
68
100
AcDbXrecord
280
     1
1001
a
1071
        0
1071
   135173
1071
     4096
1071
        0
1000
S-DETL-RBAR
1071
-1023410175
1000
红
1000
红
1000
CONTINUOUS
1071
        0
1071
        0
1071
        1
1071
        0
1000
详图柱子线钢筋
  0
XRECORD
  5
9E
102
{ACAD_REACTORS
330
68
102
}
330
68
100
AcDbXrecord
280
     1
1001
a
1071
        0
1071
   135174
1071
     8192
1071
        1
1000
COLU_DE_TEXT_JZ
1071
-1023410169
1000
白
1000
白
1000
CONTINUOUS
1071
        0
1071
        0
1071
        1
1071
        0
1000
详图柱子集中标
  0
XRECORD
  5
321
102
{ACAD_REACTORS
330
68
102
}
330
68
100
AcDbXrecord
280
     1
1001
a
1071
        0
1071
   135175
1071
     8192
1071
        1
1000
COLU_DE_TEXT_YW
1071
-1023410169
1000
白
1000
白
1000
CONTINUOUS
1071
        0
1071
        0
1071
        1
1071
        0
1000
详图柱子原位标
  0
XRECORD
  5
1C5
102
{ACAD_REACTORS
330
68
102
}
330
68
100
AcDbXrecord
280
     1
1001
a
1071
        0
1071
   135176
1071
     8192
1071
        0
1000
S-DETL-TEXT
1071
-1023410169
1000
白
1000
白
1000
CONTINUOUS
1071
        0
1071
        0
1071
        1
1071
        0
1000
详图柱子文字
  0
XRECORD
  5
6C
102
{ACAD_REACTORS
330
68
102
}
330
68
100
AcDbXrecord
280
     1
1001
a
1071
        0
1071
   135177
1071
    12288
1071
        0
1000
S-DETL-DIM
1071
-1023410025
1000
151
1000
151
1000
CONTINUOUS
1071
        0
1071
        0
1071
        1
1071
        0
1000
详图柱子尺寸
  0
XRECORD
  5
2ED
102
{ACAD_REACTORS
330
68
102
}
330
68
100
AcDbXrecord
280
     1
1001
a
1071
        0
1071
   135178
1071
    16384
1071
        0
1000
S-DETL-TEXT
1071
-1023410169
1000
白
1000
白
1000
CONTINUOUS
1071
        0
1071
        0
1071
        1
1071
        0
1000
详图柱子编号
  0
XRECORD
  5
192
102
{ACAD_REACTORS
330
68
102
}
330
68
100
AcDbXrecord
280
     1
1001
a
1071
        0
1071
   135179
1071
    20480
1071
        0
1000
S-DETL-HATCH
1071
-1023409923
1000
253
1000
253
1000
CONTINUOUS
1071
        0
1071
        0
1071
        1
1071
        0
1000
详图柱子填充
  0
XRECORD
  5
273
102
{ACAD_REACTORS
330
68
102
}
330
68
100
AcDbXrecord
280
     1
1001
a
1071
        0
1071
   139264
1071
   139264
1071
        2
1000
COLU_BR
1071
-1023410169
1000
白
1000
白
1000
CONTINUOUS
1071
        0
1071
        0
1071
        1
1071
        0
1000
平面构造柱
  0
XRECORD
  5
113
102
{ACAD_REACTORS
330
68
102
}
330
68
100
AcDbXrecord
280
     1
1001
a
1071
        0
1071
   139265
1071
   139264
1071
        0
1000
COLU_BR
1071
-1023410169
1000
白
1000
白
1000
CONTINUOUS
1071
        0
1071
        0
1071
        1
1071
        0
1000
平面构造柱粗线
  0
XRECORD
  5
390
102
{ACAD_REACTORS
330
68
102
}
330
68
100
AcDbXrecord
280
     1
1001
a
1071
        0
1071
   139266
1071
   139266
1071
        2
1000
S-SLAB-GZ
1071
-1023410046
1000
130
1000
130
1000
CONTINUOUS
1071
        0
1071
        0
1071
        1
1071
        0
1000
平面构造柱虚线
  0
XRECORD
  5
22A
102
{ACAD_REACTORS
330
68
102
}
330
68
100
AcDbXrecord
280
     1
1001
a
1071
        0
1071
   139267
1071
   139266
1071
        1
1000
COLU_GZ_TCKDSH
1071
-1023410167
1000
9
1000
9
1000
DASHED
1071
        0
1071
        0
1071
        1
1071
        0
1000
平面构造柱粗虚线
  0
XRECORD
  5
CC
102
{ACAD_REACTORS
330
68
102
}
330
68
100
AcDbXrecord
280
     1
1001
a
1071
        0
1071
   139268
1071
     8192
1071
        1
1000
COLU_GZ_TEXT_JZ
1071
-1023410169
1000
白
1000
白
1000
CONTINUOUS
1071
        0
1071
        0
1071
        1
1071
        0
1000
平面构造柱集中标
  0
XRECORD
  5
34F
102
{ACAD_REACTORS
330
68
102
}
330
68
100
AcDbXrecord
280
     1
1001
a
1071
        0
1071
   139269
1071
     8192
1071
        1
1000
COLU_GZ_TEXT_YW
1071
-1023410169
1000
白
1000
白
1000
CONTINUOUS
1071
        0
1071
        0
1071
        1
1071
        0
1000
平面构造柱原位标
  0
XRECORD
  5
1F3
102
{ACAD_REACTORS
330
68
102
}
330
68
100
AcDbXrecord
280
     1
1001
a
1071
        0
1071
   139270
1071
    12288
1071
        1
1000
COLU_GZ_DIM
1071
-1023410173
1000
绿
1000
绿
1000
CONTINUOUS
1071
        0
1071
        0
1071
        1
1071
        0
1000
平面构造柱尺寸
  0
XRECORD
  5
9F
102
{ACAD_REACTORS
330
68
102
}
330
68
100
AcDbXrecord
280
     1
1001
a
1071
        0
1071
   139271
1071
    16384
1071
        1
1000
COLU_GZ_NUM
1071
-1023410169
1000
白
1000
白
1000
CONTINUOUS
1071
        0
1071
        0
1071
        1
1071
        0
1000
平面构造柱编号
  0
XRECORD
  5
322
102
{ACAD_REACTORS
330
68
102
}
330
68
100
AcDbXrecord
280
     1
1001
a
1071
        0
1071
   139272
1071
    20480
1071
        1
1000
COLU_GZ_HATCH
1071
-1023409925
1000
251
1000
251
1000
CONTINUOUS
1071
        0
1071
        0
1071
        1
1071
        0
1000
平面构造柱填充
  0
XRECORD
  5
3DB
102
{ACAD_REACTORS
330
68
102
}
330
68
100
AcDbXrecord
280
     1
1001
a
1071
        0
1071
   143360
1071
   143360
1071
        2
1000
COLU_CAP
1071
-1023410169
1000
白
1000
白
1000
CONTINUOUS
1071
        0
1071
        0
1071
        1
1071
        0
1000
平面柱帽
  0
XRECORD
  5
274
102
{ACAD_REACTORS
330
68
102
}
330
68
100
AcDbXrecord
280
     1
1001
a
1071
        0
1071
   143361
1071
   143360
1071
        1
1000
COLU_CAP_THICK
1071
-1023410169
1000
白
1000
白
1000
CONTINUOUS
1071
        0
1071
        0
1071
        1
1071
        0
1000
平面柱帽粗线
  0
XRECORD
  5
114
102
{ACAD_REACTORS
330
68
102
}
330
68
100
AcDbXrecord
280
     1
1001
a
1071
        0
1071
   143362
1071
   143362
1071
        2
1000
COLU_CAP_DASH
1071
-1023410167
1000
9
1000
9
1000
DASHED
1071
        0
1071
        0
1071
        1
1071
        0
1000
平面柱帽虚线
  0
XRECORD
  5
391
102
{ACAD_REACTORS
330
68
102
}
330
68
100
AcDbXrecord
280
     1
1001
a
1071
        0
1071
   143363
1071
   143362
1071
        1
1000
COLU_CAP_TCKDSH
1071
-1023410167
1000
9
1000
9
1000
DASHED
1071
        0
1071
        0
1071
        1
1071
        0
1000
平面柱帽粗虚线
  0
XRECORD
  5
22B
102
{ACAD_REACTORS
330
68
102
}
330
68
100
AcDbXrecord
280
     1
1001
a
1071
        0
1071
   143364
1071
     8192
1071
        1
1000
COLU_CAP_TEXT
1071
-1023410169
1000
白
1000
白
1000
CONTINUOUS
1071
        0
1071
        0
1071
        1
1071
        0
1000
平面柱帽文字
  0
XRECORD
  5
CD
102
{ACAD_REACTORS
330
68
102
}
330
68
100
AcDbXrecord
280
     1
1001
a
1071
        0
1071
   143365
1071
    12288
1071
        1
1000
COLU_CAP_DIM
1071
-1023410173
1000
绿
1000
绿
1000
CONTINUOUS
1071
        0
1071
        0
1071
        1
1071
        0
1000
平面柱帽尺寸
  0
XRECORD
  5
350
102
{ACAD_REACTORS
330
68
102
}
330
68
100
AcDbXrecord
280
     1
1001
a
1071
        0
1071
   143366
1071
    16384
1071
        1
1000
COLU_CAP_NUM
1071
-1023410169
1000
白
1000
白
1000
CONTINUOUS
1071
        0
1071
        0
1071
        1
1071
        0
1000
平面柱帽编号
  0
XRECORD
  5
1F4
102
{ACAD_REACTORS
330
68
102
}
330
68
100
AcDbXrecord
280
     1
1001
a
1071
        0
1071
   143367
1071
    20480
1071
        1
1000
COLU_CAP_HATCH
1071
-1023409925
1000
251
1000
251
1000
CONTINUOUS
1071
        0
1071
        0
1071
        1
1071
        0
1000
平面柱帽填充
  0
XRECORD
  5
227
102
{ACAD_REACTORS
330
68
102
}
330
68
100
AcDbXrecord
280
     1
1001
a
1071
        0
1071
    16384
1071
    16384
1071
        2
1000
S-DETL-TEXT
1071
-1023410169
1000
白
1000
白
1000
CONTINUOUS
1071
        0
1071
        0
1071
        1
1071
        0
1000
编号
  0
XRECORD
  5
2E4
102
{ACAD_REACTORS
330
68
102
}
330
68
100
AcDbXrecord
280
     1
1001
a
1071
        0
1071
184549376
1071
   327680
1071
        2
1000
TANK_WALL
1071
-1023410169
1000
白
1000
白
1000
CONTINUOUS
1071
       -3
1071
        0
1071
        1
1071
        0
1000
水池池壁
  0
XRECORD
  5
188
102
{ACAD_REACTORS
330
68
102
}
330
68
100
AcDbXrecord
280
     1
1001
a
1071
        0
1071
184549377
1071
   458752
1071
        1
1000
TANK_SLABT
1071
-1023410169
1000
白
1000
白
1000
CONTINUOUS
1071
       -3
1071
        0
1071
        1
1071
        0
1000
水池顶板
  0
XRECORD
  5
408
102
{ACAD_REACTORS
330
68
102
}
330
68
100
AcDbXrecord
280
     1
1001
a
1071
        0
1071
184549378
1071
   458752
1071
        1
1000
TANK_SLABB
1071
-1023410169
1000
白
1000
白
1000
CONTINUOUS
1071
       -3
1071
        0
1071
        1
1071
        0
1000
水池底板
  0
XRECORD
  5
2AB
102
{ACAD_REACTORS
330
68
102
}
330
68
100
AcDbXrecord
280
     1
1001
a
1071
        0
1071
184549379
1071
   131072
1071
        1
1000
TANK_COLU
1071
-1023410169
1000
白
1000
白
1000
CONTINUOUS
1071
       -3
1071
        0
1071
        1
1071
        0
1000
水池柱
  0
XRECORD
  5
150
102
{ACAD_REACTORS
330
68
102
}
330
68
100
AcDbXrecord
280
     1
1001
a
1071
        0
1071
184549380
1071
   262144
1071
        1
1000
TANK_BEAM
1071
-1023410169
1000
白
1000
白
1000
CONTINUOUS
1071
       -3
1071
        0
1071
        1
1071
        0
1000
水池梁
  0
XRECORD
  5
3CC
102
{ACAD_REACTORS
330
68
102
}
330
68
100
AcDbXrecord
280
     1
1001
a
1071
        0
1071
184549381
1071
   589824
1071
        1
1000
TANK_HOLE
1071
-1023410173
1000
绿
1000
绿
1000
CONTINUOUS
1071
       -3
1071
        0
1071
        1
1071
        0
1000
水池洞口
  0
XRECORD
  5
265
102
{ACAD_REACTORS
330
68
102
}
330
68
100
AcDbXrecord
280
     1
1001
a
1071
        0
1071
184549382
1071
    36864
1071
        1
1000
TANK_LOAD
1071
-1023410175
1000
红
1000
红
1000
CONTINUOUS
1071
       -3
1071
        0
1071
        1
1071
        0
1000
水池荷载
  0
XRECORD
  5
22C
102
{ACAD_REACTORS
330
68
102
}
330
68
100
AcDbXrecord
280
     1
1001
a
1071
        0
1071
   196608
1071
   196608
1071
        2
1000
WCOL
1071
-1023410169
1000
白
1000
白
1000
CONTINUOUS
1071
        0
1071
        0
1071
        1
1071
        0
1000
平面暗柱
  0
XRECORD
  5
CE
102
{ACAD_REACTORS
330
68
102
}
330
68
100
AcDbXrecord
280
     1
1001
a
1071
        0
1071
   196609
1071
   196608
1071
        1
1000
WCOL_THICK
1071
-1023410169
1000
白
1000
白
1000
CONTINUOUS
1071
        0
1071
        0
1071
        1
1071
        0
1000
平面暗柱粗线
  0
XRECORD
  5
351
102
{ACAD_REACTORS
330
68
102
}
330
68
100
AcDbXrecord
280
     1
1001
a
1071
        0
1071
   196610
1071
   196610
1071
        2
1000
WCOL_DASH
1071
-1023410167
1000
9
1000
9
1000
DASHED
1071
        0
1071
        0
1071
        1
1071
        0
1000
平面暗柱虚线
  0
XRECORD
  5
1F5
102
{ACAD_REACTORS
330
68
102
}
330
68
100
AcDbXrecord
280
     1
1001
a
1071
        0
1071
   196611
1071
   196610
1071
        1
1000
WCOL_TCKDSH
1071
-1023410167
1000
9
1000
9
1000
DASHED
1071
        0
1071
        0
1071
        1
1071
        0
1000
平面暗柱粗虚线
  0
XRECORD
  5
A0
102
{ACAD_REACTORS
330
68
102
}
330
68
100
AcDbXrecord
280
     1
1001
a
1071
        0
1071
   196612
1071
        0
1071
        1
1000
S-COLU-RBAR
1071
-1023410175
1000
红
1000
红
1000
CONTINUOUS
1071
        0
1071
        0
1071
        1
1071
        0
1000
平面暗柱点钢筋
  0
XRECORD
  5
323
102
{ACAD_REACTORS
330
68
102
}
330
68
100
AcDbXrecord
280
     1
1001
a
1071
        0
1071
   196613
1071
     4096
1071
        1
1000
S-COLU-RBAR
1071
-1023410175
1000
红
1000
红
1000
CONTINUOUS
1071
        0
1071
        0
1071
        1
1071
        0
1000
平面暗柱线钢筋
  0
XRECORD
  5
1C6
102
{ACAD_REACTORS
330
68
102
}
330
68
100
AcDbXrecord
280
     1
1001
a
1071
        0
1071
   196614
1071
     8192
1071
        1
1000
S-COLU-TEXT
1071
-1023410169
1000
白
1000
白
1000
CONTINUOUS
1071
        0
1071
        0
1071
        1
1071
        0
1000
平面暗柱文字
  0
XRECORD
  5
6D
102
{ACAD_REACTORS
330
68
102
}
330
68
100
AcDbXrecord
280
     1
1001
a
1071
        0
1071
   196615
1071
    12288
1071
        1
1000
S-COLU-DIM
1071
-1023410025
1000
151
1000
151
1000
CONTINUOUS
1071
        0
1071
        0
1071
        1
1071
        0
1000
平面暗柱尺寸
  0
XRECORD
  5
2EE
102
{ACAD_REACTORS
330
68
102
}
330
68
100
AcDbXrecord
280
     1
1001
a
1071
        0
1071
   196616
1071
    16384
1071
        1
1000
S-COLU-TEXT
1071
-1023410169
1000
白
1000
白
1000
CONTINUOUS
1071
        0
1071
        0
1071
        1
1071
        0
1000
平面暗柱编号
  0
XRECORD
  5
193
102
{ACAD_REACTORS
330
68
102
}
330
68
100
AcDbXrecord
280
     1
1001
a
1071
        0
1071
   196617
1071
    20480
1071
        1
1000
S-COLU-HATCH
1071
-1023410146
1000
30
1000
30
1000
CONTINUOUS
1071
        0
1071
        0
1071
        1
1071
        0
1000
平面暗柱填充
  0
XRECORD
  5
392
102
{ACAD_REACTORS
330
68
102
}
330
68
100
AcDbXrecord
280
     1
1001
a
1071
        0
1071
   200704
1071
   200704
1071
        2
1000
S-DETL-LINE1
1071
-1023410174
1000
黄
1000
黄
1000
CONTINUOUS
1071
        0
1071
        0
1071
        1
1071
        0
1000
详图暗柱
  0
XRECORD
  5
22D
102
{ACAD_REACTORS
330
68
102
}
330
68
100
AcDbXrecord
280
     1
1001
a
1071
        0
1071
   200705
1071
   200704
1071
        2
1000
S-DETL-LINE1
1071
-1023410174
1000
黄
1000
黄
1000
CONTINUOUS
1071
        0
1071
        0
1071
        1
1071
        0
1000
详图暗柱粗线
  0
XRECORD
  5
CF
102
{ACAD_REACTORS
330
68
102
}
330
68
100
AcDbXrecord
280
     1
1001
a
1071
        0
1071
   200706
1071
   200706
1071
        2
1000
S-DETL-LINE2
1071
-1023410174
1000
黄
1000
黄
1000
H3普通虚线
1071
        0
1071
        0
1071
        1
1071
        0
1000
详图暗柱虚线
  0
XRECORD
  5
352
102
{ACAD_REACTORS
330
68
102
}
330
68
100
AcDbXrecord
280
     1
1001
a
1071
        0
1071
   200707
1071
   200706
1071
        2
1000
WCOL_DE_TCKDSH
1071
-1023410167
1000
9
1000
9
1000
DASHED
1071
        0
1071
        0
1071
        1
1071
        0
1000
详图暗柱粗虚线
  0
XRECORD
  5
1F6
102
{ACAD_REACTORS
330
68
102
}
330
68
100
AcDbXrecord
280
     1
1001
a
1071
        0
1071
   200708
1071
        0
1071
        0
1000
S-DETL-RBAR
1071
-1023410175
1000
红
1000
红
1000
CONTINUOUS
1071
        0
1071
        0
1071
        1
1071
        0
1000
详图暗柱点钢筋
  0
XRECORD
  5
A1
102
{ACAD_REACTORS
330
68
102
}
330
68
100
AcDbXrecord
280
     1
1001
a
1071
        0
1071
   200709
1071
     4096
1071
        0
1000
S-DETL-RBAR
1071
-1023410175
1000
红
1000
红
1000
CONTINUOUS
1071
        0
1071
        0
1071
        1
1071
        0
1000
详图暗柱线钢筋
  0
XRECORD
  5
324
102
{ACAD_REACTORS
330
68
102
}
330
68
100
AcDbXrecord
280
     1
1001
a
1071
        0
1071
   200710
1071
     8192
1071
        0
1000
S-DETL-TEXT
1071
-1023410169
1000
白
1000
白
1000
CONTINUOUS
1071
        0
1071
        0
1071
        1
1071
        0
1000
详图暗柱文字
  0
XRECORD
  5
1C7
102
{ACAD_REACTORS
330
68
102
}
330
68
100
AcDbXrecord
280
     1
1001
a
1071
        0
1071
   200711
1071
    12288
1071
        0
1000
S-DETL-DIM
1071
-1023410025
1000
151
1000
151
1000
CONTINUOUS
1071
        0
1071
        0
1071
        1
1071
        0
1000
详图暗柱尺寸
  0
XRECORD
  5
6E
102
{ACAD_REACTORS
330
68
102
}
330
68
100
AcDbXrecord
280
     1
1001
a
1071
        0
1071
   200712
1071
    16384
1071
        0
1000
S-DETL-TEXT
1071
-1023410169
1000
白
1000
白
1000
CONTINUOUS
1071
        0
1071
        0
1071
        1
1071
        0
1000
详图暗柱编号
  0
XRECORD
  5
2EF
102
{ACAD_REACTORS
330
68
102
}
330
68
100
AcDbXrecord
280
     1
1001
a
1071
        0
1071
   200713
1071
    20480
1071
        0
1000
S-DETL-HATCH
1071
-1023409923
1000
253
1000
253
1000
CONTINUOUS
1071
        0
1071
        0
1071
        1
1071
        0
1000
详图暗柱填充
  0
XRECORD
  5
38D
102
{ACAD_REACTORS
330
68
102
}
330
68
100
AcDbXrecord
280
     1
1001
a
1071
        0
1071
    20480
1071
    20480
1071
        2
1000
S-DETL-HATCH
1071
-1023409923
1000
253
1000
253
1000
CONTINUOUS
1071
        0
1071
        0
1071
        1
1071
        0
1000
填充
  0
XRECORD
  5
12D
102
{ACAD_REACTORS
330
68
102
}
330
68
100
AcDbXrecord
280
     1
1001
a
1071
        0
1071
  2097152
1071
  2097152
1071
        2
1000
BASE_COLUM
1071
-1023410169
1000
白
1000
白
1000
CONTINUOUS
1071
        0
1071
        0
1071
        1
1071
        0
1000
基础柱子
  0
XRECORD
  5
3A8
102
{ACAD_REACTORS
330
68
102
}
330
68
100
AcDbXrecord
280
     1
1001
a
1071
        0
1071
  2097153
1071
  2097153
1071
        2
1000
BASE_COLUM_THICK
1071
-1023410167
1000
9
1000
9
1000
CONTINUOUS
1071
        0
1071
        0
1071
        1
1071
        0
1000
基础柱子粗线
  0
XRECORD
  5
241
102
{ACAD_REACTORS
330
68
102
}
330
68
100
AcDbXrecord
280
     1
1001
a
1071
        0
1071
  2097154
1071
        0
1071
        1
1000
BASE_COLUM_REIND
1071
-1023410175
1000
红
1000
红
1000
CONTINUOUS
1071
        0
1071
        0
1071
        1
1071
        0
1000
基础柱点钢筋
  0
XRECORD
  5
E1
102
{ACAD_REACTORS
330
68
102
}
330
68
100
AcDbXrecord
280
     1
1001
a
1071
        0
1071
  2097155
1071
     4096
1071
        1
1000
BASE_COLUM_REINL
1071
-1023410175
1000
红
1000
红
1000
CONTINUOUS
1071
        0
1071
        0
1071
        1
1071
        0
1000
基础柱线钢筋
  0
XRECORD
  5
363
102
{ACAD_REACTORS
330
68
102
}
330
68
100
AcDbXrecord
280
     1
1001
a
1071
        0
1071
  2097156
1071
     8192
1071
        1
1000
BASE_COLUM_TEXT
1071
-1023410169
1000
白
1000
白
1000
CONTINUOUS
1071
        0
1071
        0
1071
        1
1071
        0
1000
基础柱详图文字
  0
XRECORD
  5
202
102
{ACAD_REACTORS
330
68
102
}
330
68
100
AcDbXrecord
280
     1
1001
a
1071
        0
1071
  2097157
1071
    12288
1071
        1
1000
BASE_COLUM_DIM
1071
-1023410173
1000
绿
1000
绿
1000
CONTINUOUS
1071
        0
1071
        0
1071
        1
1071
        0
1000
基础柱详图尺寸
  0
XRECORD
  5
AC
102
{ACAD_REACTORS
330
68
102
}
330
68
100
AcDbXrecord
280
     1
1001
a
1071
        0
1071
  2097158
1071
    16384
1071
        1
1000
BASE_COLUM_NUM
1071
-1023410169
1000
白
1000
白
1000
CONTINUOUS
1071
        0
1071
        0
1071
        1
1071
        0
1000
基础柱详图编号
  0
XRECORD
  5
32F
102
{ACAD_REACTORS
330
68
102
}
330
68
100
AcDbXrecord
280
     1
1001
a
1071
        0
1071
  2097159
1071
    20480
1071
        1
1000
BASE_COLUM_HATCH
1071
-1023409922
1000
254
1000
254
1000
CONTINUOUS
1071
        0
1071
        0
1071
        1
1071
        0
1000
基础柱填充
  0
XRECORD
  5
28D
102
{ACAD_REACTORS
330
68
102
}
330
68
100
AcDbXrecord
280
     1
1001
a
1071
        0
1071
  2101248
1071
  2101248
1071
        2
1000
BASE_COLCAP
1071
-1023410169
1000
白
1000
白
1000
CONTINUOUS
1071
        0
1071
        0
1071
        1
1071
        0
1000
基础柱帽
  0
XRECORD
  5
12E
102
{ACAD_REACTORS
330
68
102
}
330
68
100
AcDbXrecord
280
     1
1001
a
1071
        0
1071
  2101249
1071
  2101249
1071
        2
1000
BASE_COLCAP_THICK
1071
-1023410167
1000
9
1000
9
1000
CONTINUOUS
1071
        0
1071
        0
1071
        1
1071
        0
1000
基础柱帽粗线
  0
XRECORD
  5
3A9
102
{ACAD_REACTORS
330
68
102
}
330
68
100
AcDbXrecord
280
     1
1001
a
1071
        0
1071
  2101250
1071
        0
1071
        1
1000
BASE_COLCAP_REIND
1071
-1023410175
1000
红
1000
红
1000
CONTINUOUS
1071
        0
1071
        0
1071
        1
1071
        0
1000
基础柱帽点钢筋
  0
XRECORD
  5
242
102
{ACAD_REACTORS
330
68
102
}
330
68
100
AcDbXrecord
280
     1
1001
a
1071
        0
1071
  2101251
1071
     4096
1071
        1
1000
BASE_COLCAP_REINL
1071
-1023410175
1000
红
1000
红
1000
CONTINUOUS
1071
        0
1071
        0
1071
        1
1071
        0
1000
基础柱帽线钢筋
  0
XRECORD
  5
E2
102
{ACAD_REACTORS
330
68
102
}
330
68
100
AcDbXrecord
280
     1
1001
a
1071
        0
1071
  2101252
1071
     8192
1071
        1
1000
BASE_COLCAP_TEXT
1071
-1023410169
1000
白
1000
白
1000
CONTINUOUS
1071
        0
1071
        0
1071
        1
1071
        0
1000
基础柱帽详图文字
  0
XRECORD
  5
364
102
{ACAD_REACTORS
330
68
102
}
330
68
100
AcDbXrecord
280
     1
1001
a
1071
        0
1071
  2101253
1071
    12288
1071
        1
1000
BASE_COLCAP_DIM
1071
-1023410173
1000
绿
1000
绿
1000
CONTINUOUS
1071
        0
1071
        0
1071
        1
1071
        0
1000
基础柱帽详图尺寸
  0
XRECORD
  5
203
102
{ACAD_REACTORS
330
68
102
}
330
68
100
AcDbXrecord
280
     1
1001
a
1071
        0
1071
  2101254
1071
    16384
1071
        1
1000
BASE_COLCAP_NUM
1071
-1023410169
1000
白
1000
白
1000
CONTINUOUS
1071
        0
1071
        0
1071
        1
1071
        0
1000
基础柱帽详图编号
  0
XRECORD
  5
AD
102
{ACAD_REACTORS
330
68
102
}
330
68
100
AcDbXrecord
280
     1
1001
a
1071
        0
1071
  2101255
1071
    20480
1071
        1
1000
BASE_COLCAP_HATCH
1071
-1023409922
1000
254
1000
254
1000
CONTINUOUS
1071
        0
1071
        0
1071
        1
1071
        0
1000
基础柱帽填充
  0
XRECORD
  5
3F4
102
{ACAD_REACTORS
330
68
102
}
330
68
100
AcDbXrecord
280
     1
1001
a
1071
        0
1071
  2105344
1071
  2105344
1071
        2
1000
BASE_PIT
1071
-1023410169
1000
白
1000
白
1000
CONTINUOUS
1071
        0
1071
        0
1071
        1
1071
        0
1000
集水坑
  0
XRECORD
  5
28E
102
{ACAD_REACTORS
330
68
102
}
330
68
100
AcDbXrecord
280
     1
1001
a
1071
        0
1071
  2105345
1071
  2105345
1071
        2
1000
BASE_PIT_DASH
1071
-1023410167
1000
9
1000
9
1000
DASHED
1071
        0
1071
        0
1071
        1
1071
        0
1000
集水坑虚线
  0
XRECORD
  5
12F
102
{ACAD_REACTORS
330
68
102
}
330
68
100
AcDbXrecord
280
     1
1001
a
1071
        0
1071
  2105346
1071
        0
1071
        1
1000
BASE_PIT_REIND
1071
-1023410175
1000
红
1000
红
1000
CONTINUOUS
1071
        0
1071
        0
1071
        1
1071
        0
1000
集水坑点钢筋
  0
XRECORD
  5
3AA
102
{ACAD_REACTORS
330
68
102
}
330
68
100
AcDbXrecord
280
     1
1001
a
1071
        0
1071
  2105347
1071
     4096
1071
        1
1000
BASE_PIT_REINL
1071
-1023410175
1000
红
1000
红
1000
CONTINUOUS
1071
        0
1071
        0
1071
        1
1071
        0
1000
集水坑线钢筋
  0
XRECORD
  5
243
102
{ACAD_REACTORS
330
68
102
}
330
68
100
AcDbXrecord
280
     1
1001
a
1071
        0
1071
  2105348
1071
     8192
1071
        1
1000
BASE_PIT_TEXT
1071
-1023410169
1000
白
1000
白
1000
CONTINUOUS
1071
        0
1071
        0
1071
        1
1071
        0
1000
集水坑文字
  0
XRECORD
  5
E3
102
{ACAD_REACTORS
330
68
102
}
330
68
100
AcDbXrecord
280
     1
1001
a
1071
        0
1071
  2105349
1071
    12288
1071
        1
1000
BASE_PIT_DIM
1071
-1023410173
1000
绿
1000
绿
1000
CONTINUOUS
1071
        0
1071
        0
1071
        1
1071
        0
1000
集水坑尺寸
  0
XRECORD
  5
365
102
{ACAD_REACTORS
330
68
102
}
330
68
100
AcDbXrecord
280
     1
1001
a
1071
        0
1071
  2105350
1071
    16384
1071
        1
1000
BASE_PIT_NUM
1071
-1023410169
1000
白
1000
白
1000
CONTINUOUS
1071
        0
1071
        0
1071
        1
1071
        0
1000
集水坑编号
  0
XRECORD
  5
204
102
{ACAD_REACTORS
330
68
102
}
330
68
100
AcDbXrecord
280
     1
1001
a
1071
        0
1071
  2105351
1071
    20480
1071
        1
1000
BASE_PIT_HATCH
1071
-1023409922
1000
254
1000
254
1000
CONTINUOUS
1071
        0
1071
        0
1071
        1
1071
        0
1000
集水坑填充
  0
XRECORD
  5
2D0
102
{ACAD_REACTORS
330
68
102
}
330
68
100
AcDbXrecord
280
     1
1001
a
1071
        0
1071
  2113536
1071
  2113536
1071
        2
1000
BASE_EQUI
1071
-1023410169
1000
白
1000
白
1000
CONTINUOUS
1071
        0
1071
        0
1071
        1
1071
        0
1000
设备基础外框
  0
XRECORD
  5
175
102
{ACAD_REACTORS
330
68
102
}
330
68
100
AcDbXrecord
280
     1
1001
a
1071
        0
1071
  2113537
1071
  2113537
1071
        2
1000
BASE_EQUI_DASH
1071
-1023410167
1000
9
1000
9
1000
DASHED
1071
        0
1071
        0
1071
        1
1071
        0
1000
设备基础虚线
  0
XRECORD
  5
3F5
102
{ACAD_REACTORS
330
68
102
}
330
68
100
AcDbXrecord
280
     1
1001
a
1071
        0
1071
  2113538
1071
   589824
1071
        1
1000
BASE_EQUI_HOLE
1071
-1023410169
1000
白
1000
白
1000
CONTINUOUS
1071
        0
1071
        0
1071
        1
1071
        0
1000
设备基础留洞
  0
XRECORD
  5
28F
102
{ACAD_REACTORS
330
68
102
}
330
68
100
AcDbXrecord
280
     1
1001
a
1071
        0
1071
  2113539
1071
        0
1071
        1
1000
BASE_EQUI_REIND
1071
-1023410175
1000
红
1000
红
1000
CONTINUOUS
1071
        0
1071
        0
1071
        1
1071
        0
1000
设备基础点钢筋
  0
XRECORD
  5
130
102
{ACAD_REACTORS
330
68
102
}
330
68
100
AcDbXrecord
280
     1
1001
a
1071
        0
1071
  2113540
1071
     4096
1071
        1
1000
BASE_EQUI_REINL
1071
-1023410175
1000
红
1000
红
1000
CONTINUOUS
1071
        0
1071
        0
1071
        1
1071
        0
1000
设备基础线钢筋
  0
XRECORD
  5
3AB
102
{ACAD_REACTORS
330
68
102
}
330
68
100
AcDbXrecord
280
     1
1001
a
1071
        0
1071
  2113541
1071
     8192
1071
        1
1000
BASE_EQUI_TEXT
1071
-1023410169
1000
白
1000
白
1000
CONTINUOUS
1071
        0
1071
        0
1071
        1
1071
        0
1000
设备基础文字
  0
XRECORD
  5
244
102
{ACAD_REACTORS
330
68
102
}
330
68
100
AcDbXrecord
280
     1
1001
a
1071
        0
1071
  2113542
1071
    12288
1071
        1
1000
BASE_EQUI_DIM
1071
-1023410173
1000
绿
1000
绿
1000
CONTINUOUS
1071
        0
1071
        0
1071
        1
1071
        0
1000
设备基础尺寸
  0
XRECORD
  5
E4
102
{ACAD_REACTORS
330
68
102
}
330
68
100
AcDbXrecord
280
     1
1001
a
1071
        0
1071
  2113543
1071
    16384
1071
        1
1000
BASE_EQUI_NUM
1071
-1023410169
1000
白
1000
白
1000
CONTINUOUS
1071
        0
1071
        0
1071
        1
1071
        0
1000
设备基础编号
  0
XRECORD
  5
366
102
{ACAD_REACTORS
330
68
102
}
330
68
100
AcDbXrecord
280
     1
1001
a
1071
        0
1071
  2113544
1071
    20480
1071
        1
1000
BASE_EQUI_HATCH
1071
-1023409922
1000
254
1000
254
1000
CONTINUOUS
1071
        0
1071
        0
1071
        1
1071
        0
1000
设备基础填充
  0
XRECORD
  5
42A
102
{ACAD_REACTORS
330
68
102
}
330
68
100
AcDbXrecord
280
     1
1001
a
1071
        0
1071
  2117632
1071
  2097152
1071
        2
1000
BASE_COLPIER
1071
-1023410133
1000
43
1000
43
1000
CONTINUOUS
1071
       -3
1071
        0
1071
        1
1071
        0
1000
基础柱墩细线
  0
XRECORD
  5
2D1
102
{ACAD_REACTORS
330
68
102
}
330
68
100
AcDbXrecord
280
     1
1001
a
1071
        0
1071
  2117633
1071
  2097153
1071
        2
1000
BASE_COLPIER_DASH
1071
-1023410133
1000
43
1000
43
1000
DASHED
1071
       -3
1071
        0
1071
        1
1071
        0
1000
基础柱墩虚线
  0
XRECORD
  5
176
102
{ACAD_REACTORS
330
68
102
}
330
68
100
AcDbXrecord
280
     1
1001
a
1071
        0
1071
  2117634
1071
  2097153
1071
        2
1000
BASE_COLPIER_THICK
1071
-1023410133
1000
43
1000
43
1000
CONTINUOUS
1071
       50
1071
        0
1071
        1
1071
        0
1000
基础柱墩粗线
  0
XRECORD
  5
3F6
102
{ACAD_REACTORS
330
68
102
}
330
68
100
AcDbXrecord
280
     1
1001
a
1071
        0
1071
  2117635
1071
        0
1071
        1
1000
BASE_COLPIER_REIND
1071
-1023410175
1000
红
1000
红
1000
CONTINUOUS
1071
       -3
1071
        0
1071
        1
1071
        0
1000
基础柱墩点钢筋
  0
XRECORD
  5
290
102
{ACAD_REACTORS
330
68
102
}
330
68
100
AcDbXrecord
280
     1
1001
a
1071
        0
1071
  2117636
1071
     4096
1071
        1
1000
BASE_COLPIER_REINL
1071
-1023410175
1000
红
1000
红
1000
CONTINUOUS
1071
       -3
1071
        0
1071
        1
1071
        0
1000
基础柱墩线钢筋^I
  0
XRECORD
  5
131
102
{ACAD_REACTORS
330
68
102
}
330
68
100
AcDbXrecord
280
     1
1001
a
1071
        0
1071
  2117637
1071
     8192
1071
        1
1000
BASE_COLPIER_TEXT
1071
-1023410169
1000
白
1000
白
1000
CONTINUOUS
1071
       -3
1071
        0
1071
        1
1071
        0
1000
基础柱墩文字
  0
XRECORD
  5
3AC
102
{ACAD_REACTORS
330
68
102
}
330
68
100
AcDbXrecord
280
     1
1001
a
1071
        0
1071
  2117638
1071
    12288
1071
        1
1000
BASE_COLPIER_DIM
1071
-1023410173
1000
绿
1000
绿
1000
CONTINUOUS
1071
       -3
1071
        0
1071
        1
1071
        0
1000
基础柱墩尺寸
  0
XRECORD
  5
245
102
{ACAD_REACTORS
330
68
102
}
330
68
100
AcDbXrecord
280
     1
1001
a
1071
        0
1071
  2117639
1071
    16384
1071
        1
1000
BASE_COLPIER_NUM
1071
-1023410169
1000
白
1000
白
1000
CONTINUOUS
1071
       -3
1071
        0
1071
        1
1071
        0
1000
基础柱墩编号
  0
XRECORD
  5
E5
102
{ACAD_REACTORS
330
68
102
}
330
68
100
AcDbXrecord
280
     1
1001
a
1071
        0
1071
  2117640
1071
    20480
1071
        1
1000
BASE_COLPIER_HATCH
1071
-1023409922
1000
254
1000
254
1000
CONTINUOUS
1071
       -3
1071
        0
1071
        1
1071
        0
1000
基础柱墩填充
  0
XRECORD
  5
3AD
102
{ACAD_REACTORS
330
68
102
}
330
68
100
AcDbXrecord
280
     1
1001
a
1071
        0
1071
  2162688
1071
  2162688
1071
        2
1000
S-FON-LINE1
1071
-1023410019
1000
157
1000
157
1000
CONTINUOUS
1071
        0
1071
        0
1071
        1
1071
        0
1000
平面独立基础
  0
XRECORD
  5
246
102
{ACAD_REACTORS
330
68
102
}
330
68
100
AcDbXrecord
280
     1
1001
a
1071
        0
1071
  2162689
1071
     8192
1071
        1
1000
S-FON-TEXT
1071
-1023410169
1000
白
1000
白
1000
CONTINUOUS
1071
        0
1071
        0
1071
        1
1071
        0
1000
平面独立基础文字
  0
XRECORD
  5
E6
102
{ACAD_REACTORS
330
68
102
}
330
68
100
AcDbXrecord
280
     1
1001
a
1071
        0
1071
  2162690
1071
    12288
1071
        1
1000
S-FON-DIM
1071
-1023410025
1000
151
1000
151
1000
CONTINUOUS
1071
        0
1071
        0
1071
        1
1071
        0
1000
平面独立基础尺寸
  0
XRECORD
  5
367
102
{ACAD_REACTORS
330
68
102
}
330
68
100
AcDbXrecord
280
     1
1001
a
1071
        0
1071
  2162691
1071
    16384
1071
        0
1000
S-DETL-TEXT
1071
-1023410169
1000
白
1000
白
1000
CONTINUOUS
1071
        0
1071
        0
1071
        1
1071
        0
1000
平面独立基础编号
  0
XRECORD
  5
205
102
{ACAD_REACTORS
330
68
102
}
330
68
100
AcDbXrecord
280
     1
1001
a
1071
        0
1071
  2162692
1071
    36864
1071
        1
1000
BASE_SING_LOAD
1071
-1023410175
1000
红
1000
红
1000
CONTINUOUS
1071
        0
1071
        0
1071
        1
1071
        0
1000
平面独立基础荷载
  0
XRECORD
  5
132
102
{ACAD_REACTORS
330
68
102
}
330
68
100
AcDbXrecord
280
     1
1001
a
1071
        0
1071
  2166784
1071
  2166784
1071
        2
1000
S-DETL-LINE1
1071
-1023410174
1000
黄
1000
黄
1000
CONTINUOUS
1071
        0
1071
        0
1071
        1
1071
        0
1000
详图独立基础
  0
XRECORD
  5
3AE
102
{ACAD_REACTORS
330
68
102
}
330
68
100
AcDbXrecord
280
     1
1001
a
1071
        0
1071
  2166785
1071
  2166785
1071
        2
1000
S-DETL-LINE2
1071
-1023410174
1000
黄
1000
黄
1000
H3普通虚线
1071
        0
1071
        0
1071
        1
1071
        0
1000
详图独立基础虚线
  0
XRECORD
  5
247
102
{ACAD_REACTORS
330
68
102
}
330
68
100
AcDbXrecord
280
     1
1001
a
1071
        0
1071
  2166786
1071
        0
1071
        0
1000
S-DETL-RBAR
1071
-1023410175
1000
红
1000
红
1000
CONTINUOUS
1071
        0
1071
        0
1071
        1
1071
        0
1000
详图独立基础点钢筋
  0
XRECORD
  5
E7
102
{ACAD_REACTORS
330
68
102
}
330
68
100
AcDbXrecord
280
     1
1001
a
1071
        0
1071
  2166787
1071
     4096
1071
        0
1000
S-DETL-RBAR
1071
-1023410175
1000
红
1000
红
1000
CONTINUOUS
1071
        0
1071
        0
1071
        1
1071
        0
1000
详图独立基础线钢筋
  0
XRECORD
  5
368
102
{ACAD_REACTORS
330
68
102
}
330
68
100
AcDbXrecord
280
     1
1001
a
1071
        0
1071
  2166788
1071
     8192
1071
        0
1000
S-DETL-TEXT
1071
-1023410169
1000
白
1000
白
1000
CONTINUOUS
1071
        0
1071
        0
1071
        1
1071
        0
1000
详图独立基础文字
  0
XRECORD
  5
206
102
{ACAD_REACTORS
330
68
102
}
330
68
100
AcDbXrecord
280
     1
1001
a
1071
        0
1071
  2166789
1071
    12288
1071
        0
1000
S-DETL-DIM
1071
-1023410025
1000
151
1000
151
1000
CONTINUOUS
1071
        0
1071
        0
1071
        1
1071
        0
1000
详图独立基础尺寸
  0
XRECORD
  5
AE
102
{ACAD_REACTORS
330
68
102
}
330
68
100
AcDbXrecord
280
     1
1001
a
1071
        0
1071
  2166790
1071
    16384
1071
        0
1000
S-DETL-TEXT
1071
-1023410169
1000
白
1000
白
1000
CONTINUOUS
1071
        0
1071
        0
1071
        1
1071
        0
1000
详图独立基础编号
  0
XRECORD
  5
330
102
{ACAD_REACTORS
330
68
102
}
330
68
100
AcDbXrecord
280
     1
1001
a
1071
        0
1071
  2166791
1071
    20480
1071
        0
1000
S-DETL-HATCH
1071
-1023409923
1000
253
1000
253
1000
CONTINUOUS
1071
        0
1071
        0
1071
        1
1071
        0
1000
详图独立基础填充
  0
XRECORD
  5
7F
102
{ACAD_REACTORS
330
68
102
}
330
68
100
AcDbXrecord
280
     1
1001
a
1071
        0
1071
  2228224
1071
  2228224
1071
        2
1000
S-PILE-LINE
1071
-1023410172
1000
青
1000
青
1000
CONTINUOUS
1071
        0
1071
        0
1071
        1
1071
        0
1000
平面桩
  0
XRECORD
  5
304
102
{ACAD_REACTORS
330
68
102
}
330
68
100
AcDbXrecord
280
     1
1001
a
1071
        0
1071
  2228225
1071
  2228224
1071
        1
1000
BASE_PILE_CEN
1071
-1023410169
1000
白
1000
白
1000
CENTER
1071
        0
1071
        0
1071
        1
1071
        0
1000
平面桩中心
  0
XRECORD
  5
1A9
102
{ACAD_REACTORS
330
68
102
}
330
68
100
AcDbXrecord
280
     1
1001
a
1071
        0
1071
  2228226
1071
  2228226
1071
        2
1000
S-PILE-CENLINE
1071
-1023410077
1000
99
1000
99
1000
D1圈梁点划线
1071
        0
1071
        0
1071
        1
1071
        0
1000
平面桩虚线
  0
XRECORD
  5
42B
102
{ACAD_REACTORS
330
68
102
}
330
68
100
AcDbXrecord
280
     1
1001
a
1071
        0
1071
  2228227
1071
  2228227
1071
        2
1000
BASE_PILE_YZ
1071
-1023410169
1000
白
1000
白
1000
CONTINUOUS
1071
        0
1071
        0
1071
        1
1071
        0
1000
平面预制桩
  0
XRECORD
  5
2D2
102
{ACAD_REACTORS
330
68
102
}
330
68
100
AcDbXrecord
280
     1
1001
a
1071
        0
1071
  2228228
1071
  2228228
1071
        2
1000
BASE_PILE_YZDASH
1071
-1023410167
1000
9
1000
9
1000
DASHED
1071
        0
1071
        0
1071
        1
1071
        0
1000
平面预制桩虚线
  0
XRECORD
  5
177
102
{ACAD_REACTORS
330
68
102
}
330
68
100
AcDbXrecord
280
     1
1001
a
1071
        0
1071
  2228229
1071
  2228229
1071
        2
1000
BASE_PILE_GZ
1071
-1023410169
1000
白
1000
白
1000
CONTINUOUS
1071
        0
1071
        0
1071
        1
1071
        0
1000
平面灌注桩
  0
XRECORD
  5
3F7
102
{ACAD_REACTORS
330
68
102
}
330
68
100
AcDbXrecord
280
     1
1001
a
1071
        0
1071
  2228230
1071
  2228230
1071
        2
1000
BASE_PILE_GZDASH
1071
-1023410167
1000
9
1000
9
1000
DASHED
1071
        0
1071
        0
1071
        1
1071
        0
1000
平面灌注桩虚线
  0
XRECORD
  5
291
102
{ACAD_REACTORS
330
68
102
}
330
68
100
AcDbXrecord
280
     1
1001
a
1071
        0
1071
  2228231
1071
  2228231
1071
        2
1000
BASE_PILE_WK
1071
-1023410169
1000
白
1000
白
1000
CONTINUOUS
1071
        0
1071
        0
1071
        1
1071
        0
1000
平面人工挖孔桩
  0
XRECORD
  5
133
102
{ACAD_REACTORS
330
68
102
}
330
68
100
AcDbXrecord
280
     1
1001
a
1071
        0
1071
  2228232
1071
  2228232
1071
        2
1000
BASE_PILE_WKDASH
1071
-1023410167
1000
9
1000
9
1000
DASHED
1071
        0
1071
        0
1071
        1
1071
        0
1000
平面人工挖孔桩虚线
  0
XRECORD
  5
3AF
102
{ACAD_REACTORS
330
68
102
}
330
68
100
AcDbXrecord
280
     1
1001
a
1071
        0
1071
  2228233
1071
     8192
1071
        1
1000
S-FON-TEXT
1071
-1023410169
1000
白
1000
白
1000
CONTINUOUS
1071
        0
1071
        0
1071
        1
1071
        0
1000
平面桩文字
  0
XRECORD
  5
248
102
{ACAD_REACTORS
330
68
102
}
330
68
100
AcDbXrecord
280
     1
1001
a
1071
        0
1071
  2228234
1071
    12288
1071
        1
1000
S-FON-DIM
1071
-1023410025
1000
151
1000
151
1000
CONTINUOUS
1071
        0
1071
        0
1071
        1
1071
        0
1000
平面桩尺寸
  0
XRECORD
  5
E8
102
{ACAD_REACTORS
330
68
102
}
330
68
100
AcDbXrecord
280
     1
1001
a
1071
        0
1071
  2228235
1071
    16384
1071
        0
1000
S-DETL-TEXT
1071
-1023410169
1000
白
1000
白
1000
CONTINUOUS
1071
        0
1071
        0
1071
        1
1071
        0
1000
平面桩编号
  0
XRECORD
  5
369
102
{ACAD_REACTORS
330
68
102
}
330
68
100
AcDbXrecord
280
     1
1001
a
1071
        0
1071
  2228236
1071
    20480
1071
        1
1000
BASE_PILE_HATCH
1071
-1023409922
1000
254
1000
254
1000
CONTINUOUS
1071
        0
1071
        0
1071
        1
1071
        0
1000
平面桩填充
  0
XRECORD
  5
207
102
{ACAD_REACTORS
330
68
102
}
330
68
100
AcDbXrecord
280
     1
1001
a
1071
        0
1071
  2228237
1071
    36864
1071
        1
1000
BASE_PILE_LOAD
1071
-1023410175
1000
红
1000
红
1000
CONTINUOUS
1071
        0
1071
        0
1071
        1
1071
        0
1000
平面桩荷载
  0
XRECORD
  5
1D3
102
{ACAD_REACTORS
330
68
102
}
330
68
100
AcDbXrecord
280
     1
1001
a
1071
        0
1071
  2232320
1071
  2232320
1071
        2
1000
S-DETL-LINE1
1071
-1023410174
1000
黄
1000
黄
1000
CONTINUOUS
1071
        0
1071
        0
1071
        1
1071
        0
1000
详图桩基
  0
XRECORD
  5
80
102
{ACAD_REACTORS
330
68
102
}
330
68
100
AcDbXrecord
280
     1
1001
a
1071
        0
1071
  2232321
1071
  2232321
1071
        2
1000
S-DETL-LINE2
1071
-1023410174
1000
黄
1000
黄
1000
H3普通虚线
1071
        0
1071
        0
1071
        1
1071
        0
1000
详图桩基虚线
  0
XRECORD
  5
305
102
{ACAD_REACTORS
330
68
102
}
330
68
100
AcDbXrecord
280
     1
1001
a
1071
        0
1071
  2232322
1071
        0
1071
        1
1000
BASE_PILE_XT_REIND
1071
-1023410175
1000
红
1000
红
1000
CONTINUOUS
1071
        0
1071
        0
1071
        1
1071
        0
1000
详图桩基点钢筋
  0
XRECORD
  5
1AA
102
{ACAD_REACTORS
330
68
102
}
330
68
100
AcDbXrecord
280
     1
1001
a
1071
        0
1071
  2232323
1071
     4096
1071
        1
1000
BASE_PILE_XT_REINL
1071
-1023410175
1000
红
1000
红
1000
CONTINUOUS
1071
        0
1071
        0
1071
        1
1071
        0
1000
详图桩基线钢筋
  0
XRECORD
  5
42C
102
{ACAD_REACTORS
330
68
102
}
330
68
100
AcDbXrecord
280
     1
1001
a
1071
        0
1071
  2232324
1071
     8192
1071
        1
1000
BASE_PILE_XT_TEXT
1071
-1023410169
1000
白
1000
白
1000
CONTINUOUS
1071
        0
1071
        0
1071
        1
1071
        0
1000
详图桩基文字
  0
XRECORD
  5
2D3
102
{ACAD_REACTORS
330
68
102
}
330
68
100
AcDbXrecord
280
     1
1001
a
1071
        0
1071
  2232325
1071
    12288
1071
        1
1000
BASE_PILE_XT_DIM
1071
-1023410173
1000
绿
1000
绿
1000
CONTINUOUS
1071
        0
1071
        0
1071
        1
1071
        0
1000
详图桩基尺寸
  0
XRECORD
  5
178
102
{ACAD_REACTORS
330
68
102
}
330
68
100
AcDbXrecord
280
     1
1001
a
1071
        0
1071
  2232326
1071
    16384
1071
        1
1000
BASE_PILE_XT_NUM
1071
-1023410169
1000
白
1000
白
1000
CONTINUOUS
1071
        0
1071
        0
1071
        1
1071
        0
1000
详图桩基编号
  0
XRECORD
  5
3F8
102
{ACAD_REACTORS
330
68
102
}
330
68
100
AcDbXrecord
280
     1
1001
a
1071
        0
1071
  2232327
1071
    20480
1071
        1
1000
BASE_PILE_XT_HATCH
1071
-1023409922
1000
254
1000
254
1000
CONTINUOUS
1071
        0
1071
        0
1071
        1
1071
        0
1000
详图桩基填充
  0
XRECORD
  5
331
102
{ACAD_REACTORS
330
68
102
}
330
68
100
AcDbXrecord
280
     1
1001
a
1071
        0
1071
  2236416
1071
  2236416
1071
        2
1000
BASE_PLAT
1071
-1023410169
1000
白
1000
白
1000
CONTINUOUS
1071
        0
1071
        0
1071
        1
1071
        0
1000
平面承台
  0
XRECORD
  5
1D4
102
{ACAD_REACTORS
330
68
102
}
330
68
100
AcDbXrecord
280
     1
1001
a
1071
        0
1071
  2236417
1071
  2236417
1071
        2
1000
BASE_PLAT_DASH
1071
-1023410167
1000
9
1000
9
1000
DASHED
1071
        0
1071
        0
1071
        1
1071
        0
1000
平面承台虚线
  0
XRECORD
  5
81
102
{ACAD_REACTORS
330
68
102
}
330
68
100
AcDbXrecord
280
     1
1001
a
1071
        0
1071
  2236418
1071
     8192
1071
        1
1000
BASE_PLAT_TEXT
1071
-1023410169
1000
白
1000
白
1000
CONTINUOUS
1071
        0
1071
        0
1071
        1
1071
        0
1000
平面承台文字
  0
XRECORD
  5
306
102
{ACAD_REACTORS
330
68
102
}
330
68
100
AcDbXrecord
280
     1
1001
a
1071
        0
1071
  2236419
1071
    12288
1071
        1
1000
BASE_PLAT_DIM
1071
-1023410173
1000
绿
1000
绿
1000
CONTINUOUS
1071
        0
1071
        0
1071
        1
1071
        0
1000
平面承台尺寸
  0
XRECORD
  5
1AB
102
{ACAD_REACTORS
330
68
102
}
330
68
100
AcDbXrecord
280
     1
1001
a
1071
        0
1071
  2236420
1071
    16384
1071
        1
1000
BASE_PLAT_NUM
1071
-1023410169
1000
白
1000
白
1000
CONTINUOUS
1071
        0
1071
        0
1071
        1
1071
        0
1000
平面承台编号
  0
XRECORD
  5
42D
102
{ACAD_REACTORS
330
68
102
}
330
68
100
AcDbXrecord
280
     1
1001
a
1071
        0
1071
  2236421
1071
    36864
1071
        1
1000
BASE_PLAT_LOAD
1071
-1023410175
1000
红
1000
红
1000
CONTINUOUS
1071
        0
1071
        0
1071
        1
1071
        0
1000
平面承台荷载
  0
XRECORD
  5
AF
102
{ACAD_REACTORS
330
68
102
}
330
68
100
AcDbXrecord
280
     1
1001
a
1071
        0
1071
  2240512
1071
  2240512
1071
        2
1000
S-DETL-LINE1
1071
-1023410174
1000
黄
1000
黄
1000
CONTINUOUS
1071
        0
1071
        0
1071
        1
1071
        0
1000
详图承台
  0
XRECORD
  5
332
102
{ACAD_REACTORS
330
68
102
}
330
68
100
AcDbXrecord
280
     1
1001
a
1071
        0
1071
  2240513
1071
  2240513
1071
        2
1000
S-DETL-LINE2
1071
-1023410174
1000
黄
1000
黄
1000
H3普通虚线
1071
        0
1071
        0
1071
        1
1071
        0
1000
详图承台虚线
  0
XRECORD
  5
1D5
102
{ACAD_REACTORS
330
68
102
}
330
68
100
AcDbXrecord
280
     1
1001
a
1071
        0
1071
  2240514
1071
        0
1071
        0
1000
S-DETL-RBAR
1071
-1023410175
1000
红
1000
红
1000
CONTINUOUS
1071
        0
1071
        0
1071
        1
1071
        0
1000
详图承台点钢筋
  0
XRECORD
  5
82
102
{ACAD_REACTORS
330
68
102
}
330
68
100
AcDbXrecord
280
     1
1001
a
1071
        0
1071
  2240515
1071
     4096
1071
        0
1000
S-DETL-RBAR
1071
-1023410175
1000
红
1000
红
1000
CONTINUOUS
1071
        0
1071
        0
1071
        1
1071
        0
1000
详图承台线钢筋
  0
XRECORD
  5
307
102
{ACAD_REACTORS
330
68
102
}
330
68
100
AcDbXrecord
280
     1
1001
a
1071
        0
1071
  2240516
1071
     8192
1071
        0
1000
S-DETL-TEXT
1071
-1023410169
1000
白
1000
白
1000
CONTINUOUS
1071
        0
1071
        0
1071
        1
1071
        0
1000
详图承台文字
  0
XRECORD
  5
1AC
102
{ACAD_REACTORS
330
68
102
}
330
68
100
AcDbXrecord
280
     1
1001
a
1071
        0
1071
  2240517
1071
    12288
1071
        0
1000
S-DETL-DIM
1071
-1023410025
1000
151
1000
151
1000
CONTINUOUS
1071
        0
1071
        0
1071
        1
1071
        0
1000
详图承台尺寸
  0
XRECORD
  5
42E
102
{ACAD_REACTORS
330
68
102
}
330
68
100
AcDbXrecord
280
     1
1001
a
1071
        0
1071
  2240518
1071
    16384
1071
        0
1000
S-DETL-TEXT
1071
-1023410169
1000
白
1000
白
1000
CONTINUOUS
1071
        0
1071
        0
1071
        1
1071
        0
1000
详图承台编号
  0
XRECORD
  5
2D4
102
{ACAD_REACTORS
330
68
102
}
330
68
100
AcDbXrecord
280
     1
1001
a
1071
        0
1071
  2240519
1071
    20480
1071
        0
1000
S-DETL-HATCH
1071
-1023409923
1000
253
1000
253
1000
CONTINUOUS
1071
        0
1071
        0
1071
        1
1071
        0
1000
详图承台填充
  0
XRECORD
  5
179
102
{ACAD_REACTORS
330
68
102
}
330
68
100
AcDbXrecord
280
     1
1001
a
1071
        0
1071
  2240520
1071
  2240520
1071
        2
1000
BASE_PLAT_LL
1071
-1023410169
1000
白
1000
白
1000
CONTINUOUS
1071
        0
1071
        0
1071
        1
1071
        0
1000
承台拉梁
  0
XRECORD
  5
3F9
102
{ACAD_REACTORS
330
68
102
}
330
68
100
AcDbXrecord
280
     1
1001
a
1071
        0
1071
  2240521
1071
     8192
1071
        1
1000
BASE_PLAT_LL_TEXT
1071
-1023410169
1000
白
1000
白
1000
CONTINUOUS
1071
        0
1071
        0
1071
        1
1071
        0
1000
承台拉梁文字
  0
XRECORD
  5
292
102
{ACAD_REACTORS
330
68
102
}
330
68
100
AcDbXrecord
280
     1
1001
a
1071
        0
1071
  2240522
1071
    12288
1071
        1
1000
BASE_PLAT_LL_DIM
1071
-1023410173
1000
绿
1000
绿
1000
CONTINUOUS
1071
        0
1071
        0
1071
        1
1071
        0
1000
承台拉梁尺寸
  0
XRECORD
  5
134
102
{ACAD_REACTORS
330
68
102
}
330
68
100
AcDbXrecord
280
     1
1001
a
1071
        0
1071
  2240523
1071
    16384
1071
        1
1000
BASE_PLAT_LL_NUM
1071
-1023410169
1000
白
1000
白
1000
CONTINUOUS
1071
        0
1071
        0
1071
        1
1071
        0
1000
承台拉梁编号
  0
XRECORD
  5
308
102
{ACAD_REACTORS
330
68
102
}
330
68
100
AcDbXrecord
280
     1
1001
a
1071
        0
1071
  2293760
1071
  2293760
1071
        2
1000
S-FON-LINE1
1071
-1023410019
1000
157
1000
157
1000
CONTINUOUS
1071
        0
1071
        0
1071
        1
1071
        0
1000
平面条形基础
  0
XRECORD
  5
1AD
102
{ACAD_REACTORS
330
68
102
}
330
68
100
AcDbXrecord
280
     1
1001
a
1071
        0
1071
  2293761
1071
     8192
1071
        1
1000
S-FON-TEXT
1071
-1023410169
1000
白
1000
白
1000
CONTINUOUS
1071
        0
1071
        0
1071
        1
1071
        0
1000
平面条形基础文字
  0
XRECORD
  5
42F
102
{ACAD_REACTORS
330
68
102
}
330
68
100
AcDbXrecord
280
     1
1001
a
1071
        0
1071
  2293762
1071
    12288
1071
        1
1000
S-FON-DIM
1071
-1023410025
1000
151
1000
151
1000
CONTINUOUS
1071
        0
1071
        0
1071
        1
1071
        0
1000
平面条形基础尺寸
  0
XRECORD
  5
2D5
102
{ACAD_REACTORS
330
68
102
}
330
68
100
AcDbXrecord
280
     1
1001
a
1071
        0
1071
  2293763
1071
    16384
1071
        0
1000
S-DETL-TEXT
1071
-1023410169
1000
白
1000
白
1000
CONTINUOUS
1071
        0
1071
        0
1071
        1
1071
        0
1000
平面条形基础编号
  0
XRECORD
  5
17A
102
{ACAD_REACTORS
330
68
102
}
330
68
100
AcDbXrecord
280
     1
1001
a
1071
        0
1071
  2293764
1071
    36864
1071
        1
1000
BASE_STR_LOAD
1071
-1023410175
1000
红
1000
红
1000
CONTINUOUS
1071
        0
1071
        0
1071
        1
1071
        0
1000
平面条形基础荷载
  0
XRECORD
  5
83
102
{ACAD_REACTORS
330
68
102
}
330
68
100
AcDbXrecord
280
     1
1001
a
1071
        0
1071
  2297856
1071
  2297856
1071
        2
1000
S-DETL-LINE1
1071
-1023410174
1000
黄
1000
黄
1000
CONTINUOUS
1071
        0
1071
        0
1071
        1
1071
        0
1000
详图条形基础
  0
XRECORD
  5
309
102
{ACAD_REACTORS
330
68
102
}
330
68
100
AcDbXrecord
280
     1
1001
a
1071
        0
1071
  2297857
1071
  2297857
1071
        2
1000
S-DETL-LINE2
1071
-1023410174
1000
黄
1000
黄
1000
H3普通虚线
1071
        0
1071
        0
1071
        1
1071
        0
1000
详图条形基础虚线
  0
XRECORD
  5
1AE
102
{ACAD_REACTORS
330
68
102
}
330
68
100
AcDbXrecord
280
     1
1001
a
1071
        0
1071
  2297858
1071
        0
1071
        0
1000
S-DETL-RBAR
1071
-1023410175
1000
红
1000
红
1000
CONTINUOUS
1071
        0
1071
        0
1071
        1
1071
        0
1000
详图条形基础点钢筋
  0
XRECORD
  5
430
102
{ACAD_REACTORS
330
68
102
}
330
68
100
AcDbXrecord
280
     1
1001
a
1071
        0
1071
  2297859
1071
     4096
1071
        0
1000
S-DETL-RBAR
1071
-1023410175
1000
红
1000
红
1000
CONTINUOUS
1071
        0
1071
        0
1071
        1
1071
        0
1000
详图条形基础线钢筋
  0
XRECORD
  5
2D6
102
{ACAD_REACTORS
330
68
102
}
330
68
100
AcDbXrecord
280
     1
1001
a
1071
        0
1071
  2297860
1071
     8192
1071
        0
1000
S-DETL-TEXT
1071
-1023410169
1000
白
1000
白
1000
CONTINUOUS
1071
        0
1071
        0
1071
        1
1071
        0
1000
详图条形基础文字
  0
XRECORD
  5
17B
102
{ACAD_REACTORS
330
68
102
}
330
68
100
AcDbXrecord
280
     1
1001
a
1071
        0
1071
  2297861
1071
    12288
1071
        0
1000
S-DETL-DIM
1071
-1023410025
1000
151
1000
151
1000
CONTINUOUS
1071
        0
1071
        0
1071
        1
1071
        0
1000
详图条形基础尺寸
  0
XRECORD
  5
3FA
102
{ACAD_REACTORS
330
68
102
}
330
68
100
AcDbXrecord
280
     1
1001
a
1071
        0
1071
  2297862
1071
    16384
1071
        0
1000
S-DETL-TEXT
1071
-1023410169
1000
白
1000
白
1000
CONTINUOUS
1071
        0
1071
        0
1071
        1
1071
        0
1000
详图条形基础编号
  0
XRECORD
  5
293
102
{ACAD_REACTORS
330
68
102
}
330
68
100
AcDbXrecord
280
     1
1001
a
1071
        0
1071
  2297863
1071
    20480
1071
        0
1000
S-DETL-HATCH
1071
-1023409923
1000
253
1000
253
1000
CONTINUOUS
1071
        0
1071
        0
1071
        1
1071
        0
1000
详图条形基础填充
  0
XRECORD
  5
105
102
{ACAD_REACTORS
330
68
102
}
330
68
100
AcDbXrecord
280
     1
1001
a
1071
        0
1071
234881024
1071
234881024
1071
        2
1000
CHIM_BASE
1071
-1023410169
1000
白
1000
白
1000
CONTINUOUS
1071
       -3
1071
        0
1071
        1
1071
        0
1000
烟囱基础
  0
XRECORD
  5
381
102
{ACAD_REACTORS
330
68
102
}
330
68
100
AcDbXrecord
280
     1
1001
a
1071
        0
1071
234881025
1071
234881025
1071
        2
1000
CHIM_BASE_DASH
1071
-1023410169
1000
白
1000
白
1000
CONTINUOUS
1071
       -3
1071
        0
1071
        1
1071
        0
1000
烟囱基础虚线
  0
XRECORD
  5
21D
102
{ACAD_REACTORS
330
68
102
}
330
68
100
AcDbXrecord
280
     1
1001
a
1071
        0
1071
234881026
1071
     8192
1071
        1
1000
CHIM_BASE_TEXT
1071
-1023410169
1000
白
1000
白
1000
CONTINUOUS
1071
       -3
1071
        0
1071
        1
1071
        0
1000
烟囱基础文字
  0
XRECORD
  5
C2
102
{ACAD_REACTORS
330
68
102
}
330
68
100
AcDbXrecord
280
     1
1001
a
1071
        0
1071
234881027
1071
    12288
1071
        1
1000
CHIM_BASE_DIM
1071
-1023410173
1000
绿
1000
绿
1000
CONTINUOUS
1071
       -3
1071
        0
1071
        1
1071
        0
1000
烟囱基础尺寸
  0
XRECORD
  5
346
102
{ACAD_REACTORS
330
68
102
}
330
68
100
AcDbXrecord
280
     1
1001
a
1071
        0
1071
234881028
1071
        0
1071
        1
1000
CHIM_BASE_REIND
1071
-1023410175
1000
红
1000
红
1000
CONTINUOUS
1071
       -3
1071
        0
1071
        1
1071
        0
1000
烟囱基础点筋
  0
XRECORD
  5
1EB
102
{ACAD_REACTORS
330
68
102
}
330
68
100
AcDbXrecord
280
     1
1001
a
1071
        0
1071
234881029
1071
     4096
1071
        1
1000
CHIM_BASE_REINL
1071
-1023410175
1000
红
1000
红
1000
CONTINUOUS
1071
       -3
1071
        0
1071
        1
1071
        0
1000
烟囱基础线筋
  0
XRECORD
  5
98
102
{ACAD_REACTORS
330
68
102
}
330
68
100
AcDbXrecord
280
     1
1001
a
1071
        0
1071
234881030
1071
     8192
1071
        1
1000
CHIM_BASE_REIN_TEXT
1071
-1023410169
1000
白
1000
白
1000
CONTINUOUS
1071
       -3
1071
        0
1071
        1
1071
        0
1000
烟囱基础钢筋文字
  0
XRECORD
  5
31D
102
{ACAD_REACTORS
330
68
102
}
330
68
100
AcDbXrecord
280
     1
1001
a
1071
        0
1071
234881031
1071
    16384
1071
        1
1000
CHIM_BASE_REIN_NUM
1071
-1023410169
1000
白
1000
白
1000
CONTINUOUS
1071
       -3
1071
        0
1071
        1
1071
        0
1000
烟囱基础钢筋编号
  0
XRECORD
  5
1C2
102
{ACAD_REACTORS
330
68
102
}
330
68
100
AcDbXrecord
280
     1
1001
a
1071
        0
1071
234881032
1071
    20480
1071
        1
1000
CHIM_BASE_HATCH
1071
-1023409925
1000
251
1000
251
1000
CONTINUOUS
1071
       -3
1071
        0
1071
        1
1071
        0
1000
烟囱基础填充
  0
XRECORD
  5
441
102
{ACAD_REACTORS
330
68
102
}
330
68
100
AcDbXrecord
280
     1
1001
a
1071
        0
1071
234881033
1071
   720896
1071
        1
1000
CHIM_BASE_TABLE
1071
-1023410169
1000
白
1000
白
1000
CONTINUOUS
1071
       -3
1071
        0
1071
        1
1071
        0
1000
烟囱基础表格
  0
XRECORD
  5
266
102
{ACAD_REACTORS
330
68
102
}
330
68
100
AcDbXrecord
280
     1
1001
a
1071
        0
1071
234885120
1071
234885120
1071
        2
1000
CHIM_TUBO
1071
-1023410169
1000
白
1000
白
1000
CONTINUOUS
1071
       -3
1071
        0
1071
        1
1071
        0
1000
烟囱外筒
  0
XRECORD
  5
106
102
{ACAD_REACTORS
330
68
102
}
330
68
100
AcDbXrecord
280
     1
1001
a
1071
        0
1071
234885121
1071
234885121
1071
        2
1000
CHIM_TUBO_DASH
1071
-1023410169
1000
白
1000
白
1000
CONTINUOUS
1071
       -3
1071
        0
1071
        1
1071
        0
1000
烟囱外筒虚线
  0
XRECORD
  5
382
102
{ACAD_REACTORS
330
68
102
}
330
68
100
AcDbXrecord
280
     1
1001
a
1071
        0
1071
234885122
1071
     8192
1071
        1
1000
CHIM_TUBO_TEXT
1071
-1023410169
1000
白
1000
白
1000
CONTINUOUS
1071
       -3
1071
        0
1071
        1
1071
        0
1000
烟囱外筒文字
  0
XRECORD
  5
21E
102
{ACAD_REACTORS
330
68
102
}
330
68
100
AcDbXrecord
280
     1
1001
a
1071
        0
1071
234885123
1071
    12288
1071
        1
1000
CHIM_TUBO_DIM
1071
-1023410173
1000
绿
1000
绿
1000
CONTINUOUS
1071
       -3
1071
        0
1071
        1
1071
        0
1000
烟囱外筒尺寸
  0
XRECORD
  5
C3
102
{ACAD_REACTORS
330
68
102
}
330
68
100
AcDbXrecord
280
     1
1001
a
1071
        0
1071
234885124
1071
        0
1071
        1
1000
CHIM_TUBO_REIND
1071
-1023410175
1000
红
1000
红
1000
CONTINUOUS
1071
       -3
1071
        0
1071
        1
1071
        0
1000
烟囱外筒点筋
  0
XRECORD
  5
347
102
{ACAD_REACTORS
330
68
102
}
330
68
100
AcDbXrecord
280
     1
1001
a
1071
        0
1071
234885125
1071
     4096
1071
        1
1000
CHIM_TUBO_REINL
1071
-1023410175
1000
红
1000
红
1000
CONTINUOUS
1071
       -3
1071
        0
1071
        1
1071
        0
1000
烟囱外筒线筋
  0
XRECORD
  5
1EC
102
{ACAD_REACTORS
330
68
102
}
330
68
100
AcDbXrecord
280
     1
1001
a
1071
        0
1071
234885126
1071
     8192
1071
        1
1000
CHIM_TUBO_REIN_TEXT
1071
-1023410169
1000
白
1000
白
1000
CONTINUOUS
1071
       -3
1071
        0
1071
        1
1071
        0
1000
烟囱外筒钢筋文字
  0
XRECORD
  5
99
102
{ACAD_REACTORS
330
68
102
}
330
68
100
AcDbXrecord
280
     1
1001
a
1071
        0
1071
234885127
1071
    16384
1071
        1
1000
CHIM_TUBO_REIN_NUM
1071
-1023410169
1000
白
1000
白
1000
CONTINUOUS
1071
       -3
1071
        0
1071
        1
1071
        0
1000
烟囱外筒钢筋编号
  0
XRECORD
  5
31E
102
{ACAD_REACTORS
330
68
102
}
330
68
100
AcDbXrecord
280
     1
1001
a
1071
        0
1071
234885128
1071
    20480
1071
        1
1000
CHIM_TUBO_HATCH
1071
-1023409925
1000
251
1000
251
1000
CONTINUOUS
1071
       -3
1071
        0
1071
        1
1071
        0
1000
烟囱外筒填充
  0
XRECORD
  5
1C3
102
{ACAD_REACTORS
330
68
102
}
330
68
100
AcDbXrecord
280
     1
1001
a
1071
        0
1071
234885129
1071
   720896
1071
        1
1000
CHIM_TUBO_TABLE
1071
-1023410169
1000
白
1000
白
1000
CONTINUOUS
1071
       -3
1071
        0
1071
        1
1071
        0
1000
烟囱外筒表格
  0
XRECORD
  5
3CD
102
{ACAD_REACTORS
330
68
102
}
330
68
100
AcDbXrecord
280
     1
1001
a
1071
        0
1071
234889216
1071
234889216
1071
        2
1000
CHIM_TUBI
1071
-1023410169
1000
白
1000
白
1000
CONTINUOUS
1071
       -3
1071
        0
1071
        1
1071
        0
1000
烟囱内筒
  0
XRECORD
  5
267
102
{ACAD_REACTORS
330
68
102
}
330
68
100
AcDbXrecord
280
     1
1001
a
1071
        0
1071
234889217
1071
234889217
1071
        2
1000
CHIM_TUBI_DASH
1071
-1023410169
1000
白
1000
白
1000
DASHED
1071
       -3
1071
        0
1071
        1
1071
        0
1000
烟囱内筒虚线
  0
XRECORD
  5
107
102
{ACAD_REACTORS
330
68
102
}
330
68
100
AcDbXrecord
280
     1
1001
a
1071
        0
1071
234889218
1071
     8192
1071
        1
1000
CHIM_TUBI_TEXT
1071
-1023410169
1000
白
1000
白
1000
CONTINUOUS
1071
       -3
1071
        0
1071
        1
1071
        0
1000
烟囱内筒文字
  0
XRECORD
  5
383
102
{ACAD_REACTORS
330
68
102
}
330
68
100
AcDbXrecord
280
     1
1001
a
1071
        0
1071
234889219
1071
    12288
1071
        1
1000
CHIM_TUBI_DIM
1071
-1023410173
1000
绿
1000
绿
1000
CONTINUOUS
1071
       -3
1071
        0
1071
        1
1071
        0
1000
烟囱内筒尺寸
  0
XRECORD
  5
348
102
{ACAD_REACTORS
330
68
102
}
330
68
100
AcDbXrecord
280
     1
1001
a
1071
        0
1071
234889222
1071
     8192
1071
        1
1000
CHIM_TUBI_REIN_TEXT
1071
-1023410169
1000
白
1000
白
1000
CONTINUOUS
1071
       -3
1071
        0
1071
        1
1071
        0
1000
烟囱内筒钢筋文字
  0
XRECORD
  5
1ED
102
{ACAD_REACTORS
330
68
102
}
330
68
100
AcDbXrecord
280
     1
1001
a
1071
        0
1071
234889223
1071
    16384
1071
        1
1000
CHIM_TUBI_REIN_NUM
1071
-1023410169
1000
白
1000
白
1000
CONTINUOUS
1071
       -3
1071
        0
1071
        1
1071
        0
1000
烟囱内筒钢筋编号
  0
XRECORD
  5
9A
102
{ACAD_REACTORS
330
68
102
}
330
68
100
AcDbXrecord
280
     1
1001
a
1071
        0
1071
234889224
1071
    20480
1071
        1
1000
CHIM_TUBI_HATCH
1071
-1023409925
1000
251
1000
251
1000
CONTINUOUS
1071
       -3
1071
        0
1071
        1
1071
        0
1000
烟囱内筒填充
  0
XRECORD
  5
31F
102
{ACAD_REACTORS
330
68
102
}
330
68
100
AcDbXrecord
280
     1
1001
a
1071
        0
1071
234889225
1071
   720896
1071
        1
1000
CHIM_TUBI_TABLE
1071
-1023410169
1000
白
1000
白
1000
CONTINUOUS
1071
       -3
1071
        0
1071
        1
1071
        0
1000
烟囱内筒表格
  0
XRECORD
  5
151
102
{ACAD_REACTORS
330
68
102
}
330
68
100
AcDbXrecord
280
     1
1001
a
1071
        0
1071
234893312
1071
234893312
1071
        2
1000
CHIM_HOLE
1071
-1023410169
1000
白
1000
白
1000
CONTINUOUS
1071
       -3
1071
        0
1071
        1
1071
        0
1000
烟囱洞口
  0
XRECORD
  5
3CE
102
{ACAD_REACTORS
330
68
102
}
330
68
100
AcDbXrecord
280
     1
1001
a
1071
        0
1071
234893313
1071
234893313
1071
        2
1000
CHIM_HOLE_DASH
1071
-1023410169
1000
白
1000
白
1000
DASHED
1071
       -3
1071
        0
1071
        1
1071
        0
1000
烟囱洞口虚线
  0
XRECORD
  5
268
102
{ACAD_REACTORS
330
68
102
}
330
68
100
AcDbXrecord
280
     1
1001
a
1071
        0
1071
234893314
1071
     8192
1071
        1
1000
CHIM_HOLE_TEXT
1071
-1023410169
1000
白
1000
白
1000
CONTINUOUS
1071
       -3
1071
        0
1071
        1
1071
        0
1000
烟囱洞口文字
  0
XRECORD
  5
108
102
{ACAD_REACTORS
330
68
102
}
330
68
100
AcDbXrecord
280
     1
1001
a
1071
        0
1071
234893315
1071
    12288
1071
        1
1000
CHIM_HOLE_DIM
1071
-1023410173
1000
绿
1000
绿
1000
CONTINUOUS
1071
       -3
1071
        0
1071
        1
1071
        0
1000
烟囱洞口尺寸
  0
XRECORD
  5
384
102
{ACAD_REACTORS
330
68
102
}
330
68
100
AcDbXrecord
280
     1
1001
a
1071
        0
1071
234893316
1071
        0
1071
        1
1000
CHIM_HOLE_REIND
1071
-1023410175
1000
红
1000
红
1000
CONTINUOUS
1071
       -3
1071
        0
1071
        1
1071
        0
1000
烟囱洞口点筋
  0
XRECORD
  5
21F
102
{ACAD_REACTORS
330
68
102
}
330
68
100
AcDbXrecord
280
     1
1001
a
1071
        0
1071
234893317
1071
     4096
1071
        1
1000
CHIM_HOLE_REINL
1071
-1023410175
1000
红
1000
红
1000
CONTINUOUS
1071
       -3
1071
        0
1071
        1
1071
        0
1000
烟囱洞口线筋
  0
XRECORD
  5
C4
102
{ACAD_REACTORS
330
68
102
}
330
68
100
AcDbXrecord
280
     1
1001
a
1071
        0
1071
234893318
1071
     8192
1071
        1
1000
CHIM_HOLE_REIN_TEXT
1071
-1023410169
1000
白
1000
白
1000
CONTINUOUS
1071
       -3
1071
        0
1071
        1
1071
        0
1000
烟囱洞口钢筋文字
  0
XRECORD
  5
349
102
{ACAD_REACTORS
330
68
102
}
330
68
100
AcDbXrecord
280
     1
1001
a
1071
        0
1071
234893319
1071
    16384
1071
        1
1000
CHIM_HOLE_REIN_NUM
1071
-1023410169
1000
白
1000
白
1000
CONTINUOUS
1071
       -3
1071
        0
1071
        1
1071
        0
1000
烟囱洞口钢筋编号
  0
XRECORD
  5
1EE
102
{ACAD_REACTORS
330
68
102
}
330
68
100
AcDbXrecord
280
     1
1001
a
1071
        0
1071
234893320
1071
    20480
1071
        1
1000
CHIM_HOLE_HATCH
1071
-1023409925
1000
251
1000
251
1000
CONTINUOUS
1071
       -3
1071
        0
1071
        1
1071
        0
1000
烟囱洞口填充
  0
XRECORD
  5
9B
102
{ACAD_REACTORS
330
68
102
}
330
68
100
AcDbXrecord
280
     1
1001
a
1071
        0
1071
234893321
1071
   720896
1071
        1
1000
CHIM_HOLE_TABLE
1071
-1023410169
1000
白
1000
白
1000
CONTINUOUS
1071
       -3
1071
        0
1071
        1
1071
        0
1000
烟囱洞口表格
  0
XRECORD
  5
2AC
102
{ACAD_REACTORS
330
68
102
}
330
68
100
AcDbXrecord
280
     1
1001
a
1071
        0
1071
234897408
1071
234897408
1071
        2
1000
CHIM_PLAT
1071
-1023410169
1000
白
1000
白
1000
CONTINUOUS
1071
       -3
1071
        0
1071
        1
1071
        0
1000
烟囱平台
  0
XRECORD
  5
152
102
{ACAD_REACTORS
330
68
102
}
330
68
100
AcDbXrecord
280
     1
1001
a
1071
        0
1071
234897409
1071
234897409
1071
        2
1000
CHIM_PLAT_DASH
1071
-1023410169
1000
白
1000
白
1000
DASHED
1071
       -3
1071
        0
1071
        1
1071
        0
1000
烟囱平台虚线
  0
XRECORD
  5
3CF
102
{ACAD_REACTORS
330
68
102
}
330
68
100
AcDbXrecord
280
     1
1001
a
1071
        0
1071
234897410
1071
     8192
1071
        1
1000
CHIM_PLAT_TEXT
1071
-1023410169
1000
白
1000
白
1000
CONTINUOUS
1071
       -3
1071
        0
1071
        1
1071
        0
1000
烟囱平台文字
  0
XRECORD
  5
269
102
{ACAD_REACTORS
330
68
102
}
330
68
100
AcDbXrecord
280
     1
1001
a
1071
        0
1071
234897411
1071
    12288
1071
        1
1000
CHIM_PLAT_DIM
1071
-1023410173
1000
绿
1000
绿
1000
CONTINUOUS
1071
       -3
1071
        0
1071
        1
1071
        0
1000
烟囱平台尺寸
  0
XRECORD
  5
109
102
{ACAD_REACTORS
330
68
102
}
330
68
100
AcDbXrecord
280
     1
1001
a
1071
        0
1071
234897412
1071
        0
1071
        1
1000
CHIM_PLAT_REIND
1071
-1023410175
1000
红
1000
红
1000
CONTINUOUS
1071
       -3
1071
        0
1071
        1
1071
        0
1000
烟囱平台点筋
  0
XRECORD
  5
385
102
{ACAD_REACTORS
330
68
102
}
330
68
100
AcDbXrecord
280
     1
1001
a
1071
        0
1071
234897413
1071
     4096
1071
        1
1000
CHIM_PLAT_REINL
1071
-1023410175
1000
红
1000
红
1000
CONTINUOUS
1071
       -3
1071
        0
1071
        1
1071
        0
1000
烟囱平台线筋
  0
XRECORD
  5
220
102
{ACAD_REACTORS
330
68
102
}
330
68
100
AcDbXrecord
280
     1
1001
a
1071
        0
1071
234897414
1071
     8192
1071
        1
1000
CHIM_PLAT_REIN_TEXT
1071
-1023410169
1000
白
1000
白
1000
CONTINUOUS
1071
       -3
1071
        0
1071
        1
1071
        0
1000
烟囱平台钢筋文字
  0
XRECORD
  5
C5
102
{ACAD_REACTORS
330
68
102
}
330
68
100
AcDbXrecord
280
     1
1001
a
1071
        0
1071
234897415
1071
    16384
1071
        1
1000
CHIM_PLAT_REIN_NUM
1071
-1023410169
1000
白
1000
白
1000
CONTINUOUS
1071
       -3
1071
        0
1071
        1
1071
        0
1000
烟囱平台钢筋编号
  0
XRECORD
  5
34A
102
{ACAD_REACTORS
330
68
102
}
330
68
100
AcDbXrecord
280
     1
1001
a
1071
        0
1071
234897416
1071
    20480
1071
        1
1000
CHIM_PLAT_HATCH
1071
-1023409925
1000
251
1000
251
1000
CONTINUOUS
1071
       -3
1071
        0
1071
        1
1071
        0
1000
烟囱平台填充
  0
XRECORD
  5
1EF
102
{ACAD_REACTORS
330
68
102
}
330
68
100
AcDbXrecord
280
     1
1001
a
1071
        0
1071
234897417
1071
   720896
1071
        1
1000
CHIM_PLAT_TABLE
1071
-1023410169
1000
白
1000
白
1000
CONTINUOUS
1071
       -3
1071
        0
1071
        1
1071
        0
1000
烟囱平台表格
  0
XRECORD
  5
409
102
{ACAD_REACTORS
330
68
102
}
330
68
100
AcDbXrecord
280
     1
1001
a
1071
        0
1071
234901504
1071
234901504
1071
        2
1000
CHIM_STAI
1071
-1023410169
1000
白
1000
白
1000
CONTINUOUS
1071
       -3
1071
        0
1071
        1
1071
        0
1000
烟囱钢梯
  0
XRECORD
  5
2AD
102
{ACAD_REACTORS
330
68
102
}
330
68
100
AcDbXrecord
280
     1
1001
a
1071
        0
1071
234901505
1071
234901505
1071
        2
1000
CHIM_STAI_DASH
1071
-1023410169
1000
白
1000
白
1000
DASHED
1071
       -3
1071
        0
1071
        1
1071
        0
1000
烟囱钢梯虚线
  0
XRECORD
  5
153
102
{ACAD_REACTORS
330
68
102
}
330
68
100
AcDbXrecord
280
     1
1001
a
1071
        0
1071
234901506
1071
     8192
1071
        1
1000
CHIM_STAI_TEXT
1071
-1023410169
1000
白
1000
白
1000
CONTINUOUS
1071
       -3
1071
        0
1071
        1
1071
        0
1000
烟囱钢梯文字
  0
XRECORD
  5
3D0
102
{ACAD_REACTORS
330
68
102
}
330
68
100
AcDbXrecord
280
     1
1001
a
1071
        0
1071
234901507
1071
    12288
1071
        1
1000
CHIM_STAI_DIM
1071
-1023410173
1000
绿
1000
绿
1000
CONTINUOUS
1071
       -3
1071
        0
1071
        1
1071
        0
1000
烟囱钢梯尺寸
  0
XRECORD
  5
386
102
{ACAD_REACTORS
330
68
102
}
330
68
100
AcDbXrecord
280
     1
1001
a
1071
        0
1071
234901510
1071
     8192
1071
        1
1000
CHIM_STAI_REIN_TEXT
1071
-1023410169
1000
白
1000
白
1000
CONTINUOUS
1071
       -3
1071
        0
1071
        1
1071
        0
1000
烟囱钢梯钢筋文字
  0
XRECORD
  5
221
102
{ACAD_REACTORS
330
68
102
}
330
68
100
AcDbXrecord
280
     1
1001
a
1071
        0
1071
234901511
1071
    16384
1071
        1
1000
CHIM_STAI_REIN_NUM
1071
-1023410169
1000
白
1000
白
1000
CONTINUOUS
1071
       -3
1071
        0
1071
        1
1071
        0
1000
烟囱钢梯钢筋编号
  0
XRECORD
  5
C6
102
{ACAD_REACTORS
330
68
102
}
330
68
100
AcDbXrecord
280
     1
1001
a
1071
        0
1071
234901512
1071
    20480
1071
        1
1000
CHIM_STAI_HATCH
1071
-1023409925
1000
251
1000
251
1000
CONTINUOUS
1071
       -3
1071
        0
1071
        1
1071
        0
1000
烟囱钢梯填充
  0
XRECORD
  5
34B
102
{ACAD_REACTORS
330
68
102
}
330
68
100
AcDbXrecord
280
     1
1001
a
1071
        0
1071
234901513
1071
   720896
1071
        1
1000
CHIM_STAI_TABLE
1071
-1023410169
1000
白
1000
白
1000
CONTINUOUS
1071
       -3
1071
        0
1071
        1
1071
        0
1000
烟囱钢梯表格
  0
XRECORD
  5
189
102
{ACAD_REACTORS
330
68
102
}
330
68
100
AcDbXrecord
280
     1
1001
a
1071
        0
1071
234905600
1071
234905600
1071
        2
1000
CHIM_FLUE
1071
-1023410169
1000
白
1000
白
1000
CONTINUOUS
1071
       -3
1071
        0
1071
        1
1071
        0
1000
烟囱烟道^I
  0
XRECORD
  5
40A
102
{ACAD_REACTORS
330
68
102
}
330
68
100
AcDbXrecord
280
     1
1001
a
1071
        0
1071
234905601
1071
234905601
1071
        2
1000
CHIM_FLUE_DASH
1071
-1023410169
1000
白
1000
白
1000
DASHED
1071
       -3
1071
        0
1071
        1
1071
        0
1000
烟囱烟道虚线
  0
XRECORD
  5
2AE
102
{ACAD_REACTORS
330
68
102
}
330
68
100
AcDbXrecord
280
     1
1001
a
1071
        0
1071
234905602
1071
     8192
1071
        1
1000
CHIM_FLUE_TEXT
1071
-1023410169
1000
白
1000
白
1000
CONTINUOUS
1071
       -3
1071
        0
1071
        1
1071
        0
1000
烟囱烟道文字
  0
XRECORD
  5
154
102
{ACAD_REACTORS
330
68
102
}
330
68
100
AcDbXrecord
280
     1
1001
a
1071
        0
1071
234905603
1071
    12288
1071
        1
1000
CHIM_FLUE_DIM
1071
-1023410173
1000
绿
1000
绿
1000
CONTINUOUS
1071
       -3
1071
        0
1071
        1
1071
        0
1000
烟囱烟道尺寸
  0
XRECORD
  5
3D1
102
{ACAD_REACTORS
330
68
102
}
330
68
100
AcDbXrecord
280
     1
1001
a
1071
        0
1071
234905604
1071
        0
1071
        1
1000
CHIM_FLUE_REIND
1071
-1023410175
1000
红
1000
红
1000
CONTINUOUS
1071
       -3
1071
        0
1071
        1
1071
        0
1000
烟囱烟道点筋
  0
XRECORD
  5
26A
102
{ACAD_REACTORS
330
68
102
}
330
68
100
AcDbXrecord
280
     1
1001
a
1071
        0
1071
234905605
1071
     4096
1071
        1
1000
CHIM_FLUE_REINL
1071
-1023410175
1000
红
1000
红
1000
CONTINUOUS
1071
       -3
1071
        0
1071
        1
1071
        0
1000
烟囱烟道线筋
  0
XRECORD
  5
10A
102
{ACAD_REACTORS
330
68
102
}
330
68
100
AcDbXrecord
280
     1
1001
a
1071
        0
1071
234905606
1071
     8192
1071
        1
1000
CHIM_FLUE_REIN_TEXT
1071
-1023410169
1000
白
1000
白
1000
CONTINUOUS
1071
       -3
1071
        0
1071
        1
1071
        0
1000
烟囱烟道钢筋文字
  0
XRECORD
  5
387
102
{ACAD_REACTORS
330
68
102
}
330
68
100
AcDbXrecord
280
     1
1001
a
1071
        0
1071
234905607
1071
    16384
1071
        1
1000
CHIM_FLUE_REIN_NUM
1071
-1023410169
1000
白
1000
白
1000
CONTINUOUS
1071
       -3
1071
        0
1071
        1
1071
        0
1000
烟囱烟道钢筋编号
  0
XRECORD
  5
222
102
{ACAD_REACTORS
330
68
102
}
330
68
100
AcDbXrecord
280
     1
1001
a
1071
        0
1071
234905608
1071
    20480
1071
        1
1000
CHIM_FLUE_HATCH
1071
-1023409925
1000
251
1000
251
1000
CONTINUOUS
1071
       -3
1071
        0
1071
        1
1071
        0
1000
烟囱烟道填充
  0
XRECORD
  5
C7
102
{ACAD_REACTORS
330
68
102
}
330
68
100
AcDbXrecord
280
     1
1001
a
1071
        0
1071
234905609
1071
   720896
1071
        1
1000
CHIM_FLUE_TABLE
1071
-1023410169
1000
白
1000
白
1000
CONTINUOUS
1071
       -3
1071
        0
1071
        1
1071
        0
1000
烟囱烟道表格
  0
XRECORD
  5
2E5
102
{ACAD_REACTORS
330
68
102
}
330
68
100
AcDbXrecord
280
     1
1001
a
1071
        0
1071
234909696
1071
234909696
1071
        2
1000
CHIM_FITT
1071
-1023410169
1000
白
1000
白
1000
CONTINUOUS
1071
       -3
1071
        0
1071
        1
1071
        0
1000
烟囱附件
  0
XRECORD
  5
18A
102
{ACAD_REACTORS
330
68
102
}
330
68
100
AcDbXrecord
280
     1
1001
a
1071
        0
1071
234909697
1071
234909697
1071
        2
1000
CHIM_FITT_DASH
1071
-1023410169
1000
白
1000
白
1000
DASHED
1071
       -3
1071
        0
1071
        1
1071
        0
1000
烟囱附件虚线
  0
XRECORD
  5
40B
102
{ACAD_REACTORS
330
68
102
}
330
68
100
AcDbXrecord
280
     1
1001
a
1071
        0
1071
234909698
1071
     8192
1071
        1
1000
CHIM_FITT_TEXT
1071
-1023410169
1000
白
1000
白
1000
CONTINUOUS
1071
       -3
1071
        0
1071
        1
1071
        0
1000
烟囱附件文字
  0
XRECORD
  5
2AF
102
{ACAD_REACTORS
330
68
102
}
330
68
100
AcDbXrecord
280
     1
1001
a
1071
        0
1071
234909699
1071
    12288
1071
        1
1000
CHIM_FITT_DIM
1071
-1023410173
1000
绿
1000
绿
1000
CONTINUOUS
1071
       -3
1071
        0
1071
        1
1071
        0
1000
烟囱附件尺寸
  0
XRECORD
  5
155
102
{ACAD_REACTORS
330
68
102
}
330
68
100
AcDbXrecord
280
     1
1001
a
1071
        0
1071
234909700
1071
        0
1071
        1
1000
CHIM_FITT_REIND
1071
-1023410175
1000
红
1000
红
1000
CONTINUOUS
1071
       -3
1071
        0
1071
        1
1071
        0
1000
烟囱附件点筋
  0
XRECORD
  5
3D2
102
{ACAD_REACTORS
330
68
102
}
330
68
100
AcDbXrecord
280
     1
1001
a
1071
        0
1071
234909701
1071
     4096
1071
        1
1000
CHIM_FITT_REINL
1071
-1023410175
1000
红
1000
红
1000
CONTINUOUS
1071
       -3
1071
        0
1071
        1
1071
        0
1000
烟囱附件线筋
  0
XRECORD
  5
26B
102
{ACAD_REACTORS
330
68
102
}
330
68
100
AcDbXrecord
280
     1
1001
a
1071
        0
1071
234909702
1071
     8192
1071
        1
1000
CHIM_FITT_REIN_TEXT
1071
-1023410169
1000
白
1000
白
1000
CONTINUOUS
1071
       -3
1071
        0
1071
        1
1071
        0
1000
烟囱附件钢筋文字
  0
XRECORD
  5
10B
102
{ACAD_REACTORS
330
68
102
}
330
68
100
AcDbXrecord
280
     1
1001
a
1071
        0
1071
234909703
1071
    16384
1071
        1
1000
CHIM_FITT_REIN_NUM
1071
-1023410169
1000
白
1000
白
1000
CONTINUOUS
1071
       -3
1071
        0
1071
        1
1071
        0
1000
烟囱附件钢筋编号
  0
XRECORD
  5
388
102
{ACAD_REACTORS
330
68
102
}
330
68
100
AcDbXrecord
280
     1
1001
a
1071
        0
1071
234909704
1071
    20480
1071
        1
1000
CHIM_FITT_HATCH
1071
-1023409925
1000
251
1000
251
1000
CONTINUOUS
1071
       -3
1071
        0
1071
        1
1071
        0
1000
烟囱附件填充
  0
XRECORD
  5
223
102
{ACAD_REACTORS
330
68
102
}
330
68
100
AcDbXrecord
280
     1
1001
a
1071
        0
1071
234909705
1071
   720896
1071
        1
1000
CHIM_FITT_TABLE
1071
-1023410169
1000
白
1000
白
1000
CONTINUOUS
1071
       -3
1071
        0
1071
        1
1071
        0
1000
烟囱附件表格
  0
XRECORD
  5
442
102
{ACAD_REACTORS
330
68
102
}
330
68
100
AcDbXrecord
280
     1
1001
a
1071
        0
1071
234913792
1071
234913792
1071
        2
1000
CHIM_DETA
1071
-1023410169
1000
白
1000
白
1000
CONTINUOUS
1071
       -3
1071
        0
1071
        1
1071
        0
1000
烟囱节点详图
  0
XRECORD
  5
2E6
102
{ACAD_REACTORS
330
68
102
}
330
68
100
AcDbXrecord
280
     1
1001
a
1071
        0
1071
234913793
1071
234913793
1071
        2
1000
CHIM_DETA_DASH
1071
-1023410169
1000
白
1000
白
1000
DASHED
1071
       -3
1071
        0
1071
        1
1071
        0
1000
烟囱节点详图虚线
  0
XRECORD
  5
18B
102
{ACAD_REACTORS
330
68
102
}
330
68
100
AcDbXrecord
280
     1
1001
a
1071
        0
1071
234913794
1071
     8192
1071
        1
1000
CHIM_DETA_TEXT
1071
-1023410169
1000
白
1000
白
1000
CONTINUOUS
1071
       -3
1071
        0
1071
        1
1071
        0
1000
烟囱节点详图文字
  0
XRECORD
  5
40C
102
{ACAD_REACTORS
330
68
102
}
330
68
100
AcDbXrecord
280
     1
1001
a
1071
        0
1071
234913795
1071
    12288
1071
        1
1000
CHIM_DETA_DIM
1071
-1023410173
1000
绿
1000
绿
1000
CONTINUOUS
1071
       -3
1071
        0
1071
        1
1071
        0
1000
烟囱节点详图尺寸
  0
XRECORD
  5
2B0
102
{ACAD_REACTORS
330
68
102
}
330
68
100
AcDbXrecord
280
     1
1001
a
1071
        0
1071
234913796
1071
        0
1071
        1
1000
CHIM_DETA_REIND
1071
-1023410175
1000
红
1000
红
1000
CONTINUOUS
1071
       -3
1071
        0
1071
        1
1071
        0
1000
烟囱节点详图点筋
  0
XRECORD
  5
156
102
{ACAD_REACTORS
330
68
102
}
330
68
100
AcDbXrecord
280
     1
1001
a
1071
        0
1071
234913797
1071
     4096
1071
        1
1000
CHIM_DETA_REINL
1071
-1023410175
1000
红
1000
红
1000
CONTINUOUS
1071
       -3
1071
        0
1071
        1
1071
        0
1000
烟囱节点详图线筋
  0
XRECORD
  5
3D3
102
{ACAD_REACTORS
330
68
102
}
330
68
100
AcDbXrecord
280
     1
1001
a
1071
        0
1071
234913798
1071
     8192
1071
        1
1000
CHIM_DETA_REIN_TEXT
1071
-1023410169
1000
白
1000
白
1000
CONTINUOUS
1071
       -3
1071
        0
1071
        1
1071
        0
1000
烟囱节点详图钢筋文字
  0
XRECORD
  5
26C
102
{ACAD_REACTORS
330
68
102
}
330
68
100
AcDbXrecord
280
     1
1001
a
1071
        0
1071
234913799
1071
    16384
1071
        1
1000
CHIM_DETA_REIN_NUM
1071
-1023410169
1000
白
1000
白
1000
CONTINUOUS
1071
       -3
1071
        0
1071
        1
1071
        0
1000
烟囱节点详图钢筋编号
  0
XRECORD
  5
10C
102
{ACAD_REACTORS
330
68
102
}
330
68
100
AcDbXrecord
280
     1
1001
a
1071
        0
1071
234913800
1071
    20480
1071
        1
1000
CHIM_DETA_HATCH
1071
-1023409925
1000
251
1000
251
1000
CONTINUOUS
1071
       -3
1071
        0
1071
        1
1071
        0
1000
烟囱节点详图填充
  0
XRECORD
  5
389
102
{ACAD_REACTORS
330
68
102
}
330
68
100
AcDbXrecord
280
     1
1001
a
1071
        0
1071
234913801
1071
   720896
1071
        1
1000
CHIM_DETA_TABLE
1071
-1023410169
1000
白
1000
白
1000
CONTINUOUS
1071
       -3
1071
        0
1071
        1
1071
        0
1000
烟囱节点详图表格
  0
XRECORD
  5
111
102
{ACAD_REACTORS
330
68
102
}
330
68
100
AcDbXrecord
280
     1
1001
a
1071
        0
1071
    24576
1071
    24576
1071
        2
1000
C-ICON
1071
-1023409995
1000
181
1000
181
1000
CONTINUOUS
1071
        0
1071
        0
1071
        1
1071
        0
1000
图框
  0
XRECORD
  5
2F0
102
{ACAD_REACTORS
330
68
102
}
330
68
100
AcDbXrecord
280
     1
1001
a
1071
        0
1071
   262144
1071
   262144
1071
        2
1000
S-BEAM-LINE2
1071
-1023410173
1000
绿
1000
绿
1000
H3普通虚线
1071
        0
1071
        0
1071
        1
1071
        0
1000
平面主梁
  0
XRECORD
  5
194
102
{ACAD_REACTORS
330
68
102
}
330
68
100
AcDbXrecord
280
     1
1001
a
1071
        0
1071
   262145
1071
   262145
1071
        2
1000
S-BEAM-LINE1
1071
-1023410169
1000
白
1000
白
1000
CONTINUOUS
1071
        0
1071
        0
1071
        1
1071
        0
1000
平面主梁实线
  0
XRECORD
  5
412
102
{ACAD_REACTORS
330
68
102
}
330
68
100
AcDbXrecord
280
     1
1001
a
1071
        0
1071
   262146
1071
    16384
1071
        1
1000
S-BEAM-X
1071
-1023410065
1000
111
1000
111
1000
CONTINUOUS
1071
        0
1071
        0
1071
        1
1071
        0
1000
平面主梁水平编号
  0
XRECORD
  5
2B6
102
{ACAD_REACTORS
330
68
102
}
330
68
100
AcDbXrecord
280
     1
1001
a
1071
        0
1071
   262147
1071
     8192
1071
        1
1000
S-BEAM-X
1071
-1023410065
1000
111
1000
111
1000
CONTINUOUS
1071
        0
1071
        0
1071
        1
1071
        0
1000
平面主梁水平集中标
  0
XRECORD
  5
15D
102
{ACAD_REACTORS
330
68
102
}
330
68
100
AcDbXrecord
280
     1
1001
a
1071
        0
1071
   262148
1071
     8192
1071
        1
1000
S-BEAM-X
1071
-1023410065
1000
111
1000
111
1000
CONTINUOUS
1071
        0
1071
        0
1071
        1
1071
        0
1000
平面主梁水平原位标
  0
XRECORD
  5
3DC
102
{ACAD_REACTORS
330
68
102
}
330
68
100
AcDbXrecord
280
     1
1001
a
1071
        0
1071
   262149
1071
    12288
1071
        0
1000
S-DETL-DIM
1071
-1023410025
1000
151
1000
151
1000
CONTINUOUS
1071
        0
1071
        0
1071
        1
1071
        0
1000
平面主梁水平尺寸
  0
XRECORD
  5
275
102
{ACAD_REACTORS
330
68
102
}
330
68
100
AcDbXrecord
280
     1
1001
a
1071
        0
1071
   262150
1071
     4096
1071
        1
1000
S-BEAM-XRBAR
1071
-1023410156
1000
20
1000
20
1000
CONTINUOUS
1071
        0
1071
        0
1071
        1
1071
        0
1000
平面主梁水平附加筋
  0
XRECORD
  5
115
102
{ACAD_REACTORS
330
68
102
}
330
68
100
AcDbXrecord
280
     1
1001
a
1071
        0
1071
   262151
1071
     8192
1071
        1
1000
S-BEAM-XRBAR
1071
-1023410156
1000
20
1000
20
1000
CONTINUOUS
1071
        0
1071
        0
1071
        1
1071
        0
1000
平面主梁水平附加筋标注
  0
XRECORD
  5
393
102
{ACAD_REACTORS
330
68
102
}
330
68
100
AcDbXrecord
280
     1
1001
a
1071
        0
1071
   262152
1071
    16384
1071
        1
1000
S-BEAM-Y
1071
-1023410043
1000
133
1000
133
1000
CONTINUOUS
1071
        0
1071
        0
1071
        1
1071
        0
1000
平面主梁竖直编号
  0
XRECORD
  5
22E
102
{ACAD_REACTORS
330
68
102
}
330
68
100
AcDbXrecord
280
     1
1001
a
1071
        0
1071
   262153
1071
     8192
1071
        1
1000
S-BEAM-Y
1071
-1023410043
1000
133
1000
133
1000
CONTINUOUS
1071
        0
1071
        0
1071
        1
1071
        0
1000
平面主梁竖直集中标
  0
XRECORD
  5
D0
102
{ACAD_REACTORS
330
68
102
}
330
68
100
AcDbXrecord
280
     1
1001
a
1071
        0
1071
   262154
1071
     8192
1071
        1
1000
S-BEAM-Y
1071
-1023410043
1000
133
1000
133
1000
CONTINUOUS
1071
        0
1071
        0
1071
        1
1071
        0
1000
平面主梁竖直原位标
  0
XRECORD
  5
353
102
{ACAD_REACTORS
330
68
102
}
330
68
100
AcDbXrecord
280
     1
1001
a
1071
        0
1071
   262155
1071
    12288
1071
        0
1000
S-DETL-DIM
1071
-1023410025
1000
151
1000
151
1000
CONTINUOUS
1071
        0
1071
        0
1071
        1
1071
        0
1000
平面主梁竖直尺寸
  0
XRECORD
  5
1F7
102
{ACAD_REACTORS
330
68
102
}
330
68
100
AcDbXrecord
280
     1
1001
a
1071
        0
1071
   262156
1071
     4096
1071
        1
1000
S-BEAM-YRBAR
1071
-1023409956
1000
220
1000
220
1000
CONTINUOUS
1071
        0
1071
        0
1071
        1
1071
        0
1000
平面主梁竖直附加筋
  0
XRECORD
  5
A2
102
{ACAD_REACTORS
330
68
102
}
330
68
100
AcDbXrecord
280
     1
1001
a
1071
        0
1071
   262157
1071
     8192
1071
        1
1000
S-BEAM-YRBAR
1071
-1023409956
1000
220
1000
220
1000
CONTINUOUS
1071
        0
1071
        0
1071
        1
1071
        0
1000
平面主梁竖直附加筋标注
  0
XRECORD
  5
325
102
{ACAD_REACTORS
330
68
102
}
330
68
100
AcDbXrecord
280
     1
1001
a
1071
        0
1071
   262158
1071
    36864
1071
        1
1000
BEAM_LOAD
1071
-1023410175
1000
红
1000
红
1000
CONTINUOUS
1071
        0
1071
        0
1071
        1
1071
        0
1000
平面主梁荷载
  0
XRECORD
  5
1C8
102
{ACAD_REACTORS
330
68
102
}
330
68
100
AcDbXrecord
280
     1
1001
a
1071
        0
1071
   262159
1071
     8192
1071
        1
1000
BEAM_TEXT
1071
-1023410174
1000
黄
1000
黄
1000
CONTINUOUS
1071
        0
1071
        0
1071
        1
1071
        0
1000
平面主梁文字
  0
XRECORD
  5
6F
102
{ACAD_REACTORS
330
68
102
}
330
68
100
AcDbXrecord
280
     1
1001
a
1071
        0
1071
   266240
1071
   266240
1071
        2
1000
S-BEAM-LINE2
1071
-1023410173
1000
绿
1000
绿
1000
H3普通虚线
1071
        0
1071
        0
1071
        1
1071
        0
1000
平面次梁
  0
XRECORD
  5
2F1
102
{ACAD_REACTORS
330
68
102
}
330
68
100
AcDbXrecord
280
     1
1001
a
1071
        0
1071
   266241
1071
   266241
1071
        2
1000
S-BEAM-LINE1
1071
-1023410169
1000
白
1000
白
1000
CONTINUOUS
1071
        0
1071
        0
1071
        1
1071
        0
1000
平面次梁实线
  0
XRECORD
  5
195
102
{ACAD_REACTORS
330
68
102
}
330
68
100
AcDbXrecord
280
     1
1001
a
1071
        0
1071
   266242
1071
    16384
1071
        1
1000
S-BEAM-X
1071
-1023410065
1000
111
1000
111
1000
CONTINUOUS
1071
        0
1071
        0
1071
        1
1071
        0
1000
平面次梁水平编号
  0
XRECORD
  5
413
102
{ACAD_REACTORS
330
68
102
}
330
68
100
AcDbXrecord
280
     1
1001
a
1071
        0
1071
   266243
1071
     8192
1071
        1
1000
S-BEAM-X
1071
-1023410065
1000
111
1000
111
1000
CONTINUOUS
1071
        0
1071
        0
1071
        1
1071
        0
1000
平面次梁水平集中标
  0
XRECORD
  5
2B7
102
{ACAD_REACTORS
330
68
102
}
330
68
100
AcDbXrecord
280
     1
1001
a
1071
        0
1071
   266244
1071
     8192
1071
        1
1000
S-BEAM-X
1071
-1023410065
1000
111
1000
111
1000
CONTINUOUS
1071
        0
1071
        0
1071
        1
1071
        0
1000
平面次梁水平原位标
  0
XRECORD
  5
15E
102
{ACAD_REACTORS
330
68
102
}
330
68
100
AcDbXrecord
280
     1
1001
a
1071
        0
1071
   266245
1071
    12288
1071
        0
1000
S-DETL-DIM
1071
-1023410025
1000
151
1000
151
1000
CONTINUOUS
1071
        0
1071
        0
1071
        1
1071
        0
1000
平面次梁水平尺寸
  0
XRECORD
  5
3DD
102
{ACAD_REACTORS
330
68
102
}
330
68
100
AcDbXrecord
280
     1
1001
a
1071
        0
1071
   266246
1071
     4096
1071
        1
1000
S-BEAM-XRBAR
1071
-1023410156
1000
20
1000
20
1000
CONTINUOUS
1071
        0
1071
        0
1071
        1
1071
        0
1000
平面次梁水平附加筋
  0
XRECORD
  5
276
102
{ACAD_REACTORS
330
68
102
}
330
68
100
AcDbXrecord
280
     1
1001
a
1071
        0
1071
   266247
1071
     8192
1071
        1
1000
S-BEAM-XRBAR
1071
-1023410156
1000
20
1000
20
1000
CONTINUOUS
1071
        0
1071
        0
1071
        1
1071
        0
1000
平面次梁水平附加筋标注
  0
XRECORD
  5
116
102
{ACAD_REACTORS
330
68
102
}
330
68
100
AcDbXrecord
280
     1
1001
a
1071
        0
1071
   266248
1071
    16384
1071
        1
1000
S-BEAM-Y
1071
-1023410043
1000
133
1000
133
1000
CONTINUOUS
1071
        0
1071
        0
1071
        1
1071
        0
1000
平面次梁竖直编号
  0
XRECORD
  5
394
102
{ACAD_REACTORS
330
68
102
}
330
68
100
AcDbXrecord
280
     1
1001
a
1071
        0
1071
   266249
1071
     8192
1071
        1
1000
S-BEAM-Y
1071
-1023410043
1000
133
1000
133
1000
CONTINUOUS
1071
        0
1071
        0
1071
        1
1071
        0
1000
平面次梁竖直集中标
  0
XRECORD
  5
22F
102
{ACAD_REACTORS
330
68
102
}
330
68
100
AcDbXrecord
280
     1
1001
a
1071
        0
1071
   266250
1071
     8192
1071
        1
1000
S-BEAM-Y
1071
-1023410043
1000
133
1000
133
1000
CONTINUOUS
1071
        0
1071
        0
1071
        1
1071
        0
1000
平面次梁竖直原位标
  0
XRECORD
  5
D1
102
{ACAD_REACTORS
330
68
102
}
330
68
100
AcDbXrecord
280
     1
1001
a
1071
        0
1071
   266251
1071
    12288
1071
        0
1000
S-DETL-DIM
1071
-1023410025
1000
151
1000
151
1000
CONTINUOUS
1071
        0
1071
        0
1071
        1
1071
        0
1000
平面次梁竖直尺寸
  0
XRECORD
  5
354
102
{ACAD_REACTORS
330
68
102
}
330
68
100
AcDbXrecord
280
     1
1001
a
1071
        0
1071
   266252
1071
     4096
1071
        1
1000
S-BEAM-YRBAR
1071
-1023409956
1000
220
1000
220
1000
CONTINUOUS
1071
        0
1071
        0
1071
        1
1071
        0
1000
平面次梁竖直附加筋
  0
XRECORD
  5
1F8
102
{ACAD_REACTORS
330
68
102
}
330
68
100
AcDbXrecord
280
     1
1001
a
1071
        0
1071
   266253
1071
     8192
1071
        1
1000
S-BEAM-YRBAR
1071
-1023409956
1000
220
1000
220
1000
CONTINUOUS
1071
        0
1071
        0
1071
        1
1071
        0
1000
平面次梁竖直附加筋标注
  0
XRECORD
  5
A3
102
{ACAD_REACTORS
330
68
102
}
330
68
100
AcDbXrecord
280
     1
1001
a
1071
        0
1071
   266254
1071
    36864
1071
        1
1000
BEAM_SE_LOAD
1071
-1023410175
1000
红
1000
红
1000
CONTINUOUS
1071
        0
1071
        0
1071
        1
1071
        0
1000
平面次梁荷载
  0
XRECORD
  5
1C9
102
{ACAD_REACTORS
330
68
102
}
330
68
100
AcDbXrecord
280
     1
1001
a
1071
        0
1071
   270336
1071
   270336
1071
        2
1000
BEAM_WA
1071
-1023410172
1000
青
1000
青
1000
DASHED
1071
        0
1071
        0
1071
        1
1071
        0
1000
平面连梁
  0
XRECORD
  5
70
102
{ACAD_REACTORS
330
68
102
}
330
68
100
AcDbXrecord
280
     1
1001
a
1071
        0
1071
   270337
1071
   270337
1071
        2
1000
S-BEAM-LINE1
1071
-1023409921
1000
255
1000
255
1000
CONTINUOUS
1071
        0
1071
        0
1071
        1
1071
        0
1000
平面连梁实线
  0
XRECORD
  5
2F2
102
{ACAD_REACTORS
330
68
102
}
330
68
100
AcDbXrecord
280
     1
1001
a
1071
        0
1071
   270338
1071
     8192
1071
        0
1000
S-DETL-TEXT
1071
-1023410169
1000
白
1000
白
1000
CONTINUOUS
1071
        0
1071
        0
1071
        1
1071
        0
1000
平面连梁文字
  0
XRECORD
  5
196
102
{ACAD_REACTORS
330
68
102
}
330
68
100
AcDbXrecord
280
     1
1001
a
1071
        0
1071
   270339
1071
    16384
1071
        0
1000
S-DETL-TEXT
1071
-1023410169
1000
白
1000
白
1000
CONTINUOUS
1071
        0
1071
        0
1071
        1
1071
        0
1000
平面连梁编号
  0
XRECORD
  5
414
102
{ACAD_REACTORS
330
68
102
}
330
68
100
AcDbXrecord
280
     1
1001
a
1071
        0
1071
   270340
1071
    36864
1071
        1
1000
BEAM_WA_LOAD
1071
-1023410175
1000
红
1000
红
1000
CONTINUOUS
1071
        0
1071
        0
1071
        1
1071
        0
1000
平面连梁荷载
  0
XRECORD
  5
326
102
{ACAD_REACTORS
330
68
102
}
330
68
100
AcDbXrecord
280
     1
1001
a
1071
        0
1071
   274432
1071
   274432
1071
        2
1000
BEAM_BR
1071
-1023410172
1000
青
1000
青
1000
DASHED
1071
        0
1071
        0
1071
        1
1071
        0
1000
平面过梁
  0
XRECORD
  5
1CA
102
{ACAD_REACTORS
330
68
102
}
330
68
100
AcDbXrecord
280
     1
1001
a
1071
        0
1071
   274433
1071
   274433
1071
        2
1000
S-BEAM-LINE1
1071
-1023410169
1000
白
1000
白
1000
CONTINUOUS
1071
        0
1071
        0
1071
        1
1071
        0
1000
平面过梁实线
  0
XRECORD
  5
71
102
{ACAD_REACTORS
330
68
102
}
330
68
100
AcDbXrecord
280
     1
1001
a
1071
        0
1071
   274434
1071
     8192
1071
        0
1000
S-DETL-TEXT
1071
-1023410169
1000
白
1000
白
1000
CONTINUOUS
1071
        0
1071
        0
1071
        1
1071
        0
1000
平面过梁文字
  0
XRECORD
  5
2F3
102
{ACAD_REACTORS
330
68
102
}
330
68
100
AcDbXrecord
280
     1
1001
a
1071
        0
1071
   274435
1071
    12288
1071
        0
1000
S-DETL-DIM
1071
-1023410025
1000
151
1000
151
1000
CONTINUOUS
1071
        0
1071
        0
1071
        1
1071
        0
1000
平面过梁尺寸
  0
XRECORD
  5
197
102
{ACAD_REACTORS
330
68
102
}
330
68
100
AcDbXrecord
280
     1
1001
a
1071
        0
1071
   274436
1071
    16384
1071
        0
1000
S-DETL-TEXT
1071
-1023410169
1000
白
1000
白
1000
CONTINUOUS
1071
        0
1071
        0
1071
        1
1071
        0
1000
平面过梁编号
  0
XRECORD
  5
A4
102
{ACAD_REACTORS
330
68
102
}
330
68
100
AcDbXrecord
280
     1
1001
a
1071
        0
1071
   278528
1071
   278528
1071
        2
1000
BEAM_BR_LM
1071
-1023410169
1000
白
1000
白
1000
CONTINUOUS
1071
        0
1071
        0
1071
        1
1071
        0
1000
立面过梁
  0
XRECORD
  5
327
102
{ACAD_REACTORS
330
68
102
}
330
68
100
AcDbXrecord
280
     1
1001
a
1071
        0
1071
   278529
1071
   278529
1071
        2
1000
BEAM_BR_LM_DASH
1071
-1023410169
1000
白
1000
白
1000
DASHED
1071
        0
1071
        0
1071
        1
1071
        0
1000
立面过梁虚线
  0
XRECORD
  5
1CB
102
{ACAD_REACTORS
330
68
102
}
330
68
100
AcDbXrecord
280
     1
1001
a
1071
        0
1071
   278530
1071
     8192
1071
        1
1000
BEAM_BR_LM_TEXT
1071
-1023410169
1000
白
1000
白
1000
CONTINUOUS
1071
        0
1071
        0
1071
        1
1071
        0
1000
立面过梁文字
  0
XRECORD
  5
72
102
{ACAD_REACTORS
330
68
102
}
330
68
100
AcDbXrecord
280
     1
1001
a
1071
        0
1071
   278531
1071
    12288
1071
        1
1000
BEAM_BR_LM_DIM
1071
-1023410173
1000
绿
1000
绿
1000
CONTINUOUS
1071
        0
1071
        0
1071
        1
1071
        0
1000
立面过梁尺寸
  0
XRECORD
  5
2F4
102
{ACAD_REACTORS
330
68
102
}
330
68
100
AcDbXrecord
280
     1
1001
a
1071
        0
1071
   278532
1071
    16384
1071
        1
1000
BEAM_BR_LM_NUM
1071
-1023410169
1000
白
1000
白
1000
CONTINUOUS
1071
        0
1071
        0
1071
        1
1071
        0
1000
立面过梁编号
  0
XRECORD
  5
1F9
102
{ACAD_REACTORS
330
68
102
}
330
68
100
AcDbXrecord
280
     1
1001
a
1071
        0
1071
   282624
1071
   282624
1071
        2
1000
S-DETL-LINE1
1071
-1023410174
1000
黄
1000
黄
1000
CONTINUOUS
1071
        0
1071
        0
1071
        1
1071
        0
1000
详图梁
  0
XRECORD
  5
A5
102
{ACAD_REACTORS
330
68
102
}
330
68
100
AcDbXrecord
280
     1
1001
a
1071
        0
1071
   282625
1071
   282625
1071
        2
1000
S-DETL-LINE2
1071
-1023410174
1000
黄
1000
黄
1000
H3普通虚线
1071
        0
1071
        0
1071
        1
1071
        0
1000
详图梁虚线
  0
XRECORD
  5
328
102
{ACAD_REACTORS
330
68
102
}
330
68
100
AcDbXrecord
280
     1
1001
a
1071
        0
1071
   282626
1071
        0
1071
        0
1000
S-DETL-RBAR
1071
-1023410175
1000
红
1000
红
1000
CONTINUOUS
1071
        0
1071
        0
1071
        1
1071
        0
1000
详图梁点钢筋
  0
XRECORD
  5
1CC
102
{ACAD_REACTORS
330
68
102
}
330
68
100
AcDbXrecord
280
     1
1001
a
1071
        0
1071
   282627
1071
     4096
1071
        0
1000
S-DETL-RBAR
1071
-1023410175
1000
红
1000
红
1000
CONTINUOUS
1071
        0
1071
        0
1071
        1
1071
        0
1000
详图梁线钢筋
  0
XRECORD
  5
73
102
{ACAD_REACTORS
330
68
102
}
330
68
100
AcDbXrecord
280
     1
1001
a
1071
        0
1071
   282628
1071
     8192
1071
        0
1000
S-DETL-TEXT
1071
-1023410169
1000
白
1000
白
1000
CONTINUOUS
1071
        0
1071
        0
1071
        1
1071
        0
1000
详图梁文字
  0
XRECORD
  5
2F5
102
{ACAD_REACTORS
330
68
102
}
330
68
100
AcDbXrecord
280
     1
1001
a
1071
        0
1071
   282629
1071
    12288
1071
        0
1000
S-DETL-DIM
1071
-1023410025
1000
151
1000
151
1000
CONTINUOUS
1071
        0
1071
        0
1071
        1
1071
        0
1000
详图梁尺寸
  0
XRECORD
  5
198
102
{ACAD_REACTORS
330
68
102
}
330
68
100
AcDbXrecord
280
     1
1001
a
1071
        0
1071
   282630
1071
    16384
1071
        0
1000
S-DETL-TEXT
1071
-1023410169
1000
白
1000
白
1000
CONTINUOUS
1071
        0
1071
        0
1071
        1
1071
        0
1000
详图梁编号
  0
XRECORD
  5
271
102
{ACAD_REACTORS
330
68
102
}
330
68
100
AcDbXrecord
280
     1
1001
a
1071
        0
1071
    28672
1071
    28672
1071
        2
1000
S-DETL-TEXT
1071
-1023410169
1000
白
1000
白
1000
CONTINUOUS
1071
        0
1071
        0
1071
        1
1071
        0
1000
粗线符号
  0
XRECORD
  5
355
102
{ACAD_REACTORS
330
68
102
}
330
68
100
AcDbXrecord
280
     1
1001
a
1071
        0
1071
   286720
1071
   286720
1071
        2
1000
BEAM_DE_CL
1071
-1023410169
1000
白
1000
白
1000
CONTINUOUS
1071
        0
1071
        0
1071
        1
1071
        0
1000
详图次梁
  0
XRECORD
  5
1FA
102
{ACAD_REACTORS
330
68
102
}
330
68
100
AcDbXrecord
280
     1
1001
a
1071
        0
1071
   286721
1071
   286721
1071
        2
1000
BEAM_DE_CL_DASH
1071
-1023410167
1000
9
1000
9
1000
DASHED
1071
        0
1071
        0
1071
        1
1071
        0
1000
详图次梁虚线
  0
XRECORD
  5
A6
102
{ACAD_REACTORS
330
68
102
}
330
68
100
AcDbXrecord
280
     1
1001
a
1071
        0
1071
   286722
1071
        0
1071
        1
1000
BEAM_DE_CL_REIND
1071
-1023410175
1000
红
1000
红
1000
CONTINUOUS
1071
        0
1071
        0
1071
        1
1071
        0
1000
详图次梁点钢筋
  0
XRECORD
  5
329
102
{ACAD_REACTORS
330
68
102
}
330
68
100
AcDbXrecord
280
     1
1001
a
1071
        0
1071
   286723
1071
     4096
1071
        1
1000
BEAM_DE_CL_REINL
1071
-1023410175
1000
红
1000
红
1000
CONTINUOUS
1071
        0
1071
        0
1071
        1
1071
        0
1000
详图次梁线钢筋
  0
XRECORD
  5
1CD
102
{ACAD_REACTORS
330
68
102
}
330
68
100
AcDbXrecord
280
     1
1001
a
1071
        0
1071
   286724
1071
     8192
1071
        1
1000
BEAM_DE_CL_TEXT
1071
-1023410169
1000
白
1000
白
1000
CONTINUOUS
1071
        0
1071
        0
1071
        1
1071
        0
1000
详图次梁文字
  0
XRECORD
  5
74
102
{ACAD_REACTORS
330
68
102
}
330
68
100
AcDbXrecord
280
     1
1001
a
1071
        0
1071
   286725
1071
    12288
1071
        1
1000
BEAM_DE_CL_DIM
1071
-1023410173
1000
绿
1000
绿
1000
CONTINUOUS
1071
        0
1071
        0
1071
        1
1071
        0
1000
详图次梁尺寸
  0
XRECORD
  5
2F6
102
{ACAD_REACTORS
330
68
102
}
330
68
100
AcDbXrecord
280
     1
1001
a
1071
        0
1071
   286726
1071
    16384
1071
        1
1000
BEAM_DE_CL_NUM
1071
-1023410169
1000
白
1000
白
1000
CONTINUOUS
1071
        0
1071
        0
1071
        1
1071
        0
1000
详图次梁编号
  0
XRECORD
  5
3D9
102
{ACAD_REACTORS
330
68
102
}
330
68
100
AcDbXrecord
280
     1
1001
a
1071
        0
1071
    32768
1071
    32768
1071
        2
1000
S-DETL-TEXT
1071
-1023410169
1000
白
1000
白
1000
CONTINUOUS
1071
        0
1071
        0
1071
        1
1071
        0
1000
细线符号
  0
XRECORD
  5
199
102
{ACAD_REACTORS
330
68
102
}
330
68
100
AcDbXrecord
280
     1
1001
a
1071
        0
1071
   327680
1071
   327680
1071
        2
1000
S-WALL-LINE1
1071
-1023410164
1000
12
1000
12
1000
CONTINUOUS
1071
        0
1071
        0
1071
        1
1071
        0
1000
平面砼墙
  0
XRECORD
  5
415
102
{ACAD_REACTORS
330
68
102
}
330
68
100
AcDbXrecord
280
     1
1001
a
1071
        0
1071
   327681
1071
   327680
1071
        1
1000
S-WALL-LINE1
1071
-1023410164
1000
12
1000
12
1000
CONTINUOUS
1071
        0
1071
        0
1071
        1
1071
        0
1000
平面砼墙粗线
  0
XRECORD
  5
2B8
102
{ACAD_REACTORS
330
68
102
}
330
68
100
AcDbXrecord
280
     1
1001
a
1071
        0
1071
   327682
1071
   327682
1071
        2
1000
S-WALL-LINE2
1071
-1023410164
1000
12
1000
12
1000
H1墙柱虚线
1071
        0
1071
        0
1071
        1
1071
        0
1000
平面砼墙虚线
  0
XRECORD
  5
15F
102
{ACAD_REACTORS
330
68
102
}
330
68
100
AcDbXrecord
280
     1
1001
a
1071
        0
1071
   327683
1071
   327682
1071
        1
1000
WALL_TCKDSH
1071
-1023410167
1000
9
1000
9
1000
DASHED
1071
        0
1071
        0
1071
        1
1071
        0
1000
平面砼墙虚粗线
  0
XRECORD
  5
3DE
102
{ACAD_REACTORS
330
68
102
}
330
68
100
AcDbXrecord
280
     1
1001
a
1071
        0
1071
   327684
1071
        0
1071
        0
1000
S-DETL-RBAR
1071
-1023410175
1000
红
1000
红
1000
CONTINUOUS
1071
        0
1071
        0
1071
        1
1071
        0
1000
平面砼墙点钢筋
  0
XRECORD
  5
277
102
{ACAD_REACTORS
330
68
102
}
330
68
100
AcDbXrecord
280
     1
1001
a
1071
        0
1071
   327685
1071
     4096
1071
        0
1000
S-DETL-RBAR
1071
-1023410175
1000
红
1000
红
1000
CONTINUOUS
1071
        0
1071
        0
1071
        1
1071
        0
1000
平面砼墙线钢筋
  0
XRECORD
  5
117
102
{ACAD_REACTORS
330
68
102
}
330
68
100
AcDbXrecord
280
     1
1001
a
1071
        0
1071
   327686
1071
     8192
1071
        0
1000
S-DETL-TEXT
1071
-1023410169
1000
白
1000
白
1000
CONTINUOUS
1071
        0
1071
        0
1071
        1
1071
        0
1000
平面砼墙文字
  0
XRECORD
  5
395
102
{ACAD_REACTORS
330
68
102
}
330
68
100
AcDbXrecord
280
     1
1001
a
1071
        0
1071
   327687
1071
    12288
1071
        0
1000
S-DETL-DIM
1071
-1023410025
1000
151
1000
151
1000
CONTINUOUS
1071
        0
1071
        0
1071
        1
1071
        0
1000
平面砼墙尺寸
  0
XRECORD
  5
230
102
{ACAD_REACTORS
330
68
102
}
330
68
100
AcDbXrecord
280
     1
1001
a
1071
        0
1071
   327688
1071
    16384
1071
        0
1000
S-DETL-TEXT
1071
-1023410169
1000
白
1000
白
1000
CONTINUOUS
1071
        0
1071
        0
1071
        1
1071
        0
1000
平面砼墙编号
  0
XRECORD
  5
D2
102
{ACAD_REACTORS
330
68
102
}
330
68
100
AcDbXrecord
280
     1
1001
a
1071
        0
1071
   327689
1071
    20480
1071
        0
1000
S-DETL-HATCH
1071
-1023409923
1000
253
1000
253
1000
CONTINUOUS
1071
        0
1071
        0
1071
        1
1071
        0
1000
平面砼墙填充
  0
XRECORD
  5
356
102
{ACAD_REACTORS
330
68
102
}
330
68
100
AcDbXrecord
280
     1
1001
a
1071
        0
1071
   327690
1071
    36864
1071
        1
1000
WALL_LOAD
1071
-1023410175
1000
红
1000
红
1000
CONTINUOUS
1071
        0
1071
        0
1071
        1
1071
        0
1000
平面砼墙荷载
  0
XRECORD
  5
2F7
102
{ACAD_REACTORS
330
68
102
}
330
68
100
AcDbXrecord
280
     1
1001
a
1071
        0
1071
   331776
1071
   331776
1071
        2
1000
S-WALL-WLINE1
1071
-1023409985
1000
191
1000
191
1000
CONTINUOUS
1071
        0
1071
        0
1071
        1
1071
        0
1000
平面砖墙
  0
XRECORD
  5
19A
102
{ACAD_REACTORS
330
68
102
}
330
68
100
AcDbXrecord
280
     1
1001
a
1071
        0
1071
   331777
1071
   331776
1071
        1
1000
S-WALL-WLINE1
1071
-1023409985
1000
191
1000
191
1000
CONTINUOUS
1071
        0
1071
        0
1071
        1
1071
        0
1000
平面砖墙粗线
  0
XRECORD
  5
416
102
{ACAD_REACTORS
330
68
102
}
330
68
100
AcDbXrecord
280
     1
1001
a
1071
        0
1071
   331778
1071
   331778
1071
        2
1000
S-WALL-WLINE2
1071
-1023409985
1000
191
1000
191
1000
H3普通虚线
1071
        0
1071
        0
1071
        1
1071
        0
1000
平面砖墙虚线
  0
XRECORD
  5
2B9
102
{ACAD_REACTORS
330
68
102
}
330
68
100
AcDbXrecord
280
     1
1001
a
1071
        0
1071
   331779
1071
   331778
1071
        1
1000
WALL_BR_TCKDSH
1071
-1023410167
1000
9
1000
9
1000
DASHED
1071
        0
1071
        0
1071
        1
1071
        0
1000
平面砖墙粗虚线
  0
XRECORD
  5
160
102
{ACAD_REACTORS
330
68
102
}
330
68
100
AcDbXrecord
280
     1
1001
a
1071
        0
1071
   331780
1071
     8192
1071
        1
1000
WALL_BR_TEXT
1071
-1023410169
1000
白
1000
白
1000
CONTINUOUS
1071
        0
1071
        0
1071
        1
1071
        0
1000
平面砖墙文字
  0
XRECORD
  5
3DF
102
{ACAD_REACTORS
330
68
102
}
330
68
100
AcDbXrecord
280
     1
1001
a
1071
        0
1071
   331781
1071
    12288
1071
        1
1000
WALL_BR_DIM
1071
-1023410173
1000
绿
1000
绿
1000
CONTINUOUS
1071
        0
1071
        0
1071
        1
1071
        0
1000
平面砖墙尺寸
  0
XRECORD
  5
278
102
{ACAD_REACTORS
330
68
102
}
330
68
100
AcDbXrecord
280
     1
1001
a
1071
        0
1071
   331782
1071
    16384
1071
        1
1000
WALL_BR_NUM
1071
-1023410169
1000
白
1000
白
1000
CONTINUOUS
1071
        0
1071
        0
1071
        1
1071
        0
1000
平面砖墙编号
  0
XRECORD
  5
118
102
{ACAD_REACTORS
330
68
102
}
330
68
100
AcDbXrecord
280
     1
1001
a
1071
        0
1071
   331783
1071
    20480
1071
        1
1000
WALL_BR_HATCH
1071
-1023409922
1000
254
1000
254
1000
CONTINUOUS
1071
        0
1071
        0
1071
        1
1071
        0
1000
平面砖墙填充
  0
XRECORD
  5
396
102
{ACAD_REACTORS
330
68
102
}
330
68
100
AcDbXrecord
280
     1
1001
a
1071
        0
1071
   331784
1071
    36864
1071
        1
1000
WALL_BR_LOAD
1071
-1023410175
1000
红
1000
红
1000
CONTINUOUS
1071
        0
1071
        0
1071
        1
1071
        0
1000
平面砖墙荷载
  0
XRECORD
  5
75
102
{ACAD_REACTORS
330
68
102
}
330
68
100
AcDbXrecord
280
     1
1001
a
1071
        0
1071
   335872
1071
   335872
1071
        2
1000
S-DETL-LINE1
1071
-1023410174
1000
黄
1000
黄
1000
CONTINUOUS
1071
        0
1071
        0
1071
        1
1071
        0
1000
详图墙
  0
XRECORD
  5
2F8
102
{ACAD_REACTORS
330
68
102
}
330
68
100
AcDbXrecord
280
     1
1001
a
1071
        0
1071
   335873
1071
   335872
1071
        2
1000
S-DETL-LINE1
1071
-1023410174
1000
黄
1000
黄
1000
CONTINUOUS
1071
        0
1071
        0
1071
        1
1071
        0
1000
详图墙粗线
  0
XRECORD
  5
19B
102
{ACAD_REACTORS
330
68
102
}
330
68
100
AcDbXrecord
280
     1
1001
a
1071
        0
1071
   335874
1071
   335874
1071
        2
1000
WALL_DE_DASH
1071
-1023410169
1000
白
1000
白
1000
DASHED
1071
        0
1071
        0
1071
        1
1071
        0
1000
详图墙虚线
  0
XRECORD
  5
417
102
{ACAD_REACTORS
330
68
102
}
330
68
100
AcDbXrecord
280
     1
1001
a
1071
        0
1071
   335875
1071
   335874
1071
        2
1000
WALL_DE_TCKDSH
1071
-1023410169
1000
白
1000
白
1000
DASHED
1071
        0
1071
        0
1071
        1
1071
        0
1000
详图墙粗虚线
  0
XRECORD
  5
2BA
102
{ACAD_REACTORS
330
68
102
}
330
68
100
AcDbXrecord
280
     1
1001
a
1071
        0
1071
   335876
1071
        0
1071
        2
1000
WALL_DE_REIN
1071
-1023410175
1000
红
1000
红
1000
CONTINUOUS
1071
        0
1071
        0
1071
        1
1071
        0
1000
详图墙点钢筋
  0
XRECORD
  5
161
102
{ACAD_REACTORS
330
68
102
}
330
68
100
AcDbXrecord
280
     1
1001
a
1071
        0
1071
   335877
1071
     4096
1071
        0
1000
S-DETL-RBAR
1071
-1023410175
1000
红
1000
红
1000
CONTINUOUS
1071
        0
1071
        0
1071
        1
1071
        0
1000
详图墙线钢筋
  0
XRECORD
  5
3E0
102
{ACAD_REACTORS
330
68
102
}
330
68
100
AcDbXrecord
280
     1
1001
a
1071
        0
1071
   335878
1071
     8192
1071
        0
1000
S-DETL-TEXT
1071
-1023410169
1000
白
1000
白
1000
CONTINUOUS
1071
        0
1071
        0
1071
        1
1071
        0
1000
详图墙文字
  0
XRECORD
  5
279
102
{ACAD_REACTORS
330
68
102
}
330
68
100
AcDbXrecord
280
     1
1001
a
1071
        0
1071
   335879
1071
    12288
1071
        0
1000
S-DETL-DIM
1071
-1023410025
1000
151
1000
151
1000
CONTINUOUS
1071
        0
1071
        0
1071
        1
1071
        0
1000
详图墙尺寸
  0
XRECORD
  5
119
102
{ACAD_REACTORS
330
68
102
}
330
68
100
AcDbXrecord
280
     1
1001
a
1071
        0
1071
   335880
1071
    20480
1071
        0
1000
S-DETL-HATCH
1071
-1023409923
1000
253
1000
253
1000
CONTINUOUS
1071
        0
1071
        0
1071
        1
1071
        0
1000
详图墙填充
  0
XRECORD
  5
157
102
{ACAD_REACTORS
330
68
102
}
330
68
100
AcDbXrecord
280
     1
1001
a
1071
        0
1071
352321536
1071
352321536
1071
        2
1000
ASSE_WCOL
1071
-1023410169
1000
白
1000
白
1000
CONTINUOUS
1071
       15
1071
        0
1071
        1
1071
        0
1000
后浇墙柱
  0
XRECORD
  5
3D4
102
{ACAD_REACTORS
330
68
102
}
330
68
100
AcDbXrecord
280
     1
1001
a
1071
        0
1071
352321537
1071
     8192
1071
        1
1000
ASSE_WCOL_TEXT
1071
-1023410169
1000
白
1000
白
1000
CONTINUOUS
1071
       -3
1071
        0
1071
        1
1071
        0
1000
后浇墙柱文字
  0
XRECORD
  5
26D
102
{ACAD_REACTORS
330
68
102
}
330
68
100
AcDbXrecord
280
     1
1001
a
1071
        0
1071
352321538
1071
    12288
1071
        1
1000
ASSE_WCOL_DIM
1071
-1023410173
1000
绿
1000
绿
1000
CONTINUOUS
1071
       -3
1071
        0
1071
        1
1071
        0
1000
后浇墙柱尺寸
  0
XRECORD
  5
10D
102
{ACAD_REACTORS
330
68
102
}
330
68
100
AcDbXrecord
280
     1
1001
a
1071
        0
1071
352321539
1071
    16384
1071
        1
1000
ASSE_WCOL_NUM
1071
-1023410169
1000
白
1000
白
1000
CONTINUOUS
1071
       -3
1071
        0
1071
        1
1071
        0
1000
后浇墙柱编号
  0
XRECORD
  5
38A
102
{ACAD_REACTORS
330
68
102
}
330
68
100
AcDbXrecord
280
     1
1001
a
1071
        0
1071
352321540
1071
    20480
1071
        1
1000
ASSE_WCOL_HATCH
1071
-1023409922
1000
254
1000
254
1000
CONTINUOUS
1071
       -3
1071
        0
1071
        1
1071
        0
1000
后浇墙柱填充
  0
XRECORD
  5
224
102
{ACAD_REACTORS
330
68
102
}
330
68
100
AcDbXrecord
280
     1
1001
a
1071
        0
1071
352321541
1071
    20480
1071
        1
1000
ASSE_INSU_HATCH
1071
-1023409922
1000
254
1000
254
1000
CONTINUOUS
1071
       -3
1071
        0
1071
        1
1071
        0
1000
保温层填充
  0
XRECORD
  5
2B1
102
{ACAD_REACTORS
330
68
102
}
330
68
100
AcDbXrecord
280
     1
1001
a
1071
        0
1071
352325632
1071
352325632
1071
        2
1000
ASSE_WCDE
1071
-1023410169
1000
白
1000
白
1000
CONTINUOUS
1071
       -3
1071
        0
1071
        1
1071
        0
1000
后浇墙柱详图
  0
XRECORD
  5
158
102
{ACAD_REACTORS
330
68
102
}
330
68
100
AcDbXrecord
280
     1
1001
a
1071
        0
1071
352325633
1071
        0
1071
        1
1000
ASSE_WCDE_REIND
1071
-1023410175
1000
红
1000
红
1000
CONTINUOUS
1071
       -3
1071
        0
1071
        1
1071
        0
1000
后浇墙柱详图点钢筋
  0
XRECORD
  5
3D5
102
{ACAD_REACTORS
330
68
102
}
330
68
100
AcDbXrecord
280
     1
1001
a
1071
        0
1071
352325634
1071
     4096
1071
        1
1000
ASSE_WCDE_REINL
1071
-1023410175
1000
红
1000
红
1000
CONTINUOUS
1071
       -3
1071
        0
1071
        1
1071
        0
1000
后浇墙柱详图线钢筋
  0
XRECORD
  5
26E
102
{ACAD_REACTORS
330
68
102
}
330
68
100
AcDbXrecord
280
     1
1001
a
1071
        0
1071
352325635
1071
     4096
1071
        1
1000
ASSE_WCDE_PREF_REINL
1071
-1023410170
1000
洋红
1000
洋红
1000
CONTINUOUS
1071
       -3
1071
        0
1071
        1
1071
        0
1000
后浇墙柱详图预制墙板钢筋
  0
XRECORD
  5
10E
102
{ACAD_REACTORS
330
68
102
}
330
68
100
AcDbXrecord
280
     1
1001
a
1071
        0
1071
352325636
1071
     8192
1071
        1
1000
ASSE_WCDE_TEXT
1071
-1023410169
1000
白
1000
白
1000
CONTINUOUS
1071
       -3
1071
        0
1071
        1
1071
        0
1000
后浇墙柱详图文字
  0
XRECORD
  5
38B
102
{ACAD_REACTORS
330
68
102
}
330
68
100
AcDbXrecord
280
     1
1001
a
1071
        0
1071
352325637
1071
    12288
1071
        1
1000
ASSE_WCDE_DIM
1071
-1023410173
1000
绿
1000
绿
1000
CONTINUOUS
1071
       -3
1071
        0
1071
        1
1071
        0
1000
后浇墙柱详图尺寸
  0
XRECORD
  5
225
102
{ACAD_REACTORS
330
68
102
}
330
68
100
AcDbXrecord
280
     1
1001
a
1071
        0
1071
352325638
1071
    16384
1071
        1
1000
ASSE_WCDE_NUM
1071
-1023410169
1000
白
1000
白
1000
CONTINUOUS
1071
       -3
1071
        0
1071
        1
1071
        0
1000
后浇墙柱详图编号
  0
XRECORD
  5
C8
102
{ACAD_REACTORS
330
68
102
}
330
68
100
AcDbXrecord
280
     1
1001
a
1071
        0
1071
352325639
1071
    20480
1071
        1
1000
ASSE_WCDE_HATCH
1071
-1023409922
1000
254
1000
254
1000
CONTINUOUS
1071
       -3
1071
        0
1071
        1
1071
        0
1000
后浇墙柱详图填充
  0
XRECORD
  5
40D
102
{ACAD_REACTORS
330
68
102
}
330
68
100
AcDbXrecord
280
     1
1001
a
1071
        0
1071
352329728
1071
352329728
1071
        2
1000
ASSE_FLOOR
1071
-1023410169
1000
白
1000
白
1000
CONTINUOUS
1071
       -3
1071
        0
1071
        1
1071
        0
1000
叠合板
  0
XRECORD
  5
2B2
102
{ACAD_REACTORS
330
68
102
}
330
68
100
AcDbXrecord
280
     1
1001
a
1071
        0
1071
352329729
1071
        0
1071
        1
1000
ASSE_FLOOR_REIND
1071
-1023410175
1000
红
1000
红
1000
CONTINUOUS
1071
       -3
1071
        0
1071
        1
1071
        0
1000
叠合板点钢筋
  0
XRECORD
  5
159
102
{ACAD_REACTORS
330
68
102
}
330
68
100
AcDbXrecord
280
     1
1001
a
1071
        0
1071
352329730
1071
     4096
1071
        1
1000
ASSE_FLOOR_REINL
1071
-1023410175
1000
红
1000
红
1000
CONTINUOUS
1071
       -3
1071
        0
1071
        1
1071
        0
1000
叠合板线钢筋
  0
XRECORD
  5
3D6
102
{ACAD_REACTORS
330
68
102
}
330
68
100
AcDbXrecord
280
     1
1001
a
1071
        0
1071
352329731
1071
     8192
1071
        1
1000
ASSE_FLOOR_TEXT
1071
-1023410169
1000
白
1000
白
1000
CONTINUOUS
1071
       -3
1071
        0
1071
        1
1071
        0
1000
叠合板文字
  0
XRECORD
  5
26F
102
{ACAD_REACTORS
330
68
102
}
330
68
100
AcDbXrecord
280
     1
1001
a
1071
        0
1071
352329732
1071
    12288
1071
        1
1000
ASSE_FLOOR_DIM
1071
-1023410173
1000
绿
1000
绿
1000
CONTINUOUS
1071
       -3
1071
        0
1071
        1
1071
        0
1000
叠合板尺寸
  0
XRECORD
  5
10F
102
{ACAD_REACTORS
330
68
102
}
330
68
100
AcDbXrecord
280
     1
1001
a
1071
        0
1071
352329733
1071
    16384
1071
        1
1000
ASSE_FLOOR_NUM
1071
-1023410169
1000
白
1000
白
1000
CONTINUOUS
1071
       -3
1071
        0
1071
        1
1071
        0
1000
叠合板编号
  0
XRECORD
  5
38C
102
{ACAD_REACTORS
330
68
102
}
330
68
100
AcDbXrecord
280
     1
1001
a
1071
        0
1071
352329734
1071
352329734
1071
        2
1000
ASSE_FLOOR_SECT
1071
-1023410169
1000
白
1000
白
1000
CONTINUOUS
1071
       -3
1071
        0
1071
        1
1071
        0
1000
叠合板剖面
  0
XRECORD
  5
226
102
{ACAD_REACTORS
330
68
102
}
330
68
100
AcDbXrecord
280
     1
1001
a
1071
        0
1071
352329735
1071
    20480
1071
        1
1000
ASSE_FLOOR_HATCH
1071
-1023409922
1000
254
1000
254
1000
CONTINUOUS
1071
       -3
1071
        0
1071
        1
1071
        0
1000
叠合板剖面填充
  0
XRECORD
  5
18C
102
{ACAD_REACTORS
330
68
102
}
330
68
100
AcDbXrecord
280
     1
1001
a
1071
        0
1071
352333824
1071
352333824
1071
        2
1000
ASSE_WTEM
1071
-1023410174
1000
黄
1000
黄
1000
CONTINUOUS
1071
       -3
1071
        0
1071
        1
1071
        0
1000
预制墙模板
  0
XRECORD
  5
40E
102
{ACAD_REACTORS
330
68
102
}
330
68
100
AcDbXrecord
280
     1
1001
a
1071
        0
1071
352333825
1071
        0
1071
        1
1000
ASSE_WTEM_REIND
1071
-1023410170
1000
洋红
1000
洋红
1000
CONTINUOUS
1071
       -3
1071
        0
1071
        1
1071
        0
1000
预制墙模板点钢筋
  0
XRECORD
  5
2B3
102
{ACAD_REACTORS
330
68
102
}
330
68
100
AcDbXrecord
280
     1
1001
a
1071
        0
1071
352333826
1071
     4096
1071
        1
1000
ASSE_WTEM_REINL
1071
-1023410170
1000
洋红
1000
洋红
1000
CONTINUOUS
1071
       -3
1071
        0
1071
        1
1071
        0
1000
预制墙模板线钢筋
  0
XRECORD
  5
15A
102
{ACAD_REACTORS
330
68
102
}
330
68
100
AcDbXrecord
280
     1
1001
a
1071
        0
1071
352333827
1071
     8192
1071
        1
1000
ASSE_WTEM_TEXT
1071
-1023410169
1000
白
1000
白
1000
CONTINUOUS
1071
       -3
1071
        0
1071
        1
1071
        0
1000
预制墙模板文字
  0
XRECORD
  5
3D7
102
{ACAD_REACTORS
330
68
102
}
330
68
100
AcDbXrecord
280
     1
1001
a
1071
        0
1071
352333828
1071
    12288
1071
        1
1000
ASSE_WTEM_DIM
1071
-1023410173
1000
绿
1000
绿
1000
CONTINUOUS
1071
       -3
1071
        0
1071
        1
1071
        0
1000
预制墙模板尺寸
  0
XRECORD
  5
270
102
{ACAD_REACTORS
330
68
102
}
330
68
100
AcDbXrecord
280
     1
1001
a
1071
        0
1071
352333829
1071
    16384
1071
        1
1000
ASSE_WTEM_NUM
1071
-1023410169
1000
白
1000
白
1000
CONTINUOUS
1071
       -3
1071
        0
1071
        1
1071
        0
1000
预制墙模板编号
  0
XRECORD
  5
110
102
{ACAD_REACTORS
330
68
102
}
330
68
100
AcDbXrecord
280
     1
1001
a
1071
        0
1071
352333830
1071
   720896
1071
        1
1000
ASSE_WTEM_TAB
1071
-1023410169
1000
白
1000
白
1000
CONTINUOUS
1071
       -3
1071
        0
1071
        1
1071
        0
1000
预制墙模板表格
  0
XRECORD
  5
2E7
102
{ACAD_REACTORS
330
68
102
}
330
68
100
AcDbXrecord
280
     1
1001
a
1071
        0
1071
352337920
1071
352337920
1071
        2
1000
ASSE_STAIR
1071
-1023410169
1000
白
1000
白
1000
CONTINUOUS
1071
       -3
1071
        0
1071
        1
1071
        0
1000
预制楼梯
  0
XRECORD
  5
18D
102
{ACAD_REACTORS
330
68
102
}
330
68
100
AcDbXrecord
280
     1
1001
a
1071
        0
1071
352337921
1071
        0
1071
        1
1000
ASSE_STAIR_REIND
1071
-1023410175
1000
红
1000
红
1000
CONTINUOUS
1071
       -3
1071
        0
1071
        1
1071
        0
1000
预制楼梯点钢筋
  0
XRECORD
  5
40F
102
{ACAD_REACTORS
330
68
102
}
330
68
100
AcDbXrecord
280
     1
1001
a
1071
        0
1071
352337922
1071
     4096
1071
        1
1000
ASSE_STAIR_REINL
1071
-1023410175
1000
红
1000
红
1000
CONTINUOUS
1071
       -3
1071
        0
1071
        1
1071
        0
1000
预制楼梯线钢筋
  0
XRECORD
  5
2B4
102
{ACAD_REACTORS
330
68
102
}
330
68
100
AcDbXrecord
280
     1
1001
a
1071
        0
1071
352337923
1071
     8192
1071
        1
1000
ASSE_STAIR_TEXT
1071
-1023410169
1000
白
1000
白
1000
CONTINUOUS
1071
       -3
1071
        0
1071
        1
1071
        0
1000
预制楼梯文字
  0
XRECORD
  5
15B
102
{ACAD_REACTORS
330
68
102
}
330
68
100
AcDbXrecord
280
     1
1001
a
1071
        0
1071
352337924
1071
    12288
1071
        1
1000
ASSE_STAIR_DIM
1071
-1023410173
1000
绿
1000
绿
1000
CONTINUOUS
1071
       -3
1071
        0
1071
        1
1071
        0
1000
预制楼梯尺寸
  0
XRECORD
  5
3D8
102
{ACAD_REACTORS
330
68
102
}
330
68
100
AcDbXrecord
280
     1
1001
a
1071
        0
1071
352337925
1071
    16384
1071
        1
1000
ASSE_STAIR_NUM
1071
-1023410169
1000
白
1000
白
1000
CONTINUOUS
1071
       -3
1071
        0
1071
        1
1071
        0
1000
预制楼梯编号
  0
XRECORD
  5
443
102
{ACAD_REACTORS
330
68
102
}
330
68
100
AcDbXrecord
280
     1
1001
a
1071
        0
1071
352342016
1071
352342016
1071
        2
1000
ASSE_DIRE_SYMB
1071
-1023410169
1000
白
1000
白
1000
CONTINUOUS
1071
       -3
1071
        0
1071
        1
1071
        0
1000
装配方向符号
  0
XRECORD
  5
2E8
102
{ACAD_REACTORS
330
68
102
}
330
68
100
AcDbXrecord
280
     1
1001
a
1071
        0
1071
352342017
1071
    20480
1071
        1
1000
ASSE_DIRE_SYMB_HATCH
1071
-1023409922
1000
254
1000
254
1000
CONTINUOUS
1071
       -3
1071
        0
1071
        1
1071
        0
1000
装配方向符填充
  0
XRECORD
  5
15C
102
{ACAD_REACTORS
330
68
102
}
330
68
100
AcDbXrecord
280
     1
1001
a
1071
        0
1071
    36864
1071
    36864
1071
        2
1000
LOAD
1071
-1023410175
1000
红
1000
红
1000
CONTINUOUS
1071
        0
1071
        0
1071
        1
1071
        0
1000
荷载
  0
XRECORD
  5
3DA
102
{ACAD_REACTORS
330
68
102
}
330
68
100
AcDbXrecord
280
     1
1001
a
1071
        0
1071
    36865
1071
     8192
1071
        1
1000
LOAD_TEXT
1071
-1023410169
1000
白
1000
白
1000
CONTINUOUS
1071
       -3
1071
        0
1071
        1
1071
        0
1000
荷载文字
  0
XRECORD
  5
272
102
{ACAD_REACTORS
330
68
102
}
330
68
100
AcDbXrecord
280
     1
1001
a
1071
        0
1071
    36866
1071
    12288
1071
        1
1000
LOAD_DIM
1071
-1023410173
1000
绿
1000
绿
1000
CONTINUOUS
1071
       -3
1071
        0
1071
        1
1071
        0
1000
荷载标注
  0
XRECORD
  5
18E
102
{ACAD_REACTORS
330
68
102
}
330
68
100
AcDbXrecord
280
     1
1001
a
1071
        0
1071
369139712
1071
369139712
1071
        2
1000
屏院梁柱
1071
-1023410169
1000
白
1000
白
1000
CONTINUOUS
1071
       -3
1071
        0
1071
        1
1071
        0
1000
屏院梁柱
  0
XRECORD
  5
2E9
102
{ACAD_REACTORS
330
68
102
}
330
68
100
AcDbXrecord
280
     1
1001
a
1071
        0
1071
369143808
1071
369143808
1071
        2
1000
门
1071
-1023410169
1000
白
1000
白
1000
CONTINUOUS
1071
       -3
1071
        0
1071
        1
1071
        0
1000
防爆门
  0
XRECORD
  5
231
102
{ACAD_REACTORS
330
68
102
}
330
68
100
AcDbXrecord
280
     1
1001
a
1071
        0
1071
   393216
1071
   393216
1071
        2
1000
S-DETL-LINE1
1071
-1023410174
1000
黄
1000
黄
1000
CONTINUOUS
1071
        0
1071
        0
1071
        1
1071
        0
1000
平面楼梯
  0
XRECORD
  5
D3
102
{ACAD_REACTORS
330
68
102
}
330
68
100
AcDbXrecord
280
     1
1001
a
1071
        0
1071
   393217
1071
   393217
1071
        2
1000
STAIR_PM_DASH
1071
-1023410169
1000
白
1000
白
1000
DASHED
1071
        0
1071
        0
1071
        1
1071
        0
1000
平面楼梯虚线
  0
XRECORD
  5
357
102
{ACAD_REACTORS
330
68
102
}
330
68
100
AcDbXrecord
280
     1
1001
a
1071
        0
1071
   393218
1071
     8192
1071
        0
1000
S-DETL-TEXT
1071
-1023410169
1000
白
1000
白
1000
CONTINUOUS
1071
        0
1071
        0
1071
        1
1071
        0
1000
平面楼梯文字
  0
XRECORD
  5
1FB
102
{ACAD_REACTORS
330
68
102
}
330
68
100
AcDbXrecord
280
     1
1001
a
1071
        0
1071
   393219
1071
    12288
1071
        1
1000
STAIR_PM_DIM
1071
-1023410169
1000
白
1000
白
1000
CONTINUOUS
1071
        0
1071
        0
1071
        1
1071
        0
1000
平面楼梯尺寸
  0
XRECORD
  5
A7
102
{ACAD_REACTORS
330
68
102
}
330
68
100
AcDbXrecord
280
     1
1001
a
1071
        0
1071
   393220
1071
    16384
1071
        1
1000
STAIR_PM_NUM
1071
-1023410169
1000
白
1000
白
1000
CONTINUOUS
1071
        0
1071
        0
1071
        1
1071
        0
1000
平面楼梯编号
  0
XRECORD
  5
32A
102
{ACAD_REACTORS
330
68
102
}
330
68
100
AcDbXrecord
280
     1
1001
a
1071
        0
1071
   393221
1071
    36864
1071
        1
1000
STAIR_PM_LOAD
1071
-1023410175
1000
红
1000
红
1000
CONTINUOUS
1071
        0
1071
        0
1071
        1
1071
        0
1000
平面楼梯荷载
  0
XRECORD
  5
397
102
{ACAD_REACTORS
330
68
102
}
330
68
100
AcDbXrecord
280
     1
1001
a
1071
        0
1071
   397312
1071
   397312
1071
        2
1000
S-DETL-LINE1
1071
-1023410174
1000
黄
1000
黄
1000
CONTINUOUS
1071
        0
1071
        0
1071
        1
1071
        0
1000
详图楼梯
  0
XRECORD
  5
232
102
{ACAD_REACTORS
330
68
102
}
330
68
100
AcDbXrecord
280
     1
1001
a
1071
        0
1071
   397313
1071
   397312
1071
        1
1000
S-DETL-LINE1
1071
-1023410174
1000
黄
1000
黄
1000
CONTINUOUS
1071
        0
1071
        0
1071
        1
1071
        0
1000
详图楼梯粗线
  0
XRECORD
  5
D4
102
{ACAD_REACTORS
330
68
102
}
330
68
100
AcDbXrecord
280
     1
1001
a
1071
        0
1071
   397314
1071
   397314
1071
        2
1000
S-DETL-LINE2
1071
-1023410174
1000
黄
1000
黄
1000
H3普通虚线
1071
        0
1071
        0
1071
        1
1071
        0
1000
详图楼梯虚线
  0
XRECORD
  5
358
102
{ACAD_REACTORS
330
68
102
}
330
68
100
AcDbXrecord
280
     1
1001
a
1071
        0
1071
   397315
1071
   397314
1071
        1
1000
STAIR_DE_TCKDSH
1071
-1023410167
1000
9
1000
9
1000
DASHED
1071
        0
1071
        0
1071
        1
1071
        0
1000
详图楼梯粗虚线
  0
XRECORD
  5
1FC
102
{ACAD_REACTORS
330
68
102
}
330
68
100
AcDbXrecord
280
     1
1001
a
1071
        0
1071
   397316
1071
        0
1071
        0
1000
S-DETL-RBAR
1071
-1023410175
1000
红
1000
红
1000
CONTINUOUS
1071
        0
1071
        0
1071
        1
1071
        0
1000
详图楼梯点钢筋
  0
XRECORD
  5
A8
102
{ACAD_REACTORS
330
68
102
}
330
68
100
AcDbXrecord
280
     1
1001
a
1071
        0
1071
   397317
1071
     4096
1071
        0
1000
S-DETL-RBAR
1071
-1023410175
1000
红
1000
红
1000
CONTINUOUS
1071
        0
1071
        0
1071
        1
1071
        0
1000
详图楼梯线钢筋
  0
XRECORD
  5
32B
102
{ACAD_REACTORS
330
68
102
}
330
68
100
AcDbXrecord
280
     1
1001
a
1071
        0
1071
   397318
1071
     8192
1071
        0
1000
S-DETL-TEXT
1071
-1023410169
1000
白
1000
白
1000
CONTINUOUS
1071
        0
1071
        0
1071
        1
1071
        0
1000
详图楼梯文字
  0
XRECORD
  5
1CE
102
{ACAD_REACTORS
330
68
102
}
330
68
100
AcDbXrecord
280
     1
1001
a
1071
        0
1071
   397319
1071
    12288
1071
        0
1000
S-DETL-DIM
1071
-1023410025
1000
151
1000
151
1000
CONTINUOUS
1071
        0
1071
        0
1071
        1
1071
        0
1000
详图楼梯尺寸
  0
XRECORD
  5
76
102
{ACAD_REACTORS
330
68
102
}
330
68
100
AcDbXrecord
280
     1
1001
a
1071
        0
1071
   397320
1071
    16384
1071
        0
1000
S-DETL-TEXT
1071
-1023410169
1000
白
1000
白
1000
CONTINUOUS
1071
        0
1071
        0
1071
        1
1071
        0
1000
详图楼梯编号
  0
XRECORD
  5
2F9
102
{ACAD_REACTORS
330
68
102
}
330
68
100
AcDbXrecord
280
     1
1001
a
1071
        0
1071
   397321
1071
    20480
1071
        0
1000
S-DETL-HATCH
1071
-1023409923
1000
253
1000
253
1000
CONTINUOUS
1071
        0
1071
        0
1071
        1
1071
        0
1000
详图楼梯填充
  0
XRECORD
  5
1F0
102
{ACAD_REACTORS
330
68
102
}
330
68
100
AcDbXrecord
280
     1
1001
a
1071
        0
1071
     4096
1071
     4096
1071
        2
1000
S-DETL-RBAR
1071
-1023410175
1000
红
1000
红
1000
CONTINUOUS
1071
        0
1071
        0
1071
        1
1071
        0
1000
线钢筋
  0
XRECORD
  5
D5
102
{ACAD_REACTORS
330
68
102
}
330
68
100
AcDbXrecord
280
     1
1001
a
1071
        0
1071
   458752
1071
   458752
1071
        2
1000
S-BEAM-LINE1
1071
-1023410169
1000
白
1000
白
1000
CONTINUOUS
1071
        0
1071
        0
1071
        1
1071
        0
1000
平面楼板实线
  0
XRECORD
  5
359
102
{ACAD_REACTORS
330
68
102
}
330
68
100
AcDbXrecord
280
     1
1001
a
1071
        0
1071
   458753
1071
   458753
1071
        2
1000
FLOOR_DASH
1071
-1023410169
1000
白
1000
白
1000
DASHED
1071
        0
1071
        0
1071
        1
1071
        0
1000
平面楼板虚线
  0
XRECORD
  5
1FD
102
{ACAD_REACTORS
330
68
102
}
330
68
100
AcDbXrecord
280
     1
1001
a
1071
        0
1071
   458754
1071
   458754
1071
        2
1000
FLOOR_ELEV
1071
-1023410169
1000
白
1000
白
1000
CONTINUOUS
1071
        0
1071
        0
1071
        1
1071
        0
1000
平面楼板标高
  0
XRECORD
  5
A9
102
{ACAD_REACTORS
330
68
102
}
330
68
100
AcDbXrecord
280
     1
1001
a
1071
        0
1071
   458755
1071
   458755
1071
        2
1000
FLOOR_NUM
1071
-1023410169
1000
白
1000
白
1000
CONTINUOUS
1071
        0
1071
        0
1071
        1
1071
        0
1000
平面楼板编号
  0
XRECORD
  5
32C
102
{ACAD_REACTORS
330
68
102
}
330
68
100
AcDbXrecord
280
     1
1001
a
1071
        0
1071
   458756
1071
   458756
1071
        2
1000
FLOOR_DIM
1071
-1023410173
1000
绿
1000
绿
1000
CONTINUOUS
1071
        0
1071
        0
1071
        1
1071
        0
1000
平面楼板尺寸
  0
XRECORD
  5
1CF
102
{ACAD_REACTORS
330
68
102
}
330
68
100
AcDbXrecord
280
     1
1001
a
1071
        0
1071
   458757
1071
    36864
1071
        1
1000
FLOOR_LOAD
1071
-1023410175
1000
红
1000
红
1000
CONTINUOUS
1071
        0
1071
        0
1071
        1
1071
        0
1000
平面楼板荷载
  0
XRECORD
  5
77
102
{ACAD_REACTORS
330
68
102
}
330
68
100
AcDbXrecord
280
     1
1001
a
1071
        0
1071
   458758
1071
     4096
1071
        1
1000
S-SLAB-RBAR
1071
-1023410175
1000
红
1000
红
1000
CONTINUOUS
1071
        0
1071
        0
1071
        1
1071
        0
1000
平面楼板正筋钢筋
  0
XRECORD
  5
2FA
102
{ACAD_REACTORS
330
68
102
}
330
68
100
AcDbXrecord
280
     1
1001
a
1071
        0
1071
   458759
1071
     8192
1071
        1
1000
S-SLAB-RTEXT
1071
-1023410169
1000
白
1000
白
1000
CONTINUOUS
1071
        0
1071
        0
1071
        1
1071
        0
1000
平面楼板正筋文字
  0
XRECORD
  5
19C
102
{ACAD_REACTORS
330
68
102
}
330
68
100
AcDbXrecord
280
     1
1001
a
1071
        0
1071
   458760
1071
    16384
1071
        0
1000
S-DETL-TEXT
1071
-1023410169
1000
白
1000
白
1000
CONTINUOUS
1071
        0
1071
        0
1071
        1
1071
        0
1000
平面楼板正筋编号
  0
XRECORD
  5
418
102
{ACAD_REACTORS
330
68
102
}
330
68
100
AcDbXrecord
280
     1
1001
a
1071
        0
1071
   458761
1071
     4096
1071
        1
1000
S-SLAB-RBAR
1071
-1023410175
1000
红
1000
红
1000
CONTINUOUS
1071
        0
1071
        0
1071
        1
1071
        0
1000
平面楼板负筋钢筋
  0
XRECORD
  5
2BB
102
{ACAD_REACTORS
330
68
102
}
330
68
100
AcDbXrecord
280
     1
1001
a
1071
        0
1071
   458762
1071
     8192
1071
        1
1000
S-SLAB-RTEXT
1071
-1023410169
1000
白
1000
白
1000
CONTINUOUS
1071
        0
1071
        0
1071
        1
1071
        0
1000
平面楼板负筋文字
  0
XRECORD
  5
162
102
{ACAD_REACTORS
330
68
102
}
330
68
100
AcDbXrecord
280
     1
1001
a
1071
        0
1071
   458763
1071
    12288
1071
        0
1000
S-DETL-DIM
1071
-1023410025
1000
151
1000
151
1000
CONTINUOUS
1071
        0
1071
        0
1071
        1
1071
        0
1000
平面楼板负筋尺寸
  0
XRECORD
  5
3E1
102
{ACAD_REACTORS
330
68
102
}
330
68
100
AcDbXrecord
280
     1
1001
a
1071
        0
1071
   458764
1071
    16384
1071
        0
1000
S-DETL-TEXT
1071
-1023410169
1000
白
1000
白
1000
CONTINUOUS
1071
        0
1071
        0
1071
        1
1071
        0
1000
平面楼板负筋编号
  0
XRECORD
  5
27A
102
{ACAD_REACTORS
330
68
102
}
330
68
100
AcDbXrecord
280
     1
1001
a
1071
        0
1071
   458765
1071
    20480
1071
        1
1000
FLOOR_HATCH
1071
-1023409922
1000
254
1000
254
1000
CONTINUOUS
1071
        0
1071
        0
1071
        1
1071
        0
1000
平面楼板填充
  0
XRECORD
  5
233
102
{ACAD_REACTORS
330
68
102
}
330
68
100
AcDbXrecord
280
     1
1001
a
1071
        0
1071
   462848
1071
   462848
1071
        2
1000
S-DETL-LINE1
1071
-1023410174
1000
黄
1000
黄
1000
CONTINUOUS
1071
        0
1071
        0
1071
        1
1071
        0
1000
详图楼板
  0
XRECORD
  5
D6
102
{ACAD_REACTORS
330
68
102
}
330
68
100
AcDbXrecord
280
     1
1001
a
1071
        0
1071
   462849
1071
        0
1071
        0
1000
S-DETL-RBAR
1071
-1023410175
1000
红
1000
红
1000
CONTINUOUS
1071
        0
1071
        0
1071
        1
1071
        0
1000
详图楼板点钢筋
  0
XRECORD
  5
35A
102
{ACAD_REACTORS
330
68
102
}
330
68
100
AcDbXrecord
280
     1
1001
a
1071
        0
1071
   462850
1071
     4096
1071
        0
1000
S-DETL-RBAR
1071
-1023410175
1000
红
1000
红
1000
CONTINUOUS
1071
        0
1071
        0
1071
        1
1071
        0
1000
详图楼板线钢筋
  0
XRECORD
  5
1FE
102
{ACAD_REACTORS
330
68
102
}
330
68
100
AcDbXrecord
280
     1
1001
a
1071
        0
1071
   462851
1071
     8192
1071
        1
1000
S-DETL-TEXT
1071
-1023410169
1000
白
1000
白
1000
CONTINUOUS
1071
        0
1071
        0
1071
        1
1071
        0
1000
详图楼板文字
  0
XRECORD
  5
AA
102
{ACAD_REACTORS
330
68
102
}
330
68
100
AcDbXrecord
280
     1
1001
a
1071
        0
1071
   462852
1071
    12288
1071
        0
1000
S-DETL-DIM
1071
-1023410025
1000
151
1000
151
1000
CONTINUOUS
1071
        0
1071
        0
1071
        1
1071
        0
1000
详图楼板尺寸
  0
XRECORD
  5
32D
102
{ACAD_REACTORS
330
68
102
}
330
68
100
AcDbXrecord
280
     1
1001
a
1071
        0
1071
   462853
1071
    16384
1071
        0
1000
S-DETL-TEXT
1071
-1023410169
1000
白
1000
白
1000
CONTINUOUS
1071
        0
1071
        0
1071
        1
1071
        0
1000
详图楼板编号
  0
XRECORD
  5
1D0
102
{ACAD_REACTORS
330
68
102
}
330
68
100
AcDbXrecord
280
     1
1001
a
1071
        0
1071
   462854
1071
   462848
1071
        1
1000
S-BEAM-LINE1
1071
-1023410169
1000
白
1000
白
1000
CONTINUOUS
1071
        0
1071
        0
1071
        1
1071
        0
1000
详图楼板剖面
  0
XRECORD
  5
78
102
{ACAD_REACTORS
330
68
102
}
330
68
100
AcDbXrecord
280
     1
1001
a
1071
        0
1071
   462855
1071
    20480
1071
        1
1000
FLOOR_DE_HATCH
1071
-1023410169
1000
白
1000
白
1000
CONTINUOUS
1071
        0
1071
        0
1071
        1
1071
        0
1000
详图楼板剖面填充
  0
XRECORD
  5
79
102
{ACAD_REACTORS
330
68
102
}
330
68
100
AcDbXrecord
280
     1
1001
a
1071
        0
1071
 50331648
1071
 50331648
1071
        2
1000
DOOR_PM
1071
-1023410173
1000
绿
1000
绿
1000
CONTINUOUS
1071
       -3
1071
        0
1071
        1
1071
        0
1000
平面门
  0
XRECORD
  5
2FB
102
{ACAD_REACTORS
330
68
102
}
330
68
100
AcDbXrecord
280
     1
1001
a
1071
        0
1071
 50331649
1071
 50331649
1071
        2
1000
DOOR_PM_DASH
1071
-1023410173
1000
绿
1000
绿
1000
DASHED
1071
       -3
1071
        0
1071
        1
1071
        0
1000
平面门虚线
  0
XRECORD
  5
19D
102
{ACAD_REACTORS
330
68
102
}
330
68
100
AcDbXrecord
280
     1
1001
a
1071
        0
1071
 50331650
1071
     8192
1071
        1
1000
DOOR_PM_TEXT
1071
-1023410169
1000
白
1000
白
1000
CONTINUOUS
1071
       -3
1071
        0
1071
        1
1071
        0
1000
平面门文字
  0
XRECORD
  5
419
102
{ACAD_REACTORS
330
68
102
}
330
68
100
AcDbXrecord
280
     1
1001
a
1071
        0
1071
 50331651
1071
    12288
1071
        1
1000
DOOR_PM_DIM
1071
-1023410173
1000
绿
1000
绿
1000
CONTINUOUS
1071
       -3
1071
        0
1071
        1
1071
        0
1000
平面门尺寸
  0
XRECORD
  5
2BC
102
{ACAD_REACTORS
330
68
102
}
330
68
100
AcDbXrecord
280
     1
1001
a
1071
        0
1071
 50331652
1071
    16384
1071
        1
1000
DOOR_PM_NUM
1071
-1023410169
1000
白
1000
白
1000
CONTINUOUS
1071
       -3
1071
        0
1071
        1
1071
        0
1000
平面门编号
  0
XRECORD
  5
1D1
102
{ACAD_REACTORS
330
68
102
}
330
68
100
AcDbXrecord
280
     1
1001
a
1071
        0
1071
 50335744
1071
 50335744
1071
        2
1000
DOOR_LM
1071
-1023410173
1000
绿
1000
绿
1000
CONTINUOUS
1071
       -3
1071
        0
1071
        1
1071
        0
1000
立面门
  0
XRECORD
  5
7A
102
{ACAD_REACTORS
330
68
102
}
330
68
100
AcDbXrecord
280
     1
1001
a
1071
        0
1071
 50335745
1071
 50335745
1071
        2
1000
DOOR_LM_DASH
1071
-1023410173
1000
绿
1000
绿
1000
DASHED
1071
       -3
1071
        0
1071
        1
1071
        0
1000
立面门虚线
  0
XRECORD
  5
2FC
102
{ACAD_REACTORS
330
68
102
}
330
68
100
AcDbXrecord
280
     1
1001
a
1071
        0
1071
 50335746
1071
     8192
1071
        1
1000
DOOR_LM_TEXT
1071
-1023410169
1000
白
1000
白
1000
CONTINUOUS
1071
       -3
1071
        0
1071
        1
1071
        0
1000
立面门文字
  0
XRECORD
  5
19E
102
{ACAD_REACTORS
330
68
102
}
330
68
100
AcDbXrecord
280
     1
1001
a
1071
        0
1071
 50335747
1071
    12288
1071
        1
1000
DOOR_LM_DIM
1071
-1023410173
1000
绿
1000
绿
1000
CONTINUOUS
1071
       -3
1071
        0
1071
        1
1071
        0
1000
立面门尺寸
  0
XRECORD
  5
41A
102
{ACAD_REACTORS
330
68
102
}
330
68
100
AcDbXrecord
280
     1
1001
a
1071
        0
1071
 50335748
1071
    16384
1071
        1
1000
DOOR_LM_NUM
1071
-1023410169
1000
白
1000
白
1000
CONTINUOUS
1071
       -3
1071
        0
1071
        1
1071
        0
1000
立面门编号
  0
XRECORD
  5
11A
102
{ACAD_REACTORS
330
68
102
}
330
68
100
AcDbXrecord
280
     1
1001
a
1071
        0
1071
 50397184
1071
 50397184
1071
        2
1000
WIND_PM
1071
-1023410173
1000
绿
1000
绿
1000
CONTINUOUS
1071
       -3
1071
        0
1071
        1
1071
        0
1000
平面窗
  0
XRECORD
  5
398
102
{ACAD_REACTORS
330
68
102
}
330
68
100
AcDbXrecord
280
     1
1001
a
1071
        0
1071
 50397185
1071
 50397185
1071
        2
1000
WIND_PM_DASH
1071
-1023410173
1000
绿
1000
绿
1000
DASHED
1071
       -3
1071
        0
1071
        1
1071
        0
1000
平面窗虚线
  0
XRECORD
  5
234
102
{ACAD_REACTORS
330
68
102
}
330
68
100
AcDbXrecord
280
     1
1001
a
1071
        0
1071
 50397186
1071
     8192
1071
        1
1000
WIND_PM_TEXT
1071
-1023410169
1000
白
1000
白
1000
CONTINUOUS
1071
       -3
1071
        0
1071
        1
1071
        0
1000
平面窗文字
  0
XRECORD
  5
D7
102
{ACAD_REACTORS
330
68
102
}
330
68
100
AcDbXrecord
280
     1
1001
a
1071
        0
1071
 50397187
1071
    12288
1071
        1
1000
WIND_PM_DIM
1071
-1023410173
1000
绿
1000
绿
1000
CONTINUOUS
1071
       -3
1071
        0
1071
        1
1071
        0
1000
平面窗尺寸
  0
XRECORD
  5
35B
102
{ACAD_REACTORS
330
68
102
}
330
68
100
AcDbXrecord
280
     1
1001
a
1071
        0
1071
 50397188
1071
    16384
1071
        1
1000
WIND_PM_NUM
1071
-1023410169
1000
白
1000
白
1000
CONTINUOUS
1071
       -3
1071
        0
1071
        1
1071
        0
1000
平面窗编号
  0
XRECORD
  5
27B
102
{ACAD_REACTORS
330
68
102
}
330
68
100
AcDbXrecord
280
     1
1001
a
1071
        0
1071
 50401280
1071
 50401280
1071
        2
1000
WIND_LM
1071
-1023410173
1000
绿
1000
绿
1000
CONTINUOUS
1071
       -3
1071
        0
1071
        1
1071
        0
1000
立面窗
  0
XRECORD
  5
11B
102
{ACAD_REACTORS
330
68
102
}
330
68
100
AcDbXrecord
280
     1
1001
a
1071
        0
1071
 50401281
1071
 50401281
1071
        2
1000
WIND_LM_DASH
1071
-1023410173
1000
绿
1000
绿
1000
DASHED
1071
       -3
1071
        0
1071
        1
1071
        0
1000
立面窗虚线
  0
XRECORD
  5
399
102
{ACAD_REACTORS
330
68
102
}
330
68
100
AcDbXrecord
280
     1
1001
a
1071
        0
1071
 50401282
1071
     8192
1071
        1
1000
WIND_LM_TEXT
1071
-1023410169
1000
白
1000
白
1000
CONTINUOUS
1071
       -3
1071
        0
1071
        1
1071
        0
1000
立面窗文字
  0
XRECORD
  5
235
102
{ACAD_REACTORS
330
68
102
}
330
68
100
AcDbXrecord
280
     1
1001
a
1071
        0
1071
 50401283
1071
    12288
1071
        1
1000
WIND_LM_DIM
1071
-1023410173
1000
绿
1000
绿
1000
CONTINUOUS
1071
       -3
1071
        0
1071
        1
1071
        0
1000
立面窗尺寸
  0
XRECORD
  5
D8
102
{ACAD_REACTORS
330
68
102
}
330
68
100
AcDbXrecord
280
     1
1001
a
1071
        0
1071
 50401284
1071
    16384
1071
        1
1000
WIND_LM_NUM
1071
-1023410169
1000
白
1000
白
1000
CONTINUOUS
1071
       -3
1071
        0
1071
        1
1071
        0
1000
立面窗编号
  0
XRECORD
  5
39A
102
{ACAD_REACTORS
330
68
102
}
330
68
100
AcDbXrecord
280
     1
1001
a
1071
        0
1071
 50462720
1071
 50462720
1071
        2
1000
RASH_PM
1071
-1023410169
1000
白
1000
白
1000
CONTINUOUS
1071
       30
1071
        0
1071
        1
1071
        0
1000
平面雨蓬
  0
XRECORD
  5
236
102
{ACAD_REACTORS
330
68
102
}
330
68
100
AcDbXrecord
280
     1
1001
a
1071
        0
1071
 50462721
1071
 50462721
1071
        2
1000
RASH_PM_DASH
1071
-1023410169
1000
白
1000
白
1000
DASHED
1071
       30
1071
        0
1071
        1
1071
        0
1000
平面雨蓬虚线
  0
XRECORD
  5
D9
102
{ACAD_REACTORS
330
68
102
}
330
68
100
AcDbXrecord
280
     1
1001
a
1071
        0
1071
 50462722
1071
     8192
1071
        1
1000
RASH_PM_TEXT
1071
-1023410169
1000
白
1000
白
1000
CONTINUOUS
1071
       -3
1071
        0
1071
        1
1071
        0
1000
平面雨蓬文字
  0
XRECORD
  5
35C
102
{ACAD_REACTORS
330
68
102
}
330
68
100
AcDbXrecord
280
     1
1001
a
1071
        0
1071
 50462723
1071
    12288
1071
        1
1000
RASH_PM_DIM
1071
-1023410173
1000
绿
1000
绿
1000
CONTINUOUS
1071
       -3
1071
        0
1071
        1
1071
        0
1000
平面雨蓬尺寸
  0
XRECORD
  5
1FF
102
{ACAD_REACTORS
330
68
102
}
330
68
100
AcDbXrecord
280
     1
1001
a
1071
        0
1071
 50462724
1071
    16384
1071
        1
1000
RASH_PM_NUM
1071
-1023410169
1000
白
1000
白
1000
CONTINUOUS
1071
       -3
1071
        0
1071
        1
1071
        0
1000
平面雨蓬编号
  0
XRECORD
  5
11C
102
{ACAD_REACTORS
330
68
102
}
330
68
100
AcDbXrecord
280
     1
1001
a
1071
        0
1071
 50466816
1071
 50466816
1071
        2
1000
RASH_LM
1071
-1023410169
1000
白
1000
白
1000
CONTINUOUS
1071
       30
1071
        0
1071
        1
1071
        0
1000
立面雨蓬
  0
XRECORD
  5
39B
102
{ACAD_REACTORS
330
68
102
}
330
68
100
AcDbXrecord
280
     1
1001
a
1071
        0
1071
 50466817
1071
 50466817
1071
        2
1000
RASH_LM_DASH
1071
-1023410169
1000
白
1000
白
1000
DASHED
1071
       30
1071
        0
1071
        1
1071
        0
1000
立面雨蓬虚线
  0
XRECORD
  5
237
102
{ACAD_REACTORS
330
68
102
}
330
68
100
AcDbXrecord
280
     1
1001
a
1071
        0
1071
 50466818
1071
     8192
1071
        1
1000
RASH_LM_TEXT
1071
-1023410169
1000
白
1000
白
1000
CONTINUOUS
1071
       -3
1071
        0
1071
        1
1071
        0
1000
立面雨蓬文字
  0
XRECORD
  5
DA
102
{ACAD_REACTORS
330
68
102
}
330
68
100
AcDbXrecord
280
     1
1001
a
1071
        0
1071
 50466819
1071
    12288
1071
        1
1000
RASH_LM_DIM
1071
-1023410173
1000
绿
1000
绿
1000
CONTINUOUS
1071
       -3
1071
        0
1071
        1
1071
        0
1000
立面雨蓬尺寸
  0
XRECORD
  5
35D
102
{ACAD_REACTORS
330
68
102
}
330
68
100
AcDbXrecord
280
     1
1001
a
1071
        0
1071
 50466820
1071
    16384
1071
        1
1000
RASH_LM_NUM
1071
-1023410169
1000
白
1000
白
1000
CONTINUOUS
1071
       -3
1071
        0
1071
        1
1071
        0
1000
立面雨蓬编号
  0
XRECORD
  5
7B
102
{ACAD_REACTORS
330
68
102
}
330
68
100
AcDbXrecord
280
     1
1001
a
1071
        0
1071
 50528256
1071
 50528256
1071
        2
1000
COBR
1071
-1023410169
1000
白
1000
白
1000
CONTINUOUS
1071
       30
1071
        0
1071
        1
1071
        0
1000
牛腿
  0
XRECORD
  5
2FD
102
{ACAD_REACTORS
330
68
102
}
330
68
100
AcDbXrecord
280
     1
1001
a
1071
        0
1071
 50528257
1071
 50528257
1071
        2
1000
COBR_DASH
1071
-1023410169
1000
白
1000
白
1000
DASHED
1071
       30
1071
        0
1071
        1
1071
        0
1000
牛腿虚线
  0
XRECORD
  5
19F
102
{ACAD_REACTORS
330
68
102
}
330
68
100
AcDbXrecord
280
     1
1001
a
1071
        0
1071
 50528258
1071
     8192
1071
        1
1000
COBR_TEXT
1071
-1023410169
1000
白
1000
白
1000
CONTINUOUS
1071
       -3
1071
        0
1071
        1
1071
        0
1000
牛腿文字
  0
XRECORD
  5
41B
102
{ACAD_REACTORS
330
68
102
}
330
68
100
AcDbXrecord
280
     1
1001
a
1071
        0
1071
 50528259
1071
    12288
1071
        1
1000
COBR_DIM
1071
-1023410173
1000
绿
1000
绿
1000
CONTINUOUS
1071
       -3
1071
        0
1071
        1
1071
        0
1000
牛腿尺寸
  0
XRECORD
  5
2BD
102
{ACAD_REACTORS
330
68
102
}
330
68
100
AcDbXrecord
280
     1
1001
a
1071
        0
1071
 50528260
1071
    16384
1071
        1
1000
COBR_NUM
1071
-1023410169
1000
白
1000
白
1000
CONTINUOUS
1071
       -3
1071
        0
1071
        1
1071
        0
1000
牛腿编号
  0
XRECORD
  5
2FE
102
{ACAD_REACTORS
330
68
102
}
330
68
100
AcDbXrecord
280
     1
1001
a
1071
        0
1071
 50593792
1071
 50593792
1071
        2
1000
PIER_PM
1071
-1023410169
1000
白
1000
白
1000
CONTINUOUS
1071
       30
1071
        0
1071
        1
1071
        0
1000
平面支墩
  0
XRECORD
  5
1A0
102
{ACAD_REACTORS
330
68
102
}
330
68
100
AcDbXrecord
280
     1
1001
a
1071
        0
1071
 50593793
1071
 50593793
1071
        2
1000
PIER_PM_DASH
1071
-1023410169
1000
白
1000
白
1000
DASHED
1071
       30
1071
        0
1071
        1
1071
        0
1000
平面支墩虚线
  0
XRECORD
  5
41C
102
{ACAD_REACTORS
330
68
102
}
330
68
100
AcDbXrecord
280
     1
1001
a
1071
        0
1071
 50593794
1071
     8192
1071
        1
1000
PIER_PM_TEXT
1071
-1023410169
1000
白
1000
白
1000
CONTINUOUS
1071
       -3
1071
        0
1071
        1
1071
        0
1000
平面支墩文字
  0
XRECORD
  5
2BE
102
{ACAD_REACTORS
330
68
102
}
330
68
100
AcDbXrecord
280
     1
1001
a
1071
        0
1071
 50593795
1071
    12288
1071
        1
1000
PIER_PM_DIM
1071
-1023410173
1000
绿
1000
绿
1000
CONTINUOUS
1071
       -3
1071
        0
1071
        1
1071
        0
1000
平面支墩尺寸
  0
XRECORD
  5
163
102
{ACAD_REACTORS
330
68
102
}
330
68
100
AcDbXrecord
280
     1
1001
a
1071
        0
1071
 50593796
1071
    16384
1071
        1
1000
PIER_PM_NUM
1071
-1023410169
1000
白
1000
白
1000
CONTINUOUS
1071
       -3
1071
        0
1071
        1
1071
        0
1000
平面支墩编号
  0
XRECORD
  5
7C
102
{ACAD_REACTORS
330
68
102
}
330
68
100
AcDbXrecord
280
     1
1001
a
1071
        0
1071
 50597888
1071
 50597888
1071
        2
1000
PIER_QJ
1071
-1023410169
1000
白
1000
白
1000
CONTINUOUS
1071
       30
1071
        0
1071
        1
1071
        0
1000
平面支墩_汽机
  0
XRECORD
  5
2FF
102
{ACAD_REACTORS
330
68
102
}
330
68
100
AcDbXrecord
280
     1
1001
a
1071
        0
1071
 50597889
1071
 50597889
1071
        2
1000
PIER_QJ_DASH
1071
-1023410169
1000
白
1000
白
1000
DASHED
1071
       30
1071
        0
1071
        1
1071
        0
1000
平面支墩虚线_汽机
  0
XRECORD
  5
1A1
102
{ACAD_REACTORS
330
68
102
}
330
68
100
AcDbXrecord
280
     1
1001
a
1071
        0
1071
 50597890
1071
     8192
1071
        1
1000
PIER_QJ_TEXT
1071
-1023410169
1000
白
1000
白
1000
CONTINUOUS
1071
       -3
1071
        0
1071
        1
1071
        0
1000
平面支墩文字_汽机
  0
XRECORD
  5
41D
102
{ACAD_REACTORS
330
68
102
}
330
68
100
AcDbXrecord
280
     1
1001
a
1071
        0
1071
 50597891
1071
    12288
1071
        1
1000
PIER_QJ_DIM
1071
-1023410173
1000
绿
1000
绿
1000
CONTINUOUS
1071
       -3
1071
        0
1071
        1
1071
        0
1000
平面支墩尺寸_汽机
  0
XRECORD
  5
2BF
102
{ACAD_REACTORS
330
68
102
}
330
68
100
AcDbXrecord
280
     1
1001
a
1071
        0
1071
 50597892
1071
    16384
1071
        1
1000
PIER_QJ_NUM
1071
-1023410169
1000
白
1000
白
1000
CONTINUOUS
1071
       -3
1071
        0
1071
        1
1071
        0
1000
平面支墩编号_汽机
  0
XRECORD
  5
3E2
102
{ACAD_REACTORS
330
68
102
}
330
68
100
AcDbXrecord
280
     1
1001
a
1071
        0
1071
 50601984
1071
 50601984
1071
        2
1000
PIER_JZ
1071
-1023410169
1000
白
1000
白
1000
CONTINUOUS
1071
       30
1071
        0
1071
        1
1071
        0
1000
平面支墩_建筑
  0
XRECORD
  5
27C
102
{ACAD_REACTORS
330
68
102
}
330
68
100
AcDbXrecord
280
     1
1001
a
1071
        0
1071
 50601985
1071
 50601985
1071
        2
1000
PIER_JZ_DASH
1071
-1023410169
1000
白
1000
白
1000
DASHED
1071
       30
1071
        0
1071
        1
1071
        0
1000
平面支墩虚线_建筑
  0
XRECORD
  5
11D
102
{ACAD_REACTORS
330
68
102
}
330
68
100
AcDbXrecord
280
     1
1001
a
1071
        0
1071
 50601986
1071
     8192
1071
        1
1000
PIER_JZ_TEXT
1071
-1023410169
1000
白
1000
白
1000
CONTINUOUS
1071
       -3
1071
        0
1071
        1
1071
        0
1000
平面支墩文字_建筑
  0
XRECORD
  5
39C
102
{ACAD_REACTORS
330
68
102
}
330
68
100
AcDbXrecord
280
     1
1001
a
1071
        0
1071
 50601987
1071
    12288
1071
        1
1000
PIER_JZ_DIM
1071
-1023410173
1000
绿
1000
绿
1000
CONTINUOUS
1071
       -3
1071
        0
1071
        1
1071
        0
1000
平面支墩尺寸_建筑
  0
XRECORD
  5
238
102
{ACAD_REACTORS
330
68
102
}
330
68
100
AcDbXrecord
280
     1
1001
a
1071
        0
1071
 50601988
1071
    16384
1071
        1
1000
PIER_JZ_NUM
1071
-1023410169
1000
白
1000
白
1000
CONTINUOUS
1071
       -3
1071
        0
1071
        1
1071
        0
1000
平面支墩编号_建筑
  0
XRECORD
  5
164
102
{ACAD_REACTORS
330
68
102
}
330
68
100
AcDbXrecord
280
     1
1001
a
1071
        0
1071
 50606080
1071
 50606080
1071
        2
1000
PIER_RK
1071
-1023410169
1000
白
1000
白
1000
CONTINUOUS
1071
       30
1071
        0
1071
        1
1071
        0
1000
平面支墩_热控
  0
XRECORD
  5
3E3
102
{ACAD_REACTORS
330
68
102
}
330
68
100
AcDbXrecord
280
     1
1001
a
1071
        0
1071
 50606081
1071
 50606081
1071
        2
1000
PIER_RK_DASH
1071
-1023410169
1000
白
1000
白
1000
DASHED
1071
       30
1071
        0
1071
        1
1071
        0
1000
平面支墩虚线_热控
  0
XRECORD
  5
27D
102
{ACAD_REACTORS
330
68
102
}
330
68
100
AcDbXrecord
280
     1
1001
a
1071
        0
1071
 50606082
1071
     8192
1071
        1
1000
PIER_RK_TEXT
1071
-1023410169
1000
白
1000
白
1000
CONTINUOUS
1071
       -3
1071
        0
1071
        1
1071
        0
1000
平面支墩文字_热控
  0
XRECORD
  5
11E
102
{ACAD_REACTORS
330
68
102
}
330
68
100
AcDbXrecord
280
     1
1001
a
1071
        0
1071
 50606083
1071
    12288
1071
        1
1000
PIER_RK_DIM
1071
-1023410173
1000
绿
1000
绿
1000
CONTINUOUS
1071
       -3
1071
        0
1071
        1
1071
        0
1000
平面支墩尺寸_热控
  0
XRECORD
  5
39D
102
{ACAD_REACTORS
330
68
102
}
330
68
100
AcDbXrecord
280
     1
1001
a
1071
        0
1071
 50606084
1071
    16384
1071
        1
1000
PIER_RK_NUM
1071
-1023410169
1000
白
1000
白
1000
CONTINUOUS
1071
       -3
1071
        0
1071
        1
1071
        0
1000
平面支墩编号_热控
  0
XRECORD
  5
2C0
102
{ACAD_REACTORS
330
68
102
}
330
68
100
AcDbXrecord
280
     1
1001
a
1071
        0
1071
 50610176
1071
 50610176
1071
        2
1000
PIER_HX
1071
-1023410169
1000
白
1000
白
1000
CONTINUOUS
1071
       30
1071
        0
1071
        1
1071
        0
1000
平面支墩_化学
  0
XRECORD
  5
165
102
{ACAD_REACTORS
330
68
102
}
330
68
100
AcDbXrecord
280
     1
1001
a
1071
        0
1071
 50610177
1071
 50610177
1071
        2
1000
PIER_HX_DASH
1071
-1023410169
1000
白
1000
白
1000
DASHED
1071
       30
1071
        0
1071
        1
1071
        0
1000
平面支墩虚线_化学
  0
XRECORD
  5
3E4
102
{ACAD_REACTORS
330
68
102
}
330
68
100
AcDbXrecord
280
     1
1001
a
1071
        0
1071
 50610178
1071
     8192
1071
        1
1000
PIER_HX_TEXT
1071
-1023410169
1000
白
1000
白
1000
CONTINUOUS
1071
       -3
1071
        0
1071
        1
1071
        0
1000
平面支墩文字_化学
  0
XRECORD
  5
27E
102
{ACAD_REACTORS
330
68
102
}
330
68
100
AcDbXrecord
280
     1
1001
a
1071
        0
1071
 50610179
1071
    12288
1071
        1
1000
PIER_HX_DIM
1071
-1023410173
1000
绿
1000
绿
1000
CONTINUOUS
1071
       -3
1071
        0
1071
        1
1071
        0
1000
平面支墩尺寸_化学
  0
XRECORD
  5
11F
102
{ACAD_REACTORS
330
68
102
}
330
68
100
AcDbXrecord
280
     1
1001
a
1071
        0
1071
 50610180
1071
    16384
1071
        1
1000
PIER_HX_NUM
1071
-1023410169
1000
白
1000
白
1000
CONTINUOUS
1071
       -3
1071
        0
1071
        1
1071
        0
1000
平面支墩编号_化学
  0
XRECORD
  5
41E
102
{ACAD_REACTORS
330
68
102
}
330
68
100
AcDbXrecord
280
     1
1001
a
1071
        0
1071
 50614272
1071
 50614272
1071
        2
1000
PIER_DQ
1071
-1023410169
1000
白
1000
白
1000
CONTINUOUS
1071
       30
1071
        0
1071
        1
1071
        0
1000
平面支墩_电气
  0
XRECORD
  5
2C1
102
{ACAD_REACTORS
330
68
102
}
330
68
100
AcDbXrecord
280
     1
1001
a
1071
        0
1071
 50614273
1071
 50614273
1071
        2
1000
PIER_DQ_DASH
1071
-1023410169
1000
白
1000
白
1000
DASHED
1071
       30
1071
        0
1071
        1
1071
        0
1000
平面支墩虚线_电气
  0
XRECORD
  5
166
102
{ACAD_REACTORS
330
68
102
}
330
68
100
AcDbXrecord
280
     1
1001
a
1071
        0
1071
 50614274
1071
     8192
1071
        1
1000
PIER_DQ_TEXT
1071
-1023410169
1000
白
1000
白
1000
CONTINUOUS
1071
       -3
1071
        0
1071
        1
1071
        0
1000
平面支墩文字_电气
  0
XRECORD
  5
3E5
102
{ACAD_REACTORS
330
68
102
}
330
68
100
AcDbXrecord
280
     1
1001
a
1071
        0
1071
 50614275
1071
    12288
1071
        1
1000
PIER_DQ_DIM
1071
-1023410173
1000
绿
1000
绿
1000
CONTINUOUS
1071
       -3
1071
        0
1071
        1
1071
        0
1000
平面支墩尺寸_电气
  0
XRECORD
  5
27F
102
{ACAD_REACTORS
330
68
102
}
330
68
100
AcDbXrecord
280
     1
1001
a
1071
        0
1071
 50614276
1071
    16384
1071
        1
1000
PIER_DQ_NUM
1071
-1023410169
1000
白
1000
白
1000
CONTINUOUS
1071
       -3
1071
        0
1071
        1
1071
        0
1000
平面支墩编号_电气
  0
XRECORD
  5
1A2
102
{ACAD_REACTORS
330
68
102
}
330
68
100
AcDbXrecord
280
     1
1001
a
1071
        0
1071
 50618368
1071
 50618368
1071
        2
1000
PIER_YM
1071
-1023410169
1000
白
1000
白
1000
CONTINUOUS
1071
       30
1071
        0
1071
        1
1071
        0
1000
平面支墩_运煤
  0
XRECORD
  5
41F
102
{ACAD_REACTORS
330
68
102
}
330
68
100
AcDbXrecord
280
     1
1001
a
1071
        0
1071
 50618369
1071
 50618369
1071
        2
1000
PIER_YM_DASH
1071
-1023410169
1000
白
1000
白
1000
DASHED
1071
       30
1071
        0
1071
        1
1071
        0
1000
平面支墩虚线_运煤
  0
XRECORD
  5
2C2
102
{ACAD_REACTORS
330
68
102
}
330
68
100
AcDbXrecord
280
     1
1001
a
1071
        0
1071
 50618370
1071
     8192
1071
        1
1000
PIER_YM_TEXT
1071
-1023410169
1000
白
1000
白
1000
CONTINUOUS
1071
       -3
1071
        0
1071
        1
1071
        0
1000
平面支墩文字_运煤
  0
XRECORD
  5
167
102
{ACAD_REACTORS
330
68
102
}
330
68
100
AcDbXrecord
280
     1
1001
a
1071
        0
1071
 50618371
1071
    12288
1071
        1
1000
PIER_YM_DIM
1071
-1023410173
1000
绿
1000
绿
1000
CONTINUOUS
1071
       -3
1071
        0
1071
        1
1071
        0
1000
平面支墩尺寸_运煤
  0
XRECORD
  5
3E6
102
{ACAD_REACTORS
330
68
102
}
330
68
100
AcDbXrecord
280
     1
1001
a
1071
        0
1071
 50618372
1071
    16384
1071
        1
1000
PIER_YM_NUM
1071
-1023410169
1000
白
1000
白
1000
CONTINUOUS
1071
       -3
1071
        0
1071
        1
1071
        0
1000
平面支墩编号_运煤
  0
XRECORD
  5
300
102
{ACAD_REACTORS
330
68
102
}
330
68
100
AcDbXrecord
280
     1
1001
a
1071
        0
1071
 50622464
1071
 50622464
1071
        2
1000
PIER_FD
1071
-1023410169
1000
白
1000
白
1000
CONTINUOUS
1071
       30
1071
        0
1071
        1
1071
        0
1000
平面支墩_发电
  0
XRECORD
  5
1A3
102
{ACAD_REACTORS
330
68
102
}
330
68
100
AcDbXrecord
280
     1
1001
a
1071
        0
1071
 50622465
1071
 50622465
1071
        2
1000
PIER_FD_DASH
1071
-1023410169
1000
白
1000
白
1000
DASHED
1071
       30
1071
        0
1071
        1
1071
        0
1000
平面支墩虚线_发电
  0
XRECORD
  5
420
102
{ACAD_REACTORS
330
68
102
}
330
68
100
AcDbXrecord
280
     1
1001
a
1071
        0
1071
 50622466
1071
     8192
1071
        1
1000
PIER_FD_TEXT
1071
-1023410169
1000
白
1000
白
1000
CONTINUOUS
1071
       -3
1071
        0
1071
        1
1071
        0
1000
平面支墩文字_发电
  0
XRECORD
  5
2C3
102
{ACAD_REACTORS
330
68
102
}
330
68
100
AcDbXrecord
280
     1
1001
a
1071
        0
1071
 50622467
1071
    12288
1071
        1
1000
PIER_FD_DIM
1071
-1023410173
1000
绿
1000
绿
1000
CONTINUOUS
1071
       -3
1071
        0
1071
        1
1071
        0
1000
平面支墩尺寸_发电
  0
XRECORD
  5
168
102
{ACAD_REACTORS
330
68
102
}
330
68
100
AcDbXrecord
280
     1
1001
a
1071
        0
1071
 50622468
1071
    16384
1071
        1
1000
PIER_FD_NUM
1071
-1023410169
1000
白
1000
白
1000
CONTINUOUS
1071
       -3
1071
        0
1071
        1
1071
        0
1000
平面支墩编号_发电
  0
XRECORD
  5
7D
102
{ACAD_REACTORS
330
68
102
}
330
68
100
AcDbXrecord
280
     1
1001
a
1071
        0
1071
 50626560
1071
 50626560
1071
        2
1000
PIER_GL
1071
-1023410169
1000
白
1000
白
1000
CONTINUOUS
1071
       30
1071
        0
1071
        1
1071
        0
1000
平面支墩_锅炉
  0
XRECORD
  5
301
102
{ACAD_REACTORS
330
68
102
}
330
68
100
AcDbXrecord
280
     1
1001
a
1071
        0
1071
 50626561
1071
 50626561
1071
        2
1000
PIER_GL_DASH
1071
-1023410169
1000
白
1000
白
1000
DASHED
1071
       30
1071
        0
1071
        1
1071
        0
1000
平面支墩虚线_锅炉
  0
XRECORD
  5
1A4
102
{ACAD_REACTORS
330
68
102
}
330
68
100
AcDbXrecord
280
     1
1001
a
1071
        0
1071
 50626562
1071
     8192
1071
        1
1000
PIER_GL_TEXT
1071
-1023410169
1000
白
1000
白
1000
CONTINUOUS
1071
       -3
1071
        0
1071
        1
1071
        0
1000
平面支墩文字_锅炉
  0
XRECORD
  5
421
102
{ACAD_REACTORS
330
68
102
}
330
68
100
AcDbXrecord
280
     1
1001
a
1071
        0
1071
 50626563
1071
    12288
1071
        1
1000
PIER_GL_DIM
1071
-1023410173
1000
绿
1000
绿
1000
CONTINUOUS
1071
       -3
1071
        0
1071
        1
1071
        0
1000
平面支墩尺寸_锅炉
  0
XRECORD
  5
2C4
102
{ACAD_REACTORS
330
68
102
}
330
68
100
AcDbXrecord
280
     1
1001
a
1071
        0
1071
 50626564
1071
    16384
1071
        1
1000
PIER_GL_NUM
1071
-1023410169
1000
白
1000
白
1000
CONTINUOUS
1071
       -3
1071
        0
1071
        1
1071
        0
1000
平面支墩编号_锅炉
  0
XRECORD
  5
121
102
{ACAD_REACTORS
330
68
102
}
330
68
100
AcDbXrecord
280
     1
1001
a
1071
        0
1071
 50860032
1071
 50860032
1071
        2
1000
FITT_QJ
1071
-1023410165
1000
11
1000
11
1000
CONTINUOUS
1071
       30
1071
        0
1071
        1
1071
        0
1000
预埋件_汽机
  0
XRECORD
  5
39E
102
{ACAD_REACTORS
330
68
102
}
330
68
100
AcDbXrecord
280
     1
1001
a
1071
        0
1071
 50860033
1071
 50860033
1071
        2
1000
FITT_QJ_DASH
1071
-1023410165
1000
11
1000
11
1000
DASHED
1071
       30
1071
        0
1071
        1
1071
        0
1000
预埋件虚线_汽机
  0
XRECORD
  5
239
102
{ACAD_REACTORS
330
68
102
}
330
68
100
AcDbXrecord
280
     1
1001
a
1071
        0
1071
 50860034
1071
     8192
1071
        1
1000
FITT_QJ_TEXT
1071
-1023410169
1000
白
1000
白
1000
CONTINUOUS
1071
       -3
1071
        0
1071
        1
1071
        0
1000
预埋件文字_汽机
  0
XRECORD
  5
DB
102
{ACAD_REACTORS
330
68
102
}
330
68
100
AcDbXrecord
280
     1
1001
a
1071
        0
1071
 50860035
1071
    12288
1071
        1
1000
FITT_QJ_DIM
1071
-1023410173
1000
绿
1000
绿
1000
CONTINUOUS
1071
       -3
1071
        0
1071
        1
1071
        0
1000
预埋件尺寸_汽机
  0
XRECORD
  5
35E
102
{ACAD_REACTORS
330
68
102
}
330
68
100
AcDbXrecord
280
     1
1001
a
1071
        0
1071
 50860036
1071
    16384
1071
        1
1000
FITT_QJ_NUM
1071
-1023410169
1000
白
1000
白
1000
CONTINUOUS
1071
       -3
1071
        0
1071
        1
1071
        0
1000
预埋件编号_汽机
  0
XRECORD
  5
281
102
{ACAD_REACTORS
330
68
102
}
330
68
100
AcDbXrecord
280
     1
1001
a
1071
        0
1071
 50864128
1071
 50864128
1071
        2
1000
FITT_JZ
1071
-1023410165
1000
11
1000
11
1000
CONTINUOUS
1071
       30
1071
        0
1071
        1
1071
        0
1000
预埋件_建筑
  0
XRECORD
  5
122
102
{ACAD_REACTORS
330
68
102
}
330
68
100
AcDbXrecord
280
     1
1001
a
1071
        0
1071
 50864129
1071
 50864129
1071
        2
1000
FITT_JZ_DASH
1071
-1023410165
1000
11
1000
11
1000
DASHED
1071
       30
1071
        0
1071
        1
1071
        0
1000
预埋件虚线_建筑
  0
XRECORD
  5
39F
102
{ACAD_REACTORS
330
68
102
}
330
68
100
AcDbXrecord
280
     1
1001
a
1071
        0
1071
 50864130
1071
     8192
1071
        1
1000
FITT_JZ_TEXT
1071
-1023410169
1000
白
1000
白
1000
CONTINUOUS
1071
       -3
1071
        0
1071
        1
1071
        0
1000
预埋件文字_建筑
  0
XRECORD
  5
23A
102
{ACAD_REACTORS
330
68
102
}
330
68
100
AcDbXrecord
280
     1
1001
a
1071
        0
1071
 50864131
1071
    12288
1071
        1
1000
FITT_JZ_DIM
1071
-1023410173
1000
绿
1000
绿
1000
CONTINUOUS
1071
       -3
1071
        0
1071
        1
1071
        0
1000
预埋件尺寸_建筑
  0
XRECORD
  5
DC
102
{ACAD_REACTORS
330
68
102
}
330
68
100
AcDbXrecord
280
     1
1001
a
1071
        0
1071
 50864132
1071
    16384
1071
        1
1000
FITT_JZ_NUM
1071
-1023410169
1000
白
1000
白
1000
CONTINUOUS
1071
       -3
1071
        0
1071
        1
1071
        0
1000
预埋件编号_建筑
  0
XRECORD
  5
3E8
102
{ACAD_REACTORS
330
68
102
}
330
68
100
AcDbXrecord
280
     1
1001
a
1071
        0
1071
 50868224
1071
 50868224
1071
        2
1000
FITT_RK
1071
-1023410165
1000
11
1000
11
1000
CONTINUOUS
1071
       30
1071
        0
1071
        1
1071
        0
1000
预埋件_热控
  0
XRECORD
  5
282
102
{ACAD_REACTORS
330
68
102
}
330
68
100
AcDbXrecord
280
     1
1001
a
1071
        0
1071
 50868225
1071
 50868225
1071
        2
1000
FITT_RK_DASH
1071
-1023410165
1000
11
1000
11
1000
DASHED
1071
       30
1071
        0
1071
        1
1071
        0
1000
预埋件虚线_热控
  0
XRECORD
  5
123
102
{ACAD_REACTORS
330
68
102
}
330
68
100
AcDbXrecord
280
     1
1001
a
1071
        0
1071
 50868226
1071
     8192
1071
        1
1000
FITT_RK_TEXT
1071
-1023410169
1000
白
1000
白
1000
CONTINUOUS
1071
       -3
1071
        0
1071
        1
1071
        0
1000
预埋件文字_热控
  0
XRECORD
  5
3A0
102
{ACAD_REACTORS
330
68
102
}
330
68
100
AcDbXrecord
280
     1
1001
a
1071
        0
1071
 50868227
1071
    12288
1071
        1
1000
FITT_RK_DIM
1071
-1023410173
1000
绿
1000
绿
1000
CONTINUOUS
1071
       -3
1071
        0
1071
        1
1071
        0
1000
预埋件尺寸_热控
  0
XRECORD
  5
23B
102
{ACAD_REACTORS
330
68
102
}
330
68
100
AcDbXrecord
280
     1
1001
a
1071
        0
1071
 50868228
1071
    16384
1071
        1
1000
FITT_RK_NUM
1071
-1023410169
1000
白
1000
白
1000
CONTINUOUS
1071
       -3
1071
        0
1071
        1
1071
        0
1000
预埋件编号_热控
  0
XRECORD
  5
16A
102
{ACAD_REACTORS
330
68
102
}
330
68
100
AcDbXrecord
280
     1
1001
a
1071
        0
1071
 50872320
1071
 50872320
1071
        2
1000
FITT_HX
1071
-1023410165
1000
11
1000
11
1000
CONTINUOUS
1071
       30
1071
        0
1071
        1
1071
        0
1000
预埋件_化学
  0
XRECORD
  5
3E9
102
{ACAD_REACTORS
330
68
102
}
330
68
100
AcDbXrecord
280
     1
1001
a
1071
        0
1071
 50872321
1071
 50872321
1071
        2
1000
FITT_HX_DASH
1071
-1023410165
1000
11
1000
11
1000
DASHED
1071
       30
1071
        0
1071
        1
1071
        0
1000
预埋件虚线_化学
  0
XRECORD
  5
283
102
{ACAD_REACTORS
330
68
102
}
330
68
100
AcDbXrecord
280
     1
1001
a
1071
        0
1071
 50872322
1071
     8192
1071
        1
1000
FITT_HX_TEXT
1071
-1023410169
1000
白
1000
白
1000
CONTINUOUS
1071
       -3
1071
        0
1071
        1
1071
        0
1000
预埋件文字_化学
  0
XRECORD
  5
124
102
{ACAD_REACTORS
330
68
102
}
330
68
100
AcDbXrecord
280
     1
1001
a
1071
        0
1071
 50872323
1071
    12288
1071
        1
1000
FITT_HX_DIM
1071
-1023410173
1000
绿
1000
绿
1000
CONTINUOUS
1071
       -3
1071
        0
1071
        1
1071
        0
1000
预埋件尺寸_化学
  0
XRECORD
  5
3A1
102
{ACAD_REACTORS
330
68
102
}
330
68
100
AcDbXrecord
280
     1
1001
a
1071
        0
1071
 50872324
1071
    16384
1071
        1
1000
FITT_HX_NUM
1071
-1023410169
1000
白
1000
白
1000
CONTINUOUS
1071
       -3
1071
        0
1071
        1
1071
        0
1000
预埋件编号_化学
  0
XRECORD
  5
2C6
102
{ACAD_REACTORS
330
68
102
}
330
68
100
AcDbXrecord
280
     1
1001
a
1071
        0
1071
 50876416
1071
 50876416
1071
        2
1000
FITT_DQ
1071
-1023410165
1000
11
1000
11
1000
CONTINUOUS
1071
       30
1071
        0
1071
        1
1071
        0
1000
预埋件_电气
  0
XRECORD
  5
16B
102
{ACAD_REACTORS
330
68
102
}
330
68
100
AcDbXrecord
280
     1
1001
a
1071
        0
1071
 50876417
1071
 50876417
1071
        2
1000
FITT_DQ_DASH
1071
-1023410165
1000
11
1000
11
1000
DASHED
1071
       30
1071
        0
1071
        1
1071
        0
1000
预埋件虚线_电气
  0
XRECORD
  5
3EA
102
{ACAD_REACTORS
330
68
102
}
330
68
100
AcDbXrecord
280
     1
1001
a
1071
        0
1071
 50876418
1071
     8192
1071
        1
1000
FITT_DQ_TEXT
1071
-1023410169
1000
白
1000
白
1000
CONTINUOUS
1071
       -3
1071
        0
1071
        1
1071
        0
1000
预埋件文字_电气
  0
XRECORD
  5
284
102
{ACAD_REACTORS
330
68
102
}
330
68
100
AcDbXrecord
280
     1
1001
a
1071
        0
1071
 50876419
1071
    12288
1071
        1
1000
FITT_DQ_DIM
1071
-1023410173
1000
绿
1000
绿
1000
CONTINUOUS
1071
       -3
1071
        0
1071
        1
1071
        0
1000
预埋件尺寸_电气
  0
XRECORD
  5
125
102
{ACAD_REACTORS
330
68
102
}
330
68
100
AcDbXrecord
280
     1
1001
a
1071
        0
1071
 50876420
1071
    16384
1071
        1
1000
FITT_DQ_NUM
1071
-1023410169
1000
白
1000
白
1000
CONTINUOUS
1071
       -3
1071
        0
1071
        1
1071
        0
1000
预埋件编号_电气
  0
XRECORD
  5
423
102
{ACAD_REACTORS
330
68
102
}
330
68
100
AcDbXrecord
280
     1
1001
a
1071
        0
1071
 50880512
1071
 50880512
1071
        2
1000
FITT_YM
1071
-1023410165
1000
11
1000
11
1000
CONTINUOUS
1071
       30
1071
        0
1071
        1
1071
        0
1000
预埋件_运煤
  0
XRECORD
  5
2C7
102
{ACAD_REACTORS
330
68
102
}
330
68
100
AcDbXrecord
280
     1
1001
a
1071
        0
1071
 50880513
1071
 50880513
1071
        2
1000
FITT_YM_DASH
1071
-1023410165
1000
11
1000
11
1000
DASHED
1071
       30
1071
        0
1071
        1
1071
        0
1000
预埋件虚线_运煤
  0
XRECORD
  5
16C
102
{ACAD_REACTORS
330
68
102
}
330
68
100
AcDbXrecord
280
     1
1001
a
1071
        0
1071
 50880514
1071
     8192
1071
        1
1000
FITT_YM_TEXT
1071
-1023410169
1000
白
1000
白
1000
CONTINUOUS
1071
       -3
1071
        0
1071
        1
1071
        0
1000
预埋件文字_运煤
  0
XRECORD
  5
3EB
102
{ACAD_REACTORS
330
68
102
}
330
68
100
AcDbXrecord
280
     1
1001
a
1071
        0
1071
 50880515
1071
    12288
1071
        1
1000
FITT_YM_DIM
1071
-1023410173
1000
绿
1000
绿
1000
CONTINUOUS
1071
       -3
1071
        0
1071
        1
1071
        0
1000
预埋件尺寸_运煤
  0
XRECORD
  5
285
102
{ACAD_REACTORS
330
68
102
}
330
68
100
AcDbXrecord
280
     1
1001
a
1071
        0
1071
 50880516
1071
    16384
1071
        1
1000
FITT_YM_NUM
1071
-1023410169
1000
白
1000
白
1000
CONTINUOUS
1071
       -3
1071
        0
1071
        1
1071
        0
1000
预埋件编号_运煤
  0
XRECORD
  5
1A6
102
{ACAD_REACTORS
330
68
102
}
330
68
100
AcDbXrecord
280
     1
1001
a
1071
        0
1071
 50884608
1071
 50884608
1071
        2
1000
FITT_FD
1071
-1023410165
1000
11
1000
11
1000
CONTINUOUS
1071
       30
1071
        0
1071
        1
1071
        0
1000
预埋件_发电
  0
XRECORD
  5
424
102
{ACAD_REACTORS
330
68
102
}
330
68
100
AcDbXrecord
280
     1
1001
a
1071
        0
1071
 50884609
1071
 50884609
1071
        2
1000
FITT_FD_DASH
1071
-1023410165
1000
11
1000
11
1000
DASHED
1071
       30
1071
        0
1071
        1
1071
        0
1000
预埋件虚线_发电
  0
XRECORD
  5
2C8
102
{ACAD_REACTORS
330
68
102
}
330
68
100
AcDbXrecord
280
     1
1001
a
1071
        0
1071
 50884610
1071
     8192
1071
        1
1000
FITT_FD_TEXT
1071
-1023410169
1000
白
1000
白
1000
CONTINUOUS
1071
       -3
1071
        0
1071
        1
1071
        0
1000
预埋件文字_发电
  0
XRECORD
  5
16D
102
{ACAD_REACTORS
330
68
102
}
330
68
100
AcDbXrecord
280
     1
1001
a
1071
        0
1071
 50884611
1071
    12288
1071
        1
1000
FITT_FD_DIM
1071
-1023410173
1000
绿
1000
绿
1000
CONTINUOUS
1071
       -3
1071
        0
1071
        1
1071
        0
1000
预埋件尺寸_发电
  0
XRECORD
  5
3EC
102
{ACAD_REACTORS
330
68
102
}
330
68
100
AcDbXrecord
280
     1
1001
a
1071
        0
1071
 50884612
1071
    16384
1071
        1
1000
FITT_FD_NUM
1071
-1023410169
1000
白
1000
白
1000
CONTINUOUS
1071
       -3
1071
        0
1071
        1
1071
        0
1000
预埋件编号_发电
  0
XRECORD
  5
302
102
{ACAD_REACTORS
330
68
102
}
330
68
100
AcDbXrecord
280
     1
1001
a
1071
        0
1071
 50888704
1071
 50888704
1071
        2
1000
FITT_GL
1071
-1023410165
1000
11
1000
11
1000
CONTINUOUS
1071
       30
1071
        0
1071
        1
1071
        0
1000
预埋件_锅炉
  0
XRECORD
  5
1A7
102
{ACAD_REACTORS
330
68
102
}
330
68
100
AcDbXrecord
280
     1
1001
a
1071
        0
1071
 50888705
1071
 50888705
1071
        2
1000
FITT_GL_DASH
1071
-1023410165
1000
11
1000
11
1000
DASHED
1071
       30
1071
        0
1071
        1
1071
        0
1000
预埋件虚线_锅炉
  0
XRECORD
  5
425
102
{ACAD_REACTORS
330
68
102
}
330
68
100
AcDbXrecord
280
     1
1001
a
1071
        0
1071
 50888706
1071
     8192
1071
        1
1000
FITT_GL_TEXT
1071
-1023410169
1000
白
1000
白
1000
CONTINUOUS
1071
       -3
1071
        0
1071
        1
1071
        0
1000
预埋件文字_锅炉
  0
XRECORD
  5
2C9
102
{ACAD_REACTORS
330
68
102
}
330
68
100
AcDbXrecord
280
     1
1001
a
1071
        0
1071
 50888707
1071
    12288
1071
        1
1000
FITT_GL_DIM
1071
-1023410173
1000
绿
1000
绿
1000
CONTINUOUS
1071
       -3
1071
        0
1071
        1
1071
        0
1000
预埋件尺寸_锅炉
  0
XRECORD
  5
16E
102
{ACAD_REACTORS
330
68
102
}
330
68
100
AcDbXrecord
280
     1
1001
a
1071
        0
1071
 50888708
1071
    16384
1071
        1
1000
FITT_GL_NUM
1071
-1023410169
1000
白
1000
白
1000
CONTINUOUS
1071
       -3
1071
        0
1071
        1
1071
        0
1000
预埋件编号_锅炉
  0
XRECORD
  5
3A2
102
{ACAD_REACTORS
330
68
102
}
330
68
100
AcDbXrecord
280
     1
1001
a
1071
        0
1071
 50925568
1071
 50925568
1071
        2
1000
HOLE_QJ
1071
-1023410171
1000
蓝
1000
蓝
1000
CONTINUOUS
1071
       -3
1071
        0
1071
        1
1071
        0
1000
洞口_汽机
  0
XRECORD
  5
23C
102
{ACAD_REACTORS
330
68
102
}
330
68
100
AcDbXrecord
280
     1
1001
a
1071
        0
1071
 50925569
1071
 50925569
1071
        2
1000
HOLE_QJ_DASH
1071
-1023410167
1000
9
1000
9
1000
DASHED
1071
       -3
1071
        0
1071
        1
1071
        0
1000
洞口虚线_汽机
  0
XRECORD
  5
DD
102
{ACAD_REACTORS
330
68
102
}
330
68
100
AcDbXrecord
280
     1
1001
a
1071
        0
1071
 50925570
1071
     8192
1071
        1
1000
HOLE_QJ_TEXT
1071
-1023410169
1000
白
1000
白
1000
CONTINUOUS
1071
       -3
1071
        0
1071
        1
1071
        0
1000
洞口文字_汽机
  0
XRECORD
  5
35F
102
{ACAD_REACTORS
330
68
102
}
330
68
100
AcDbXrecord
280
     1
1001
a
1071
        0
1071
 50925571
1071
    12288
1071
        1
1000
HOLE_QJ_DIM
1071
-1023410173
1000
绿
1000
绿
1000
CONTINUOUS
1071
       -3
1071
        0
1071
        1
1071
        0
1000
洞口尺寸_汽机
  0
XRECORD
  5
200
102
{ACAD_REACTORS
330
68
102
}
330
68
100
AcDbXrecord
280
     1
1001
a
1071
        0
1071
 50925572
1071
    16384
1071
        1
1000
HOLE_QJ_NUM
1071
-1023410169
1000
白
1000
白
1000
CONTINUOUS
1071
       -3
1071
        0
1071
        1
1071
        0
1000
洞口编号_汽机
  0
XRECORD
  5
127
102
{ACAD_REACTORS
330
68
102
}
330
68
100
AcDbXrecord
280
     1
1001
a
1071
        0
1071
 50929664
1071
 50929664
1071
        2
1000
HOLE_JZ
1071
-1023410171
1000
蓝
1000
蓝
1000
CONTINUOUS
1071
       -3
1071
        0
1071
        1
1071
        0
1000
洞口_建筑
  0
XRECORD
  5
3A3
102
{ACAD_REACTORS
330
68
102
}
330
68
100
AcDbXrecord
280
     1
1001
a
1071
        0
1071
 50929665
1071
 50929665
1071
        2
1000
HOLE_JZ_DASH
1071
-1023410167
1000
9
1000
9
1000
DASHED
1071
       -3
1071
        0
1071
        1
1071
        0
1000
洞口虚线_建筑
  0
XRECORD
  5
23D
102
{ACAD_REACTORS
330
68
102
}
330
68
100
AcDbXrecord
280
     1
1001
a
1071
        0
1071
 50929666
1071
     8192
1071
        1
1000
HOLE_JZ_TEXT
1071
-1023410169
1000
白
1000
白
1000
CONTINUOUS
1071
       -3
1071
        0
1071
        1
1071
        0
1000
洞口文字_建筑
  0
XRECORD
  5
DE
102
{ACAD_REACTORS
330
68
102
}
330
68
100
AcDbXrecord
280
     1
1001
a
1071
        0
1071
 50929667
1071
    12288
1071
        1
1000
HOLE_JZ_DIM
1071
-1023410173
1000
绿
1000
绿
1000
CONTINUOUS
1071
       -3
1071
        0
1071
        1
1071
        0
1000
洞口尺寸_建筑
  0
XRECORD
  5
360
102
{ACAD_REACTORS
330
68
102
}
330
68
100
AcDbXrecord
280
     1
1001
a
1071
        0
1071
 50929668
1071
    16384
1071
        1
1000
HOLE_JZ_NUM
1071
-1023410169
1000
白
1000
白
1000
CONTINUOUS
1071
       -3
1071
        0
1071
        1
1071
        0
1000
洞口编号_建筑
  0
XRECORD
  5
287
102
{ACAD_REACTORS
330
68
102
}
330
68
100
AcDbXrecord
280
     1
1001
a
1071
        0
1071
 50933760
1071
 50933760
1071
        2
1000
HOLE_RK
1071
-1023410171
1000
蓝
1000
蓝
1000
CONTINUOUS
1071
       -3
1071
        0
1071
        1
1071
        0
1000
洞口_热控
  0
XRECORD
  5
128
102
{ACAD_REACTORS
330
68
102
}
330
68
100
AcDbXrecord
280
     1
1001
a
1071
        0
1071
 50933761
1071
 50933761
1071
        2
1000
HOLE_RK_DASH
1071
-1023410167
1000
9
1000
9
1000
DASHED
1071
       -3
1071
        0
1071
        1
1071
        0
1000
洞口虚线_热控
  0
XRECORD
  5
3A4
102
{ACAD_REACTORS
330
68
102
}
330
68
100
AcDbXrecord
280
     1
1001
a
1071
        0
1071
 50933762
1071
     8192
1071
        1
1000
HOLE_RK_TEXT
1071
-1023410169
1000
白
1000
白
1000
CONTINUOUS
1071
       -3
1071
        0
1071
        1
1071
        0
1000
洞口文字_热控
  0
XRECORD
  5
23E
102
{ACAD_REACTORS
330
68
102
}
330
68
100
AcDbXrecord
280
     1
1001
a
1071
        0
1071
 50933763
1071
    12288
1071
        1
1000
HOLE_RK_DIM
1071
-1023410173
1000
绿
1000
绿
1000
CONTINUOUS
1071
       -3
1071
        0
1071
        1
1071
        0
1000
洞口尺寸_热控
  0
XRECORD
  5
DF
102
{ACAD_REACTORS
330
68
102
}
330
68
100
AcDbXrecord
280
     1
1001
a
1071
        0
1071
 50933764
1071
    16384
1071
        1
1000
HOLE_RK_NUM
1071
-1023410169
1000
白
1000
白
1000
CONTINUOUS
1071
       -3
1071
        0
1071
        1
1071
        0
1000
洞口编号_热控
  0
XRECORD
  5
3EE
102
{ACAD_REACTORS
330
68
102
}
330
68
100
AcDbXrecord
280
     1
1001
a
1071
        0
1071
 50937856
1071
 50937856
1071
        2
1000
HOLE_HX
1071
-1023410171
1000
蓝
1000
蓝
1000
CONTINUOUS
1071
       -3
1071
        0
1071
        1
1071
        0
1000
洞口_化学
  0
XRECORD
  5
288
102
{ACAD_REACTORS
330
68
102
}
330
68
100
AcDbXrecord
280
     1
1001
a
1071
        0
1071
 50937857
1071
 50937857
1071
        2
1000
HOLE_HX_DASH
1071
-1023410167
1000
9
1000
9
1000
DASHED
1071
       -3
1071
        0
1071
        1
1071
        0
1000
洞口虚线_化学
  0
XRECORD
  5
129
102
{ACAD_REACTORS
330
68
102
}
330
68
100
AcDbXrecord
280
     1
1001
a
1071
        0
1071
 50937858
1071
     8192
1071
        1
1000
HOLE_HX_TEXT
1071
-1023410169
1000
白
1000
白
1000
CONTINUOUS
1071
       -3
1071
        0
1071
        1
1071
        0
1000
洞口文字_化学
  0
XRECORD
  5
3A5
102
{ACAD_REACTORS
330
68
102
}
330
68
100
AcDbXrecord
280
     1
1001
a
1071
        0
1071
 50937859
1071
    12288
1071
        1
1000
HOLE_HX_DIM
1071
-1023410173
1000
绿
1000
绿
1000
CONTINUOUS
1071
       -3
1071
        0
1071
        1
1071
        0
1000
洞口尺寸_化学
  0
XRECORD
  5
23F
102
{ACAD_REACTORS
330
68
102
}
330
68
100
AcDbXrecord
280
     1
1001
a
1071
        0
1071
 50937860
1071
    16384
1071
        1
1000
HOLE_HX_NUM
1071
-1023410169
1000
白
1000
白
1000
CONTINUOUS
1071
       -3
1071
        0
1071
        1
1071
        0
1000
洞口编号_化学
  0
XRECORD
  5
170
102
{ACAD_REACTORS
330
68
102
}
330
68
100
AcDbXrecord
280
     1
1001
a
1071
        0
1071
 50941952
1071
 50941952
1071
        2
1000
HOLE_DQ
1071
-1023410171
1000
蓝
1000
蓝
1000
CONTINUOUS
1071
       -3
1071
        0
1071
        1
1071
        0
1000
洞口_电气
  0
XRECORD
  5
3EF
102
{ACAD_REACTORS
330
68
102
}
330
68
100
AcDbXrecord
280
     1
1001
a
1071
        0
1071
 50941953
1071
 50941953
1071
        2
1000
HOLE_DQ_DASH
1071
-1023410167
1000
9
1000
9
1000
DASHED
1071
       -3
1071
        0
1071
        1
1071
        0
1000
洞口虚线_电气
  0
XRECORD
  5
289
102
{ACAD_REACTORS
330
68
102
}
330
68
100
AcDbXrecord
280
     1
1001
a
1071
        0
1071
 50941954
1071
     8192
1071
        1
1000
HOLE_DQ_TEXT
1071
-1023410169
1000
白
1000
白
1000
CONTINUOUS
1071
       -3
1071
        0
1071
        1
1071
        0
1000
洞口文字_电气
  0
XRECORD
  5
12A
102
{ACAD_REACTORS
330
68
102
}
330
68
100
AcDbXrecord
280
     1
1001
a
1071
        0
1071
 50941955
1071
    12288
1071
        1
1000
HOLE_DQ_DIM
1071
-1023410173
1000
绿
1000
绿
1000
CONTINUOUS
1071
       -3
1071
        0
1071
        1
1071
        0
1000
洞口尺寸_电气
  0
XRECORD
  5
3A6
102
{ACAD_REACTORS
330
68
102
}
330
68
100
AcDbXrecord
280
     1
1001
a
1071
        0
1071
 50941956
1071
    16384
1071
        1
1000
HOLE_DQ_NUM
1071
-1023410169
1000
白
1000
白
1000
CONTINUOUS
1071
       -3
1071
        0
1071
        1
1071
        0
1000
洞口编号_电气
  0
XRECORD
  5
2CB
102
{ACAD_REACTORS
330
68
102
}
330
68
100
AcDbXrecord
280
     1
1001
a
1071
        0
1071
 50946048
1071
 50946048
1071
        2
1000
HOLE_YM
1071
-1023410171
1000
蓝
1000
蓝
1000
CONTINUOUS
1071
       -3
1071
        0
1071
        1
1071
        0
1000
洞口_运煤
  0
XRECORD
  5
171
102
{ACAD_REACTORS
330
68
102
}
330
68
100
AcDbXrecord
280
     1
1001
a
1071
        0
1071
 50946049
1071
 50946049
1071
        2
1000
HOLE_YM_DASH
1071
-1023410167
1000
9
1000
9
1000
DASHED
1071
       -3
1071
        0
1071
        1
1071
        0
1000
洞口虚线_运煤
  0
XRECORD
  5
3F0
102
{ACAD_REACTORS
330
68
102
}
330
68
100
AcDbXrecord
280
     1
1001
a
1071
        0
1071
 50946050
1071
     8192
1071
        1
1000
HOLE_YM_TEXT
1071
-1023410169
1000
白
1000
白
1000
CONTINUOUS
1071
       -3
1071
        0
1071
        1
1071
        0
1000
洞口文字_运煤
  0
XRECORD
  5
28A
102
{ACAD_REACTORS
330
68
102
}
330
68
100
AcDbXrecord
280
     1
1001
a
1071
        0
1071
 50946051
1071
    12288
1071
        1
1000
HOLE_YM_DIM
1071
-1023410173
1000
绿
1000
绿
1000
CONTINUOUS
1071
       -3
1071
        0
1071
        1
1071
        0
1000
洞口尺寸_运煤
  0
XRECORD
  5
12B
102
{ACAD_REACTORS
330
68
102
}
330
68
100
AcDbXrecord
280
     1
1001
a
1071
        0
1071
 50946052
1071
    16384
1071
        1
1000
HOLE_YM_NUM
1071
-1023410169
1000
白
1000
白
1000
CONTINUOUS
1071
       -3
1071
        0
1071
        1
1071
        0
1000
洞口编号_运煤
  0
XRECORD
  5
427
102
{ACAD_REACTORS
330
68
102
}
330
68
100
AcDbXrecord
280
     1
1001
a
1071
        0
1071
 50950144
1071
 50950144
1071
        2
1000
HOLE_FD
1071
-1023410171
1000
蓝
1000
蓝
1000
CONTINUOUS
1071
       -3
1071
        0
1071
        1
1071
        0
1000
洞口_发电
  0
XRECORD
  5
2CC
102
{ACAD_REACTORS
330
68
102
}
330
68
100
AcDbXrecord
280
     1
1001
a
1071
        0
1071
 50950145
1071
 50950145
1071
        2
1000
HOLE_FD_DASH
1071
-1023410167
1000
9
1000
9
1000
DASHED
1071
       -3
1071
        0
1071
        1
1071
        0
1000
洞口虚线_发电
  0
XRECORD
  5
172
102
{ACAD_REACTORS
330
68
102
}
330
68
100
AcDbXrecord
280
     1
1001
a
1071
        0
1071
 50950146
1071
     8192
1071
        1
1000
HOLE_FD_TEXT
1071
-1023410169
1000
白
1000
白
1000
CONTINUOUS
1071
       -3
1071
        0
1071
        1
1071
        0
1000
洞口文字_发电
  0
XRECORD
  5
3F1
102
{ACAD_REACTORS
330
68
102
}
330
68
100
AcDbXrecord
280
     1
1001
a
1071
        0
1071
 50950147
1071
    12288
1071
        1
1000
HOLE_FD_DIM
1071
-1023410173
1000
绿
1000
绿
1000
CONTINUOUS
1071
       -3
1071
        0
1071
        1
1071
        0
1000
洞口尺寸_发电
  0
XRECORD
  5
28B
102
{ACAD_REACTORS
330
68
102
}
330
68
100
AcDbXrecord
280
     1
1001
a
1071
        0
1071
 50950148
1071
    16384
1071
        1
1000
HOLE_FD_NUM
1071
-1023410169
1000
白
1000
白
1000
CONTINUOUS
1071
       -3
1071
        0
1071
        1
1071
        0
1000
洞口编号_发电
  0
XRECORD
  5
1A8
102
{ACAD_REACTORS
330
68
102
}
330
68
100
AcDbXrecord
280
     1
1001
a
1071
        0
1071
 50954240
1071
 50954240
1071
        2
1000
HOLE_GL
1071
-1023410171
1000
蓝
1000
蓝
1000
CONTINUOUS
1071
       -3
1071
        0
1071
        1
1071
        0
1000
洞口_锅炉
  0
XRECORD
  5
428
102
{ACAD_REACTORS
330
68
102
}
330
68
100
AcDbXrecord
280
     1
1001
a
1071
        0
1071
 50954241
1071
 50954241
1071
        2
1000
HOLE_GL_DASH
1071
-1023410167
1000
9
1000
9
1000
DASHED
1071
       -3
1071
        0
1071
        1
1071
        0
1000
洞口虚线_锅炉
  0
XRECORD
  5
2CD
102
{ACAD_REACTORS
330
68
102
}
330
68
100
AcDbXrecord
280
     1
1001
a
1071
        0
1071
 50954242
1071
     8192
1071
        1
1000
HOLE_GL_TEXT
1071
-1023410169
1000
白
1000
白
1000
CONTINUOUS
1071
       -3
1071
        0
1071
        1
1071
        0
1000
洞口文字_锅炉
  0
XRECORD
  5
173
102
{ACAD_REACTORS
330
68
102
}
330
68
100
AcDbXrecord
280
     1
1001
a
1071
        0
1071
 50954243
1071
    12288
1071
        1
1000
HOLE_GL_DIM
1071
-1023410173
1000
绿
1000
绿
1000
CONTINUOUS
1071
       -3
1071
        0
1071
        1
1071
        0
1000
洞口尺寸_锅炉
  0
XRECORD
  5
3F2
102
{ACAD_REACTORS
330
68
102
}
330
68
100
AcDbXrecord
280
     1
1001
a
1071
        0
1071
 50954244
1071
    16384
1071
        1
1000
HOLE_GL_NUM
1071
-1023410169
1000
白
1000
白
1000
CONTINUOUS
1071
       -3
1071
        0
1071
        1
1071
        0
1000
洞口编号_锅炉
  0
XRECORD
  5
1A5
102
{ACAD_REACTORS
330
68
102
}
330
68
100
AcDbXrecord
280
     1
1001
a
1071
        0
1071
   524288
1071
   524288
1071
        2
1000
S-STEEL-SYMB
1071
-1023410044
1000
132
1000
132
1000
CONTINUOUS
1071
        0
1071
        0
1071
        1
1071
        0
1000
预埋件
  0
XRECORD
  5
422
102
{ACAD_REACTORS
330
68
102
}
330
68
100
AcDbXrecord
280
     1
1001
a
1071
        0
1071
   524289
1071
   524289
1071
        2
1000
S-STEEL-SYMB
1071
-1023410044
1000
132
1000
132
1000
CONTINUOUS
1071
        0
1071
        0
1071
        1
1071
        0
1000
预埋件虚线
  0
XRECORD
  5
2C5
102
{ACAD_REACTORS
330
68
102
}
330
68
100
AcDbXrecord
280
     1
1001
a
1071
        0
1071
   524290
1071
        0
1071
        0
1000
S-DETL-RBAR
1071
-1023410175
1000
红
1000
红
1000
CONTINUOUS
1071
        0
1071
        0
1071
        1
1071
        0
1000
预埋件点钢筋
  0
XRECORD
  5
169
102
{ACAD_REACTORS
330
68
102
}
330
68
100
AcDbXrecord
280
     1
1001
a
1071
        0
1071
   524291
1071
     4096
1071
        0
1000
S-DETL-RBAR
1071
-1023410175
1000
红
1000
红
1000
CONTINUOUS
1071
        0
1071
        0
1071
        1
1071
        0
1000
预埋件线钢筋
  0
XRECORD
  5
3E7
102
{ACAD_REACTORS
330
68
102
}
330
68
100
AcDbXrecord
280
     1
1001
a
1071
        0
1071
   524292
1071
     8192
1071
        0
1000
S-DETL-TEXT
1071
-1023410169
1000
白
1000
白
1000
CONTINUOUS
1071
        0
1071
        0
1071
        1
1071
        0
1000
预埋件文字
  0
XRECORD
  5
280
102
{ACAD_REACTORS
330
68
102
}
330
68
100
AcDbXrecord
280
     1
1001
a
1071
        0
1071
   524293
1071
    12288
1071
        0
1000
S-DETL-DIM
1071
-1023410025
1000
151
1000
151
1000
CONTINUOUS
1071
        0
1071
        0
1071
        1
1071
        0
1000
预埋件尺寸
  0
XRECORD
  5
120
102
{ACAD_REACTORS
330
68
102
}
330
68
100
AcDbXrecord
280
     1
1001
a
1071
        0
1071
   524294
1071
    16384
1071
        0
1000
S-DETL-TEXT
1071
-1023410169
1000
白
1000
白
1000
CONTINUOUS
1071
        0
1071
        0
1071
        1
1071
        0
1000
预埋件编号
  0
XRECORD
  5
426
102
{ACAD_REACTORS
330
68
102
}
330
68
100
AcDbXrecord
280
     1
1001
a
1071
        0
1071
   589824
1071
   589824
1071
        2
1000
S-SLAB-HOLE
1071
-1023410021
1000
155
1000
155
1000
CONTINUOUS
1071
        0
1071
        0
1071
        1
1071
        0
1000
洞口
  0
XRECORD
  5
2CA
102
{ACAD_REACTORS
330
68
102
}
330
68
100
AcDbXrecord
280
     1
1001
a
1071
        0
1071
   589825
1071
   589825
1071
        2
1000
S-SLAB-HOLE
1071
-1023410021
1000
155
1000
155
1000
CONTINUOUS
1071
        0
1071
        0
1071
        1
1071
        0
1000
洞口虚线
  0
XRECORD
  5
16F
102
{ACAD_REACTORS
330
68
102
}
330
68
100
AcDbXrecord
280
     1
1001
a
1071
        0
1071
   589826
1071
     8192
1071
        0
1000
S-DETL-TEXT
1071
-1023410169
1000
白
1000
白
1000
CONTINUOUS
1071
        0
1071
        0
1071
        1
1071
        0
1000
洞口文字
  0
XRECORD
  5
3ED
102
{ACAD_REACTORS
330
68
102
}
330
68
100
AcDbXrecord
280
     1
1001
a
1071
        0
1071
   589827
1071
    12288
1071
        0
1000
S-DETL-DIM
1071
-1023410025
1000
151
1000
151
1000
CONTINUOUS
1071
        0
1071
        0
1071
        1
1071
        0
1000
洞口尺寸
  0
XRECORD
  5
286
102
{ACAD_REACTORS
330
68
102
}
330
68
100
AcDbXrecord
280
     1
1001
a
1071
        0
1071
   589828
1071
        0
1071
        0
1000
S-DETL-RBAR
1071
-1023410175
1000
红
1000
红
1000
CONTINUOUS
1071
        0
1071
        0
1071
        1
1071
        0
1000
洞口点钢筋
  0
XRECORD
  5
126
102
{ACAD_REACTORS
330
68
102
}
330
68
100
AcDbXrecord
280
     1
1001
a
1071
        0
1071
   589829
1071
     4096
1071
        0
1000
S-DETL-RBAR
1071
-1023410175
1000
红
1000
红
1000
CONTINUOUS
1071
        0
1071
        0
1071
        1
1071
        0
1000
洞口线钢筋
  0
XRECORD
  5
2EA
102
{ACAD_REACTORS
330
68
102
}
330
68
100
AcDbXrecord
280
     1
1001
a
1071
        0
1071
    65536
1071
    65536
1071
        2
1000
C-DOTE
1071
-1023410168
1000
8
1000
8
1000
D3轴线点划线
1071
        0
1071
        0
1071
        1
1071
        0
1000
平面轴线
  0
XRECORD
  5
E0
102
{ACAD_REACTORS
330
68
102
}
330
68
100
AcDbXrecord
280
     1
1001
a
1071
        0
1071
   655360
1071
   655360
1071
        2
1000
PPOU
1071
-1023410169
1000
白
1000
白
1000
CONTINUOUS
1071
        0
1071
        0
1071
        1
1071
        0
1000
后浇带
  0
XRECORD
  5
361
102
{ACAD_REACTORS
330
68
102
}
330
68
100
AcDbXrecord
280
     1
1001
a
1071
        0
1071
   655361
1071
    20480
1071
        1
1000
PPOU_HATCH
1071
-1023409923
1000
253
1000
253
1000
CONTINUOUS
1071
        0
1071
        0
1071
        1
1071
        0
1000
后浇带填充
  0
XRECORD
  5
18F
102
{ACAD_REACTORS
330
68
102
}
330
68
100
AcDbXrecord
280
     1
1001
a
1071
        0
1071
    65537
1071
    12288
1071
        1
1000
C-DIM
1071
-1023410173
1000
绿
1000
绿
1000
CONTINUOUS
1071
        0
1071
        0
1071
        1
1071
        0
1000
平面轴线尺寸
  0
XRECORD
  5
410
102
{ACAD_REACTORS
330
68
102
}
330
68
100
AcDbXrecord
280
     1
1001
a
1071
        0
1071
    65538
1071
    16384
1071
        1
1000
AXIS_NUM
1071
-1023410169
1000
白
1000
白
1000
CONTINUOUS
1071
        0
1071
        0
1071
        1
1071
        0
1000
平面轴线编号
  0
XRECORD
  5
1D6
102
{ACAD_REACTORS
330
68
102
}
330
68
100
AcDbXrecord
280
     1
1001
a
1071
        0
1071
 69468160
1071
 69468160
1071
        2
1000
BASE_DL
1071
-1023410172
1000
青
1000
青
1000
CONTINUOUS
1071
       -3
1071
        0
1071
        1
1071
        0
1000
平面地基梁基础
  0
XRECORD
  5
84
102
{ACAD_REACTORS
330
68
102
}
330
68
100
AcDbXrecord
280
     1
1001
a
1071
        0
1071
 69468161
1071
     8192
1071
        1
1000
BASE_DL_TEXT
1071
-1023410169
1000
白
1000
白
1000
CONTINUOUS
1071
       -3
1071
        0
1071
        1
1071
        0
1000
平面地基梁基础文字
  0
XRECORD
  5
30A
102
{ACAD_REACTORS
330
68
102
}
330
68
100
AcDbXrecord
280
     1
1001
a
1071
        0
1071
 69468162
1071
    12288
1071
        1
1000
BASE_DL_DIM
1071
-1023410173
1000
绿
1000
绿
1000
CONTINUOUS
1071
       -3
1071
        0
1071
        1
1071
        0
1000
平面地基梁基础尺寸
  0
XRECORD
  5
1AF
102
{ACAD_REACTORS
330
68
102
}
330
68
100
AcDbXrecord
280
     1
1001
a
1071
        0
1071
 69468163
1071
    16384
1071
        1
1000
BASE_DL_NUM
1071
-1023410169
1000
白
1000
白
1000
CONTINUOUS
1071
       -3
1071
        0
1071
        1
1071
        0
1000
平面地基梁基础编号
  0
XRECORD
  5
431
102
{ACAD_REACTORS
330
68
102
}
330
68
100
AcDbXrecord
280
     1
1001
a
1071
        0
1071
 69468164
1071
    36864
1071
        1
1000
BASE_DL_LOAD
1071
-1023410175
1000
红
1000
红
1000
CONTINUOUS
1071
       -3
1071
        0
1071
        1
1071
        0
1000
平面地基梁基础荷载
  0
XRECORD
  5
333
102
{ACAD_REACTORS
330
68
102
}
330
68
100
AcDbXrecord
280
     1
1001
a
1071
        0
1071
 69472256
1071
 69472256
1071
        2
1000
BASE_DL_XT
1071
-1023410169
1000
白
1000
白
1000
CONTINUOUS
1071
       -3
1071
        0
1071
        1
1071
        0
1000
详图地基梁基础
  0
XRECORD
  5
1D7
102
{ACAD_REACTORS
330
68
102
}
330
68
100
AcDbXrecord
280
     1
1001
a
1071
        0
1071
 69472257
1071
 69472257
1071
        2
1000
BASE_DL_XT_DASH
1071
-1023410167
1000
9
1000
9
1000
DASHED
1071
       -3
1071
        0
1071
        1
1071
        0
1000
详图地基梁基础虚线
  0
XRECORD
  5
85
102
{ACAD_REACTORS
330
68
102
}
330
68
100
AcDbXrecord
280
     1
1001
a
1071
        0
1071
 69472258
1071
        0
1071
        1
1000
BASE_DL_XT_REIND
1071
-1023410175
1000
红
1000
红
1000
CONTINUOUS
1071
       -3
1071
        0
1071
        1
1071
        0
1000
详图地基梁基础点钢筋
  0
XRECORD
  5
30B
102
{ACAD_REACTORS
330
68
102
}
330
68
100
AcDbXrecord
280
     1
1001
a
1071
        0
1071
 69472259
1071
     4096
1071
        1
1000
BASE_DL_XT_REINL
1071
-1023410175
1000
红
1000
红
1000
CONTINUOUS
1071
       -3
1071
        0
1071
        1
1071
        0
1000
详图地基梁基础线钢筋
  0
XRECORD
  5
1B0
102
{ACAD_REACTORS
330
68
102
}
330
68
100
AcDbXrecord
280
     1
1001
a
1071
        0
1071
 69472260
1071
     8192
1071
        1
1000
BASE_DL_XT_TEXT
1071
-1023410169
1000
白
1000
白
1000
CONTINUOUS
1071
       -3
1071
        0
1071
        1
1071
        0
1000
详图地基梁基础文字
  0
XRECORD
  5
432
102
{ACAD_REACTORS
330
68
102
}
330
68
100
AcDbXrecord
280
     1
1001
a
1071
        0
1071
 69472261
1071
    12288
1071
        1
1000
BASE_DL_XT_DIM
1071
-1023410173
1000
绿
1000
绿
1000
CONTINUOUS
1071
       -3
1071
        0
1071
        1
1071
        0
1000
详图地基梁基础尺寸
  0
XRECORD
  5
2D7
102
{ACAD_REACTORS
330
68
102
}
330
68
100
AcDbXrecord
280
     1
1001
a
1071
        0
1071
 69472262
1071
    16384
1071
        1
1000
BASE_DL_XT_NUM
1071
-1023410169
1000
白
1000
白
1000
CONTINUOUS
1071
       -3
1071
        0
1071
        1
1071
        0
1000
详图地基梁基础编号
  0
XRECORD
  5
17C
102
{ACAD_REACTORS
330
68
102
}
330
68
100
AcDbXrecord
280
     1
1001
a
1071
        0
1071
 69472263
1071
    20480
1071
        1
1000
BASE_DL_XT_HATCH
1071
-1023409922
1000
254
1000
254
1000
CONTINUOUS
1071
       -3
1071
        0
1071
        1
1071
        0
1000
详图地基梁基础填充
  0
XRECORD
  5
294
102
{ACAD_REACTORS
330
68
102
}
330
68
100
AcDbXrecord
280
     1
1001
a
1071
        0
1071
 69533696
1071
 69533696
1071
        2
1000
BASE_RAFT
1071
-1023410169
1000
白
1000
白
1000
CONTINUOUS
1071
       -3
1071
        0
1071
        1
1071
        0
1000
平面筏板基础
  0
XRECORD
  5
135
102
{ACAD_REACTORS
330
68
102
}
330
68
100
AcDbXrecord
280
     1
1001
a
1071
        0
1071
 69533697
1071
 69533697
1071
        2
1000
BASE_RAFT_DASH
1071
-1023410167
1000
9
1000
9
1000
DASHED
1071
       -3
1071
        0
1071
        1
1071
        0
1000
平面筏板基础虚线
  0
XRECORD
  5
3B0
102
{ACAD_REACTORS
330
68
102
}
330
68
100
AcDbXrecord
280
     1
1001
a
1071
        0
1071
 69533698
1071
     8192
1071
        1
1000
BASE_RAFT_TEXT
1071
-1023410169
1000
白
1000
白
1000
CONTINUOUS
1071
       -3
1071
        0
1071
        1
1071
        0
1000
平面筏板基础文字
  0
XRECORD
  5
249
102
{ACAD_REACTORS
330
68
102
}
330
68
100
AcDbXrecord
280
     1
1001
a
1071
        0
1071
 69533699
1071
    12288
1071
        1
1000
BASE_RAFT_DIM
1071
-1023410173
1000
绿
1000
绿
1000
CONTINUOUS
1071
       -3
1071
        0
1071
        1
1071
        0
1000
平面筏板基础尺寸
  0
XRECORD
  5
E9
102
{ACAD_REACTORS
330
68
102
}
330
68
100
AcDbXrecord
280
     1
1001
a
1071
        0
1071
 69533700
1071
        0
1071
        1
1000
BASE_RAFT_UP_REIND
1071
-1023410175
1000
红
1000
红
1000
CONTINUOUS
1071
       -3
1071
        0
1071
        1
1071
        0
1000
平面筏板基础上点筋
  0
XRECORD
  5
36A
102
{ACAD_REACTORS
330
68
102
}
330
68
100
AcDbXrecord
280
     1
1001
a
1071
        0
1071
 69533701
1071
     4096
1071
        1
1000
BASE_RAFT_UP_REINL
1071
-1023410175
1000
红
1000
红
1000
CONTINUOUS
1071
       -3
1071
        0
1071
        1
1071
        0
1000
平面筏板基础上线筋
  0
XRECORD
  5
208
102
{ACAD_REACTORS
330
68
102
}
330
68
100
AcDbXrecord
280
     1
1001
a
1071
        0
1071
 69533702
1071
     8192
1071
        1
1000
BASE_RAFT_UP_TEXT
1071
-1023410169
1000
白
1000
白
1000
CONTINUOUS
1071
       -3
1071
        0
1071
        1
1071
        0
1000
平面筏板基础上筋文字
  0
XRECORD
  5
B0
102
{ACAD_REACTORS
330
68
102
}
330
68
100
AcDbXrecord
280
     1
1001
a
1071
        0
1071
 69533703
1071
    12288
1071
        1
1000
BASE_RAFT_UP_DIM
1071
-1023410173
1000
绿
1000
绿
1000
CONTINUOUS
1071
       -3
1071
        0
1071
        1
1071
        0
1000
平面筏板基础上筋尺寸
  0
XRECORD
  5
334
102
{ACAD_REACTORS
330
68
102
}
330
68
100
AcDbXrecord
280
     1
1001
a
1071
        0
1071
 69533704
1071
    16384
1071
        1
1000
BASE_RAFT_UP_NUM
1071
-1023410169
1000
白
1000
白
1000
CONTINUOUS
1071
       -3
1071
        0
1071
        1
1071
        0
1000
平面筏板基础上筋编号
  0
XRECORD
  5
1D8
102
{ACAD_REACTORS
330
68
102
}
330
68
100
AcDbXrecord
280
     1
1001
a
1071
        0
1071
 69533705
1071
        0
1071
        1
1000
BASE_RAFT_DOWN_REIND
1071
-1023410175
1000
红
1000
红
1000
CONTINUOUS
1071
       -3
1071
        0
1071
        1
1071
        0
1000
平面筏板基础下点筋
  0
XRECORD
  5
86
102
{ACAD_REACTORS
330
68
102
}
330
68
100
AcDbXrecord
280
     1
1001
a
1071
        0
1071
 69533706
1071
     4096
1071
        1
1000
BASE_RAFT_DOWN_REINL
1071
-1023410175
1000
红
1000
红
1000
CONTINUOUS
1071
       -3
1071
        0
1071
        1
1071
        0
1000
平面筏板基础下线筋
  0
XRECORD
  5
30C
102
{ACAD_REACTORS
330
68
102
}
330
68
100
AcDbXrecord
280
     1
1001
a
1071
        0
1071
 69533707
1071
     8192
1071
        1
1000
BASE_RAFT_DOWN_TEXT
1071
-1023410169
1000
白
1000
白
1000
CONTINUOUS
1071
       -3
1071
        0
1071
        1
1071
        0
1000
平面筏板基础下筋文字
  0
XRECORD
  5
1B1
102
{ACAD_REACTORS
330
68
102
}
330
68
100
AcDbXrecord
280
     1
1001
a
1071
        0
1071
 69533708
1071
    12288
1071
        1
1000
BASE_RAFT_DOWN_DIM
1071
-1023410173
1000
绿
1000
绿
1000
CONTINUOUS
1071
       -3
1071
        0
1071
        1
1071
        0
1000
平面筏板基础下筋尺寸
  0
XRECORD
  5
433
102
{ACAD_REACTORS
330
68
102
}
330
68
100
AcDbXrecord
280
     1
1001
a
1071
        0
1071
 69533709
1071
    16384
1071
        1
1000
BASE_RAFT_DOWN_NUM
1071
-1023410169
1000
白
1000
白
1000
CONTINUOUS
1071
       -3
1071
        0
1071
        1
1071
        0
1000
平面筏板基础下筋编号
  0
XRECORD
  5
2D8
102
{ACAD_REACTORS
330
68
102
}
330
68
100
AcDbXrecord
280
     1
1001
a
1071
        0
1071
 69533710
1071
    36864
1071
        1
1000
BASE_RAFT_LOAD
1071
-1023410175
1000
红
1000
红
1000
CONTINUOUS
1071
       -3
1071
        0
1071
        1
1071
        0
1000
平面筏板基础荷载
  0
XRECORD
  5
3FB
102
{ACAD_REACTORS
330
68
102
}
330
68
100
AcDbXrecord
280
     1
1001
a
1071
        0
1071
 69537792
1071
 69537792
1071
        2
1000
BASE_RAFT_XT
1071
-1023410169
1000
白
1000
白
1000
CONTINUOUS
1071
       -3
1071
        0
1071
        1
1071
        0
1000
详图筏板基础
  0
XRECORD
  5
295
102
{ACAD_REACTORS
330
68
102
}
330
68
100
AcDbXrecord
280
     1
1001
a
1071
        0
1071
 69537793
1071
 69537793
1071
        2
1000
BASE_RAFT_XT_DASH
1071
-1023410167
1000
9
1000
9
1000
DASHED
1071
       -3
1071
        0
1071
        1
1071
        0
1000
详图筏板基础虚线
  0
XRECORD
  5
136
102
{ACAD_REACTORS
330
68
102
}
330
68
100
AcDbXrecord
280
     1
1001
a
1071
        0
1071
 69537794
1071
        0
1071
        1
1000
BASE_RAFT_XT_REIND
1071
-1023410175
1000
红
1000
红
1000
CONTINUOUS
1071
       -3
1071
        0
1071
        1
1071
        0
1000
详图筏板基础点钢筋
  0
XRECORD
  5
3B1
102
{ACAD_REACTORS
330
68
102
}
330
68
100
AcDbXrecord
280
     1
1001
a
1071
        0
1071
 69537795
1071
     4096
1071
        1
1000
BASE_RAFT_XT_REINL
1071
-1023410175
1000
红
1000
红
1000
CONTINUOUS
1071
       -3
1071
        0
1071
        1
1071
        0
1000
详图筏板基础线钢筋
  0
XRECORD
  5
24A
102
{ACAD_REACTORS
330
68
102
}
330
68
100
AcDbXrecord
280
     1
1001
a
1071
        0
1071
 69537796
1071
     8192
1071
        1
1000
BASE_RAFT_XT_TEXT
1071
-1023410169
1000
白
1000
白
1000
CONTINUOUS
1071
       -3
1071
        0
1071
        1
1071
        0
1000
详图筏板基础文字
  0
XRECORD
  5
EA
102
{ACAD_REACTORS
330
68
102
}
330
68
100
AcDbXrecord
280
     1
1001
a
1071
        0
1071
 69537797
1071
    12288
1071
        1
1000
BASE_RAFT_XT_DIM
1071
-1023410173
1000
绿
1000
绿
1000
CONTINUOUS
1071
       -3
1071
        0
1071
        1
1071
        0
1000
详图筏板基础尺寸
  0
XRECORD
  5
36B
102
{ACAD_REACTORS
330
68
102
}
330
68
100
AcDbXrecord
280
     1
1001
a
1071
        0
1071
 69537798
1071
    16384
1071
        1
1000
BASE_RAFT_XT_NUM
1071
-1023410169
1000
白
1000
白
1000
CONTINUOUS
1071
       -3
1071
        0
1071
        1
1071
        0
1000
详图筏板基础编号
  0
XRECORD
  5
209
102
{ACAD_REACTORS
330
68
102
}
330
68
100
AcDbXrecord
280
     1
1001
a
1071
        0
1071
 69537799
1071
    20480
1071
        1
1000
BASE_RAFT_XT_HATCH
1071
-1023409922
1000
254
1000
254
1000
CONTINUOUS
1071
       -3
1071
        0
1071
        1
1071
        0
1000
详图筏板基础填充
  0
XRECORD
  5
137
102
{ACAD_REACTORS
330
68
102
}
330
68
100
AcDbXrecord
280
     1
1001
a
1071
        0
1071
 69599232
1071
 69599232
1071
        2
1000
BASE_PIT_PM
1071
-1023410169
1000
白
1000
白
1000
CONTINUOUS
1071
       -3
1071
        0
1071
        1
1071
        0
1000
平面基坑
  0
XRECORD
  5
3B2
102
{ACAD_REACTORS
330
68
102
}
330
68
100
AcDbXrecord
280
     1
1001
a
1071
        0
1071
 69599233
1071
     8192
1071
        1
1000
BASE_PIT_PM_TEXT
1071
-1023410169
1000
白
1000
白
1000
CONTINUOUS
1071
       -3
1071
        0
1071
        1
1071
        0
1000
平面基坑文字
  0
XRECORD
  5
24B
102
{ACAD_REACTORS
330
68
102
}
330
68
100
AcDbXrecord
280
     1
1001
a
1071
        0
1071
 69599234
1071
    12288
1071
        1
1000
BASE_PIT_PM_DIM
1071
-1023410173
1000
绿
1000
绿
1000
CONTINUOUS
1071
       -3
1071
        0
1071
        1
1071
        0
1000
平面基坑尺寸
  0
XRECORD
  5
EB
102
{ACAD_REACTORS
330
68
102
}
330
68
100
AcDbXrecord
280
     1
1001
a
1071
        0
1071
 69599235
1071
    16384
1071
        1
1000
BASE_PIT_PM_NUM
1071
-1023410169
1000
白
1000
白
1000
CONTINUOUS
1071
       -3
1071
        0
1071
        1
1071
        0
1000
平面基坑编号
  0
XRECORD
  5
36C
102
{ACAD_REACTORS
330
68
102
}
330
68
100
AcDbXrecord
280
     1
1001
a
1071
        0
1071
 69599236
1071
    20480
1071
        1
1000
BASE_PIT_PM_HATCH
1071
-1023409922
1000
254
1000
254
1000
CONTINUOUS
1071
       -3
1071
        0
1071
        1
1071
        0
1000
平面基坑填充
  0
XRECORD
  5
296
102
{ACAD_REACTORS
330
68
102
}
330
68
100
AcDbXrecord
280
     1
1001
a
1071
        0
1071
 69603328
1071
 69603328
1071
        2
1000
BASE_PIT_XT
1071
-1023410169
1000
白
1000
白
1000
CONTINUOUS
1071
       -3
1071
        0
1071
        1
1071
        0
1000
基坑详图实线
  0
XRECORD
  5
138
102
{ACAD_REACTORS
330
68
102
}
330
68
100
AcDbXrecord
280
     1
1001
a
1071
        0
1071
 69603329
1071
 69603329
1071
        2
1000
BASE_PIT_XT_DASH
1071
-1023410169
1000
白
1000
白
1000
DASHED
1071
       -3
1071
        0
1071
        1
1071
        0
1000
基坑详图虚线
  0
XRECORD
  5
3B3
102
{ACAD_REACTORS
330
68
102
}
330
68
100
AcDbXrecord
280
     1
1001
a
1071
        0
1071
 69603330
1071
        0
1071
        1
1000
BASE_PIT_XT_REIND
1071
-1023410175
1000
红
1000
红
1000
CONTINUOUS
1071
       -3
1071
        0
1071
        1
1071
        0
1000
基坑详图点钢筋
  0
XRECORD
  5
24C
102
{ACAD_REACTORS
330
68
102
}
330
68
100
AcDbXrecord
280
     1
1001
a
1071
        0
1071
 69603331
1071
     4096
1071
        1
1000
BASE_PIT_XT_REINL
1071
-1023410175
1000
红
1000
红
1000
CONTINUOUS
1071
       -3
1071
        0
1071
        1
1071
        0
1000
基坑详图线钢筋
  0
XRECORD
  5
EC
102
{ACAD_REACTORS
330
68
102
}
330
68
100
AcDbXrecord
280
     1
1001
a
1071
        0
1071
 69603332
1071
     8192
1071
        1
1000
BASE_PIT_XT_TEXT
1071
-1023410169
1000
白
1000
白
1000
CONTINUOUS
1071
       -3
1071
        0
1071
        1
1071
        0
1000
基坑详图文字
  0
XRECORD
  5
36D
102
{ACAD_REACTORS
330
68
102
}
330
68
100
AcDbXrecord
280
     1
1001
a
1071
        0
1071
 69603333
1071
    12288
1071
        1
1000
BASE_PIT_XT_DIM
1071
-1023410173
1000
绿
1000
绿
1000
CONTINUOUS
1071
       -3
1071
        0
1071
        1
1071
        0
1000
基坑详图标注
  0
XRECORD
  5
20A
102
{ACAD_REACTORS
330
68
102
}
330
68
100
AcDbXrecord
280
     1
1001
a
1071
        0
1071
 69603334
1071
    16384
1071
        1
1000
BASE_PIT_XT_NUM
1071
-1023410169
1000
白
1000
白
1000
CONTINUOUS
1071
       -3
1071
        0
1071
        1
1071
        0
1000
基坑详图编号
  0
XRECORD
  5
B1
102
{ACAD_REACTORS
330
68
102
}
330
68
100
AcDbXrecord
280
     1
1001
a
1071
        0
1071
 69603335
1071
    20480
1071
        1
1000
BASE_PIT_XT_HATCH
1071
-1023409922
1000
254
1000
254
1000
CONTINUOUS
1071
       -3
1071
        0
1071
        1
1071
        0
1000
基坑详图填充
  0
XRECORD
  5
69
102
{ACAD_REACTORS
330
68
102
}
330
68
100
AcDbXrecord
280
     1
1001
a
1071
        0
1071
    69632
1071
    65536
1071
        2
1000
S-DETL-AXIS
1071
-1023410168
1000
8
1000
8
1000
D3轴线点划线
1071
        0
1071
        0
1071
        1
1071
        0
1000
详图轴线
  0
XRECORD
  5
2EB
102
{ACAD_REACTORS
330
68
102
}
330
68
100
AcDbXrecord
280
     1
1001
a
1071
        0
1071
    69633
1071
    12288
1071
        0
1000
S-DETL-DIM
1071
-1023410025
1000
151
1000
151
1000
CONTINUOUS
1071
        0
1071
        0
1071
        1
1071
        0
1000
详图轴线尺寸
  0
XRECORD
  5
190
102
{ACAD_REACTORS
330
68
102
}
330
68
100
AcDbXrecord
280
     1
1001
a
1071
        0
1071
    69634
1071
    16384
1071
        1
1000
C-DOTENUM
1071
-1023410169
1000
白
1000
白
1000
CONTINUOUS
1071
        0
1071
        0
1071
        1
1071
        0
1000
详图轴线编号
  0
XRECORD
  5
1D9
102
{ACAD_REACTORS
330
68
102
}
330
68
100
AcDbXrecord
280
     1
1001
a
1071
        0
1071
 69664768
1071
 69664768
1071
        2
1000
GEO_HOLE
1071
-1023410169
1000
白
1000
白
1000
CONTINUOUS
1071
       -3
1071
        0
1071
        1
1071
        0
1000
平面孔点
  0
XRECORD
  5
87
102
{ACAD_REACTORS
330
68
102
}
330
68
100
AcDbXrecord
280
     1
1001
a
1071
        0
1071
 69664769
1071
    16384
1071
        1
1000
GEO_HOLE_NUM
1071
-1023410169
1000
白
1000
白
1000
CONTINUOUS
1071
       -3
1071
        0
1071
        1
1071
        0
1000
平面孔点编号
  0
XRECORD
  5
30D
102
{ACAD_REACTORS
330
68
102
}
330
68
100
AcDbXrecord
280
     1
1001
a
1071
        0
1071
 69664770
1071
 69664770
1071
        2
1000
GEO_HOLE_LINE
1071
-1023410169
1000
白
1000
白
1000
CONTINUOUS
1071
       -3
1071
        0
1071
        1
1071
        0
1000
平面孔点连线
  0
XRECORD
  5
1B2
102
{ACAD_REACTORS
330
68
102
}
330
68
100
AcDbXrecord
280
     1
1001
a
1071
        0
1071
 69664771
1071
    16384
1071
        1
1000
GEO_HOLE_LINE_NUM
1071
-1023410169
1000
白
1000
白
1000
CONTINUOUS
1071
       -3
1071
        0
1071
        1
1071
        0
1000
平面孔点连线编号
  0
XRECORD
  5
335
102
{ACAD_REACTORS
330
68
102
}
330
68
100
AcDbXrecord
280
     1
1001
a
1071
        0
1071
 69668864
1071
 69668864
1071
        2
1000
GEO_DUST_LINE
1071
-1023410169
1000
白
1000
白
1000
CONTINUOUS
1071
       -3
1071
        0
1071
        1
1071
        0
1000
土层剖面线
  0
XRECORD
  5
1DA
102
{ACAD_REACTORS
330
68
102
}
330
68
100
AcDbXrecord
280
     1
1001
a
1071
        0
1071
 69668865
1071
    20480
1071
        1
1000
GEO_DUST_HATCH
1071
-1023409922
1000
254
1000
254
1000
CONTINUOUS
1071
       -3
1071
        0
1071
        1
1071
        0
1000
土层剖面填充
  0
XRECORD
  5
88
102
{ACAD_REACTORS
330
68
102
}
330
68
100
AcDbXrecord
280
     1
1001
a
1071
        0
1071
 69668866
1071
     8192
1071
        1
1000
GEO_DUST_TEXT
1071
-1023410169
1000
白
1000
白
1000
CONTINUOUS
1071
       -3
1071
        0
1071
        1
1071
        0
1000
土层剖面文字
  0
XRECORD
  5
30E
102
{ACAD_REACTORS
330
68
102
}
330
68
100
AcDbXrecord
280
     1
1001
a
1071
        0
1071
 69668867
1071
    12288
1071
        1
1000
GEO_DUST_DIM
1071
-1023410173
1000
绿
1000
绿
1000
CONTINUOUS
1071
       -3
1071
        0
1071
        1
1071
        0
1000
土层剖面尺寸
  0
XRECORD
  5
1B3
102
{ACAD_REACTORS
330
68
102
}
330
68
100
AcDbXrecord
280
     1
1001
a
1071
        0
1071
 69668868
1071
 69668868
1071
        2
1000
GEO_WATER
1071
-1023410169
1000
白
1000
白
1000
CONTINUOUS
1071
       -3
1071
        0
1071
        1
1071
        0
1000
地下水位线
  0
XRECORD
  5
362
102
{ACAD_REACTORS
330
68
102
}
330
68
100
AcDbXrecord
280
     1
1001
a
1071
        0
1071
   720896
1071
   720896
1071
        2
1000
S-DETL-TEXT
1071
-1023410169
1000
白
1000
白
1000
CONTINUOUS
1071
        0
1071
        0
1071
        1
1071
        0
1000
表格线
  0
XRECORD
  5
201
102
{ACAD_REACTORS
330
68
102
}
330
68
100
AcDbXrecord
280
     1
1001
a
1071
        0
1071
   720897
1071
   720896
1071
        0
1000
S-DETL-TEXT
1071
-1023410169
1000
白
1000
白
1000
CONTINUOUS
1071
        0
1071
        0
1071
        1
1071
        0
1000
表格粗线
  0
XRECORD
  5
AB
102
{ACAD_REACTORS
330
68
102
}
330
68
100
AcDbXrecord
280
     1
1001
a
1071
        0
1071
   720898
1071
        0
1071
        0
1000
S-DETL-RBAR
1071
-1023410175
1000
红
1000
红
1000
CONTINUOUS
1071
        0
1071
        0
1071
        1
1071
        0
1000
表格点钢筋
  0
XRECORD
  5
32E
102
{ACAD_REACTORS
330
68
102
}
330
68
100
AcDbXrecord
280
     1
1001
a
1071
        0
1071
   720899
1071
     4096
1071
        0
1000
S-DETL-RBAR
1071
-1023410175
1000
红
1000
红
1000
CONTINUOUS
1071
        0
1071
        0
1071
        1
1071
        0
1000
表格线钢筋
  0
XRECORD
  5
1D2
102
{ACAD_REACTORS
330
68
102
}
330
68
100
AcDbXrecord
280
     1
1001
a
1071
        0
1071
   720900
1071
   720896
1071
        0
1000
S-DETL-TEXT
1071
-1023410169
1000
白
1000
白
1000
CONTINUOUS
1071
        0
1071
        0
1071
        1
1071
        0
1000
表格文字
  0
XRECORD
  5
7E
102
{ACAD_REACTORS
330
68
102
}
330
68
100
AcDbXrecord
280
     1
1001
a
1071
        0
1071
   720901
1071
    12288
1071
        0
1000
S-DETL-DIM
1071
-1023410025
1000
151
1000
151
1000
CONTINUOUS
1071
        0
1071
        0
1071
        1
1071
        0
1000
表格尺寸
  0
XRECORD
  5
303
102
{ACAD_REACTORS
330
68
102
}
330
68
100
AcDbXrecord
280
     1
1001
a
1071
        0
1071
   720902
1071
    16384
1071
        0
1000
S-DETL-TEXT
1071
-1023410169
1000
白
1000
白
1000
CONTINUOUS
1071
        0
1071
        0
1071
        1
1071
        0
1000
表格编号
  0
XRECORD
  5
429
102
{ACAD_REACTORS
330
68
102
}
330
68
100
AcDbXrecord
280
     1
1001
a
1071
        0
1071
   786432
1071
   786432
1071
        2
1000
SIGN_CLOUD
1071
-1023410175
1000
红
1000
红
1000
CONTINUOUS
1071
        0
1071
        0
1071
        1
1071
        0
1000
升版线
  0
XRECORD
  5
2CE
102
{ACAD_REACTORS
330
68
102
}
330
68
100
AcDbXrecord
280
     1
1001
a
1071
        0
1071
   786433
1071
     8192
1071
        1
1000
SIGN_CLOUD_TEXT
1071
-1023410169
1000
白
1000
白
1000
CONTINUOUS
1071
        0
1071
        0
1071
        1
1071
        0
1000
升版文字
  0
XRECORD
  5
34C
102
{ACAD_REACTORS
330
68
102
}
330
68
100
AcDbXrecord
280
     1
1001
a
1071
        0
1071
     8192
1071
     8192
1071
        2
1000
S-DETL-TEXT
1071
-1023410169
1000
白
1000
白
1000
CONTINUOUS
1071
        0
1071
        0
1071
        1
1071
        0
1000
文字
  0
XRECORD
  5
297
102
{ACAD_REACTORS
330
68
102
}
330
68
100
AcDbXrecord
280
     1
1001
a
1071
        0
1071
 83886080
1071
 83886080
1071
        2
1000
AER_WQ
1071
-1023410174
1000
黄
1000
黄
1000
CONTINUOUS
1071
       -3
1071
        0
1071
        1
1071
        0
1000
平面人防外墙
  0
XRECORD
  5
139
102
{ACAD_REACTORS
330
68
102
}
330
68
100
AcDbXrecord
280
     1
1001
a
1071
        0
1071
 83886081
1071
     8192
1071
        1
1000
AER_WQ_TEXT
1071
-1023410169
1000
白
1000
白
1000
CONTINUOUS
1071
       -3
1071
        0
1071
        1
1071
        0
1000
平面人防外墙文字
  0
XRECORD
  5
3B4
102
{ACAD_REACTORS
330
68
102
}
330
68
100
AcDbXrecord
280
     1
1001
a
1071
        0
1071
 83886082
1071
    12288
1071
        1
1000
AER_WQ_DIM
1071
-1023410173
1000
绿
1000
绿
1000
CONTINUOUS
1071
       -3
1071
        0
1071
        1
1071
        0
1000
平面人防外墙尺寸
  0
XRECORD
  5
24D
102
{ACAD_REACTORS
330
68
102
}
330
68
100
AcDbXrecord
280
     1
1001
a
1071
        0
1071
 83886083
1071
    16384
1071
        1
1000
AER_WQ_NUM
1071
-1023410169
1000
白
1000
白
1000
CONTINUOUS
1071
       -3
1071
        0
1071
        1
1071
        0
1000
平面人防外墙编号
  0
XRECORD
  5
ED
102
{ACAD_REACTORS
330
68
102
}
330
68
100
AcDbXrecord
280
     1
1001
a
1071
        0
1071
 83886084
1071
    20480
1071
        1
1000
AER_WQ_HATCH
1071
-1023409922
1000
254
1000
254
1000
CONTINUOUS
1071
       -3
1071
        0
1071
        1
1071
        0
1000
平面人防外墙填充
  0
XRECORD
  5
3FC
102
{ACAD_REACTORS
330
68
102
}
330
68
100
AcDbXrecord
280
     1
1001
a
1071
        0
1071
 83890176
1071
 83890176
1071
        2
1000
AER_WQ_XT
1071
-1023410174
1000
黄
1000
黄
1000
CONTINUOUS
1071
       -3
1071
        0
1071
        1
1071
        0
1000
详图人防外墙实线
  0
XRECORD
  5
298
102
{ACAD_REACTORS
330
68
102
}
330
68
100
AcDbXrecord
280
     1
1001
a
1071
        0
1071
 83890177
1071
 83890177
1071
        2
1000
AER_WQ_XT_DASH
1071
-1023410174
1000
黄
1000
黄
1000
DASHED
1071
       -3
1071
        0
1071
        1
1071
        0
1000
详图人防外墙虚线
  0
XRECORD
  5
13A
102
{ACAD_REACTORS
330
68
102
}
330
68
100
AcDbXrecord
280
     1
1001
a
1071
        0
1071
 83890178
1071
        0
1071
        1
1000
AER_WQ_XT_REIND
1071
-1023410175
1000
红
1000
红
1000
CONTINUOUS
1071
       -3
1071
        0
1071
        1
1071
        0
1000
详图人防外墙点钢筋
  0
XRECORD
  5
3B5
102
{ACAD_REACTORS
330
68
102
}
330
68
100
AcDbXrecord
280
     1
1001
a
1071
        0
1071
 83890179
1071
     4096
1071
        1
1000
AER_WQ_XT_REINL
1071
-1023410175
1000
红
1000
红
1000
CONTINUOUS
1071
       -3
1071
        0
1071
        1
1071
        0
1000
详图人防外墙线钢筋
  0
XRECORD
  5
24E
102
{ACAD_REACTORS
330
68
102
}
330
68
100
AcDbXrecord
280
     1
1001
a
1071
        0
1071
 83890180
1071
     8192
1071
        1
1000
AER_WQ_XT_TEXT
1071
-1023410169
1000
白
1000
白
1000
CONTINUOUS
1071
       -3
1071
        0
1071
        1
1071
        0
1000
详图人防外墙文字
  0
XRECORD
  5
EE
102
{ACAD_REACTORS
330
68
102
}
330
68
100
AcDbXrecord
280
     1
1001
a
1071
        0
1071
 83890181
1071
    12288
1071
        1
1000
AER_WQ_XT_DIM
1071
-1023410173
1000
绿
1000
绿
1000
CONTINUOUS
1071
       -3
1071
        0
1071
        1
1071
        0
1000
详图人防外墙尺寸
  0
XRECORD
  5
36E
102
{ACAD_REACTORS
330
68
102
}
330
68
100
AcDbXrecord
280
     1
1001
a
1071
        0
1071
 83890182
1071
    16384
1071
        1
1000
AER_WQ_XT_NUM
1071
-1023410169
1000
白
1000
白
1000
CONTINUOUS
1071
       -3
1071
        0
1071
        1
1071
        0
1000
详图人防外墙编号
  0
XRECORD
  5
20B
102
{ACAD_REACTORS
330
68
102
}
330
68
100
AcDbXrecord
280
     1
1001
a
1071
        0
1071
 83890183
1071
    20480
1071
        1
1000
AER_WQ_XT_HATCH
1071
-1023409922
1000
254
1000
254
1000
CONTINUOUS
1071
       -3
1071
        0
1071
        1
1071
        0
1000
详图人防外墙填充
  0
XRECORD
  5
336
102
{ACAD_REACTORS
330
68
102
}
330
68
100
AcDbXrecord
280
     1
1001
a
1071
        0
1071
 83951616
1071
 83951616
1071
        2
1000
AER_LKQ
1071
-1023410174
1000
黄
1000
黄
1000
CONTINUOUS
1071
       -3
1071
        0
1071
        1
1071
        0
1000
平面人防临空墙
  0
XRECORD
  5
1DB
102
{ACAD_REACTORS
330
68
102
}
330
68
100
AcDbXrecord
280
     1
1001
a
1071
        0
1071
 83951617
1071
     8192
1071
        1
1000
AER_LKQ_TEXT
1071
-1023410169
1000
白
1000
白
1000
CONTINUOUS
1071
       -3
1071
        0
1071
        1
1071
        0
1000
平面人防临空墙文字
  0
XRECORD
  5
89
102
{ACAD_REACTORS
330
68
102
}
330
68
100
AcDbXrecord
280
     1
1001
a
1071
        0
1071
 83951618
1071
    12288
1071
        1
1000
AER_LKQ_DIM
1071
-1023410173
1000
绿
1000
绿
1000
CONTINUOUS
1071
       -3
1071
        0
1071
        1
1071
        0
1000
平面人防临空墙尺寸
  0
XRECORD
  5
30F
102
{ACAD_REACTORS
330
68
102
}
330
68
100
AcDbXrecord
280
     1
1001
a
1071
        0
1071
 83951619
1071
    16384
1071
        1
1000
AER_LKQ_NUM
1071
-1023410169
1000
白
1000
白
1000
CONTINUOUS
1071
       -3
1071
        0
1071
        1
1071
        0
1000
平面人防临空墙编号
  0
XRECORD
  5
1B4
102
{ACAD_REACTORS
330
68
102
}
330
68
100
AcDbXrecord
280
     1
1001
a
1071
        0
1071
 83951620
1071
    20480
1071
        1
1000
AER_LKQ_HATCH
1071
-1023409922
1000
254
1000
254
1000
CONTINUOUS
1071
       -3
1071
        0
1071
        1
1071
        0
1000
平面人防临空墙填充
  0
XRECORD
  5
B2
102
{ACAD_REACTORS
330
68
102
}
330
68
100
AcDbXrecord
280
     1
1001
a
1071
        0
1071
 83955712
1071
 83955712
1071
        2
1000
AER_LKQ_XT
1071
-1023410174
1000
黄
1000
黄
1000
CONTINUOUS
1071
       -3
1071
        0
1071
        1
1071
        0
1000
详图人防临空墙实线
  0
XRECORD
  5
337
102
{ACAD_REACTORS
330
68
102
}
330
68
100
AcDbXrecord
280
     1
1001
a
1071
        0
1071
 83955713
1071
 83955713
1071
        2
1000
AER_LKQ_XT_DASH
1071
-1023410174
1000
黄
1000
黄
1000
DASHED
1071
       -3
1071
        0
1071
        1
1071
        0
1000
详图人防临空墙虚线
  0
XRECORD
  5
1DC
102
{ACAD_REACTORS
330
68
102
}
330
68
100
AcDbXrecord
280
     1
1001
a
1071
        0
1071
 83955714
1071
        0
1071
        1
1000
AER_LKQ_XT_REIND
1071
-1023410175
1000
红
1000
红
1000
CONTINUOUS
1071
       -3
1071
        0
1071
        1
1071
        0
1000
详图人防临空墙点钢筋
  0
XRECORD
  5
8A
102
{ACAD_REACTORS
330
68
102
}
330
68
100
AcDbXrecord
280
     1
1001
a
1071
        0
1071
 83955715
1071
     4096
1071
        1
1000
AER_LKQ_XT_REINL
1071
-1023410175
1000
红
1000
红
1000
CONTINUOUS
1071
       -3
1071
        0
1071
        1
1071
        0
1000
详图人防临空墙线钢筋
  0
XRECORD
  5
310
102
{ACAD_REACTORS
330
68
102
}
330
68
100
AcDbXrecord
280
     1
1001
a
1071
        0
1071
 83955716
1071
     8192
1071
        1
1000
AER_LKQ_XT_TEXT
1071
-1023410169
1000
白
1000
白
1000
CONTINUOUS
1071
       -3
1071
        0
1071
        1
1071
        0
1000
详图人防临空墙文字
  0
XRECORD
  5
1B5
102
{ACAD_REACTORS
330
68
102
}
330
68
100
AcDbXrecord
280
     1
1001
a
1071
        0
1071
 83955717
1071
    12288
1071
        1
1000
AER_LKQ_XT_DIM
1071
-1023410173
1000
绿
1000
绿
1000
CONTINUOUS
1071
       -3
1071
        0
1071
        1
1071
        0
1000
详图人防临空墙尺寸
  0
XRECORD
  5
434
102
{ACAD_REACTORS
330
68
102
}
330
68
100
AcDbXrecord
280
     1
1001
a
1071
        0
1071
 83955718
1071
    16384
1071
        1
1000
AER_LKQ_XT_NUM
1071
-1023410169
1000
白
1000
白
1000
CONTINUOUS
1071
       -3
1071
        0
1071
        1
1071
        0
1000
详图人防临空墙编号
  0
XRECORD
  5
2D9
102
{ACAD_REACTORS
330
68
102
}
330
68
100
AcDbXrecord
280
     1
1001
a
1071
        0
1071
 83955719
1071
    20480
1071
        1
1000
AER_LKQ_XT_HATCH
1071
-1023409922
1000
254
1000
254
1000
CONTINUOUS
1071
       -3
1071
        0
1071
        1
1071
        0
1000
详图人防临空墙填充
  0
XRECORD
  5
1DD
102
{ACAD_REACTORS
330
68
102
}
330
68
100
AcDbXrecord
280
     1
1001
a
1071
        0
1071
 84017152
1071
 84017152
1071
        2
1000
AER_DYGQ
1071
-1023410174
1000
黄
1000
黄
1000
CONTINUOUS
1071
       -3
1071
        0
1071
        1
1071
        0
1000
平面人防单元隔墙
  0
XRECORD
  5
8B
102
{ACAD_REACTORS
330
68
102
}
330
68
100
AcDbXrecord
280
     1
1001
a
1071
        0
1071
 84017153
1071
     8192
1071
        1
1000
AER_DYGQ_TEXT
1071
-1023410169
1000
白
1000
白
1000
CONTINUOUS
1071
       -3
1071
        0
1071
        1
1071
        0
1000
平面人防单元隔墙文字
  0
XRECORD
  5
311
102
{ACAD_REACTORS
330
68
102
}
330
68
100
AcDbXrecord
280
     1
1001
a
1071
        0
1071
 84017154
1071
    12288
1071
        1
1000
AER_DYGQ_DIM
1071
-1023410173
1000
绿
1000
绿
1000
CONTINUOUS
1071
       -3
1071
        0
1071
        1
1071
        0
1000
平面人防单元隔墙尺寸
  0
XRECORD
  5
1B6
102
{ACAD_REACTORS
330
68
102
}
330
68
100
AcDbXrecord
280
     1
1001
a
1071
        0
1071
 84017155
1071
    16384
1071
        1
1000
AER_DYGQ_NUM
1071
-1023410169
1000
白
1000
白
1000
CONTINUOUS
1071
       -3
1071
        0
1071
        1
1071
        0
1000
平面人防单元隔墙编号
  0
XRECORD
  5
435
102
{ACAD_REACTORS
330
68
102
}
330
68
100
AcDbXrecord
280
     1
1001
a
1071
        0
1071
 84017156
1071
    20480
1071
        1
1000
AER_DYGQ_HATCH
1071
-1023409922
1000
254
1000
254
1000
CONTINUOUS
1071
       -3
1071
        0
1071
        1
1071
        0
1000
平面人防单元隔墙填充
  0
XRECORD
  5
338
102
{ACAD_REACTORS
330
68
102
}
330
68
100
AcDbXrecord
280
     1
1001
a
1071
        0
1071
 84021248
1071
 84021248
1071
        2
1000
AER_DYGQ_XT
1071
-1023410174
1000
黄
1000
黄
1000
CONTINUOUS
1071
       -3
1071
        0
1071
        1
1071
        0
1000
详图人防单元隔墙实线
  0
XRECORD
  5
1DE
102
{ACAD_REACTORS
330
68
102
}
330
68
100
AcDbXrecord
280
     1
1001
a
1071
        0
1071
 84021249
1071
 84021249
1071
        2
1000
AER_DYGQ_XT_DASH
1071
-1023410174
1000
黄
1000
黄
1000
DASHED
1071
       -3
1071
        0
1071
        1
1071
        0
1000
详图人防单元隔墙虚线
  0
XRECORD
  5
8C
102
{ACAD_REACTORS
330
68
102
}
330
68
100
AcDbXrecord
280
     1
1001
a
1071
        0
1071
 84021250
1071
        0
1071
        1
1000
AER_DYGQ_XT_REIND
1071
-1023410175
1000
红
1000
红
1000
CONTINUOUS
1071
       -3
1071
        0
1071
        1
1071
        0
1000
详图人防单元隔墙点钢筋
  0
XRECORD
  5
312
102
{ACAD_REACTORS
330
68
102
}
330
68
100
AcDbXrecord
280
     1
1001
a
1071
        0
1071
 84021251
1071
     4096
1071
        1
1000
AER_DYGQ_XT_REINL
1071
-1023410175
1000
红
1000
红
1000
CONTINUOUS
1071
       -3
1071
        0
1071
        1
1071
        0
1000
详图人防单元隔墙线钢筋
  0
XRECORD
  5
1B7
102
{ACAD_REACTORS
330
68
102
}
330
68
100
AcDbXrecord
280
     1
1001
a
1071
        0
1071
 84021252
1071
     8192
1071
        1
1000
AER_DYGQ_XT_TEXT
1071
-1023410169
1000
白
1000
白
1000
CONTINUOUS
1071
       -3
1071
        0
1071
        1
1071
        0
1000
详图人防单元隔墙文字
  0
XRECORD
  5
436
102
{ACAD_REACTORS
330
68
102
}
330
68
100
AcDbXrecord
280
     1
1001
a
1071
        0
1071
 84021253
1071
    12288
1071
        1
1000
AER_DYGQ_XT_DIM
1071
-1023410173
1000
绿
1000
绿
1000
CONTINUOUS
1071
       -3
1071
        0
1071
        1
1071
        0
1000
详图人防单元隔墙尺寸
  0
XRECORD
  5
2DA
102
{ACAD_REACTORS
330
68
102
}
330
68
100
AcDbXrecord
280
     1
1001
a
1071
        0
1071
 84021254
1071
    16384
1071
        1
1000
AER_DYGQ_XT_NUM
1071
-1023410169
1000
白
1000
白
1000
CONTINUOUS
1071
       -3
1071
        0
1071
        1
1071
        0
1000
详图人防单元隔墙编号
  0
XRECORD
  5
17D
102
{ACAD_REACTORS
330
68
102
}
330
68
100
AcDbXrecord
280
     1
1001
a
1071
        0
1071
 84021255
1071
    20480
1071
        1
1000
AER_DYGQ_XT_HATCH
1071
-1023409922
1000
254
1000
254
1000
CONTINUOUS
1071
       -3
1071
        0
1071
        1
1071
        0
1000
详图人防单元隔墙填充
  0
XRECORD
  5
299
102
{ACAD_REACTORS
330
68
102
}
330
68
100
AcDbXrecord
280
     1
1001
a
1071
        0
1071
 84082688
1071
 84082688
1071
        2
1000
AER_KBQ
1071
-1023410174
1000
黄
1000
黄
1000
CONTINUOUS
1071
       -3
1071
        0
1071
        1
1071
        0
1000
平面人防抗爆隔墙
  0
XRECORD
  5
13B
102
{ACAD_REACTORS
330
68
102
}
330
68
100
AcDbXrecord
280
     1
1001
a
1071
        0
1071
 84082689
1071
     8192
1071
        1
1000
AER_KBQ_TEXT
1071
-1023410169
1000
白
1000
白
1000
CONTINUOUS
1071
       -3
1071
        0
1071
        1
1071
        0
1000
平面人防抗爆隔墙文字
  0
XRECORD
  5
3B6
102
{ACAD_REACTORS
330
68
102
}
330
68
100
AcDbXrecord
280
     1
1001
a
1071
        0
1071
 84082690
1071
    12288
1071
        1
1000
AER_KBQ_DIM
1071
-1023410173
1000
绿
1000
绿
1000
CONTINUOUS
1071
       -3
1071
        0
1071
        1
1071
        0
1000
平面人防抗爆隔墙尺寸
  0
XRECORD
  5
24F
102
{ACAD_REACTORS
330
68
102
}
330
68
100
AcDbXrecord
280
     1
1001
a
1071
        0
1071
 84082691
1071
    16384
1071
        1
1000
AER_KBQ_NUM
1071
-1023410169
1000
白
1000
白
1000
CONTINUOUS
1071
       -3
1071
        0
1071
        1
1071
        0
1000
平面人防抗爆隔墙编号
  0
XRECORD
  5
EF
102
{ACAD_REACTORS
330
68
102
}
330
68
100
AcDbXrecord
280
     1
1001
a
1071
        0
1071
 84082692
1071
    20480
1071
        1
1000
AER_KBQ_HATCH
1071
-1023409922
1000
254
1000
254
1000
CONTINUOUS
1071
       -3
1071
        0
1071
        1
1071
        0
1000
平面人防抗爆隔墙填充
  0
XRECORD
  5
3FD
102
{ACAD_REACTORS
330
68
102
}
330
68
100
AcDbXrecord
280
     1
1001
a
1071
        0
1071
 84086784
1071
 84086784
1071
        2
1000
AER_KBQ_XT
1071
-1023410174
1000
黄
1000
黄
1000
CONTINUOUS
1071
       -3
1071
        0
1071
        1
1071
        0
1000
详图人防抗爆隔墙实线
  0
XRECORD
  5
29A
102
{ACAD_REACTORS
330
68
102
}
330
68
100
AcDbXrecord
280
     1
1001
a
1071
        0
1071
 84086785
1071
 84086785
1071
        2
1000
AER_KBQ_XT_DASH
1071
-1023410174
1000
黄
1000
黄
1000
DASHED
1071
       -3
1071
        0
1071
        1
1071
        0
1000
详图人防抗爆隔墙虚线
  0
XRECORD
  5
13C
102
{ACAD_REACTORS
330
68
102
}
330
68
100
AcDbXrecord
280
     1
1001
a
1071
        0
1071
 84086786
1071
        0
1071
        1
1000
AER_KBQ_XT_REIND
1071
-1023410175
1000
红
1000
红
1000
CONTINUOUS
1071
       -3
1071
        0
1071
        1
1071
        0
1000
详图人防抗爆隔墙点钢筋
  0
XRECORD
  5
3B7
102
{ACAD_REACTORS
330
68
102
}
330
68
100
AcDbXrecord
280
     1
1001
a
1071
        0
1071
 84086787
1071
     4096
1071
        1
1000
AER_KBQ_XT_REINL
1071
-1023410175
1000
红
1000
红
1000
CONTINUOUS
1071
       -3
1071
        0
1071
        1
1071
        0
1000
详图人防抗爆隔墙线钢筋
  0
XRECORD
  5
250
102
{ACAD_REACTORS
330
68
102
}
330
68
100
AcDbXrecord
280
     1
1001
a
1071
        0
1071
 84086788
1071
     8192
1071
        1
1000
AER_KBQ_XT_TEXT
1071
-1023410169
1000
白
1000
白
1000
CONTINUOUS
1071
       -3
1071
        0
1071
        1
1071
        0
1000
详图人防抗爆隔墙文字
  0
XRECORD
  5
F0
102
{ACAD_REACTORS
330
68
102
}
330
68
100
AcDbXrecord
280
     1
1001
a
1071
        0
1071
 84086789
1071
    12288
1071
        1
1000
AER_KBQ_XT_DIM
1071
-1023410173
1000
绿
1000
绿
1000
CONTINUOUS
1071
       -3
1071
        0
1071
        1
1071
        0
1000
详图人防抗爆隔墙尺寸
  0
XRECORD
  5
36F
102
{ACAD_REACTORS
330
68
102
}
330
68
100
AcDbXrecord
280
     1
1001
a
1071
        0
1071
 84086790
1071
    16384
1071
        1
1000
AER_KBQ_XT_NUM
1071
-1023410169
1000
白
1000
白
1000
CONTINUOUS
1071
       -3
1071
        0
1071
        1
1071
        0
1000
详图人防抗爆隔墙编号
  0
XRECORD
  5
20C
102
{ACAD_REACTORS
330
68
102
}
330
68
100
AcDbXrecord
280
     1
1001
a
1071
        0
1071
 84086791
1071
    20480
1071
        1
1000
AER_KBQ_XT_HATCH
1071
-1023409922
1000
254
1000
254
1000
CONTINUOUS
1071
       -3
1071
        0
1071
        1
1071
        0
1000
详图人防抗爆隔墙填充
  0
XRECORD
  5
13D
102
{ACAD_REACTORS
330
68
102
}
330
68
100
AcDbXrecord
280
     1
1001
a
1071
        0
1071
 84148224
1071
 84148224
1071
        2
1000
AER_MKQ
1071
-1023410174
1000
黄
1000
黄
1000
CONTINUOUS
1071
       -3
1071
        0
1071
        1
1071
        0
1000
平面人防门框墙
  0
XRECORD
  5
3B8
102
{ACAD_REACTORS
330
68
102
}
330
68
100
AcDbXrecord
280
     1
1001
a
1071
        0
1071
 84148225
1071
     8192
1071
        1
1000
AER_MKQ_TEXT
1071
-1023410175
1000
红
1000
红
1000
CONTINUOUS
1071
       -3
1071
        0
1071
        1
1071
        0
1000
平面人防门框墙文字
  0
XRECORD
  5
251
102
{ACAD_REACTORS
330
68
102
}
330
68
100
AcDbXrecord
280
     1
1001
a
1071
        0
1071
 84148226
1071
    12288
1071
        1
1000
AER_MKQ_DIM
1071
-1023410175
1000
红
1000
红
1000
CONTINUOUS
1071
       -3
1071
        0
1071
        1
1071
        0
1000
平面人防门框墙尺寸
  0
XRECORD
  5
F1
102
{ACAD_REACTORS
330
68
102
}
330
68
100
AcDbXrecord
280
     1
1001
a
1071
        0
1071
 84148227
1071
    16384
1071
        1
1000
AER_MKQ_NUM
1071
-1023410175
1000
红
1000
红
1000
CONTINUOUS
1071
       -3
1071
        0
1071
        1
1071
        0
1000
平面人防门框墙编号
  0
XRECORD
  5
370
102
{ACAD_REACTORS
330
68
102
}
330
68
100
AcDbXrecord
280
     1
1001
a
1071
        0
1071
 84148228
1071
    20480
1071
        1
1000
AER_MKQ_HATCH
1071
-1023410175
1000
红
1000
红
1000
CONTINUOUS
1071
       -3
1071
        0
1071
        1
1071
        0
1000
平面人防门框墙填充
  0
XRECORD
  5
29B
102
{ACAD_REACTORS
330
68
102
}
330
68
100
AcDbXrecord
280
     1
1001
a
1071
        0
1071
 84152320
1071
 84152320
1071
        2
1000
AER_MKQ_XT
1071
-1023410174
1000
黄
1000
黄
1000
CONTINUOUS
1071
       -3
1071
        0
1071
        1
1071
        0
1000
详图人防门框墙实线
  0
XRECORD
  5
13E
102
{ACAD_REACTORS
330
68
102
}
330
68
100
AcDbXrecord
280
     1
1001
a
1071
        0
1071
 84152321
1071
 84152321
1071
        2
1000
AER_MKQ_XT_DASH
1071
-1023410174
1000
黄
1000
黄
1000
DASHED
1071
       -3
1071
        0
1071
        1
1071
        0
1000
详图人防门框墙虚线
  0
XRECORD
  5
3B9
102
{ACAD_REACTORS
330
68
102
}
330
68
100
AcDbXrecord
280
     1
1001
a
1071
        0
1071
 84152322
1071
        0
1071
        1
1000
AER_MKQ_XT_REIND
1071
-1023410175
1000
红
1000
红
1000
CONTINUOUS
1071
       -3
1071
        0
1071
        1
1071
        0
1000
详图人防门框墙点钢筋
  0
XRECORD
  5
252
102
{ACAD_REACTORS
330
68
102
}
330
68
100
AcDbXrecord
280
     1
1001
a
1071
        0
1071
 84152323
1071
     4096
1071
        1
1000
AER_MKQ_XT_REINL
1071
-1023410175
1000
红
1000
红
1000
CONTINUOUS
1071
       -3
1071
        0
1071
        1
1071
        0
1000
详图人防门框墙线钢筋
  0
XRECORD
  5
F2
102
{ACAD_REACTORS
330
68
102
}
330
68
100
AcDbXrecord
280
     1
1001
a
1071
        0
1071
 84152324
1071
     8192
1071
        1
1000
AER_MKQ_XT_TEXT
1071
-1023410169
1000
白
1000
白
1000
CONTINUOUS
1071
       -3
1071
        0
1071
        1
1071
        0
1000
详图人防门框墙文字
  0
XRECORD
  5
371
102
{ACAD_REACTORS
330
68
102
}
330
68
100
AcDbXrecord
280
     1
1001
a
1071
        0
1071
 84152325
1071
    12288
1071
        1
1000
AER_MKQ_XT_DIM
1071
-1023410173
1000
绿
1000
绿
1000
CONTINUOUS
1071
       -3
1071
        0
1071
        1
1071
        0
1000
详图人防门框墙尺寸
  0
XRECORD
  5
20D
102
{ACAD_REACTORS
330
68
102
}
330
68
100
AcDbXrecord
280
     1
1001
a
1071
        0
1071
 84152326
1071
    16384
1071
        1
1000
AER_MKQ_XT_NUM
1071
-1023410169
1000
白
1000
白
1000
CONTINUOUS
1071
       -3
1071
        0
1071
        1
1071
        0
1000
详图人防门框墙编号
  0
XRECORD
  5
B3
102
{ACAD_REACTORS
330
68
102
}
330
68
100
AcDbXrecord
280
     1
1001
a
1071
        0
1071
 84152327
1071
    20480
1071
        1
1000
AER_MKQ_XT_HATCH
1071
-1023409922
1000
254
1000
254
1000
CONTINUOUS
1071
       -3
1071
        0
1071
        1
1071
        0
1000
详图人防门框墙填充
  0
XRECORD
  5
1DF
102
{ACAD_REACTORS
330
68
102
}
330
68
100
AcDbXrecord
280
     1
1001
a
1071
        0
1071
 84213760
1071
 84213760
1071
        2
1000
AER_CJQ
1071
-1023410174
1000
黄
1000
黄
1000
CONTINUOUS
1071
       -3
1071
        0
1071
        1
1071
        0
1000
平面人防窗井墙
  0
XRECORD
  5
8D
102
{ACAD_REACTORS
330
68
102
}
330
68
100
AcDbXrecord
280
     1
1001
a
1071
        0
1071
 84213761
1071
     8192
1071
        1
1000
AER_CJQ_TEXT
1071
-1023410169
1000
白
1000
白
1000
CONTINUOUS
1071
       -3
1071
        0
1071
        1
1071
        0
1000
平面人防窗井墙文字
  0
XRECORD
  5
313
102
{ACAD_REACTORS
330
68
102
}
330
68
100
AcDbXrecord
280
     1
1001
a
1071
        0
1071
 84213762
1071
    12288
1071
        1
1000
AER_CJQ_DIM
1071
-1023410173
1000
绿
1000
绿
1000
CONTINUOUS
1071
       -3
1071
        0
1071
        1
1071
        0
1000
平面人防窗井墙尺寸
  0
XRECORD
  5
1B8
102
{ACAD_REACTORS
330
68
102
}
330
68
100
AcDbXrecord
280
     1
1001
a
1071
        0
1071
 84213763
1071
    16384
1071
        1
1000
AER_CJQ_NUM
1071
-1023410169
1000
白
1000
白
1000
CONTINUOUS
1071
       -3
1071
        0
1071
        1
1071
        0
1000
平面人防窗井墙编号
  0
XRECORD
  5
437
102
{ACAD_REACTORS
330
68
102
}
330
68
100
AcDbXrecord
280
     1
1001
a
1071
        0
1071
 84213764
1071
    20480
1071
        1
1000
AER_CJQ_HATCH
1071
-1023409922
1000
254
1000
254
1000
CONTINUOUS
1071
       -3
1071
        0
1071
        1
1071
        0
1000
平面人防窗井墙填充
  0
XRECORD
  5
339
102
{ACAD_REACTORS
330
68
102
}
330
68
100
AcDbXrecord
280
     1
1001
a
1071
        0
1071
 84217856
1071
 84217856
1071
        2
1000
AER_CJQ_XT
1071
-1023410174
1000
黄
1000
黄
1000
CONTINUOUS
1071
       -3
1071
        0
1071
        1
1071
        0
1000
详图人防窗井墙实线
  0
XRECORD
  5
1E0
102
{ACAD_REACTORS
330
68
102
}
330
68
100
AcDbXrecord
280
     1
1001
a
1071
        0
1071
 84217857
1071
 84217857
1071
        2
1000
AER_CJQ_XT_DASH
1071
-1023410174
1000
黄
1000
黄
1000
DASHED
1071
       -3
1071
        0
1071
        1
1071
        0
1000
详图人防窗井墙虚线
  0
XRECORD
  5
8E
102
{ACAD_REACTORS
330
68
102
}
330
68
100
AcDbXrecord
280
     1
1001
a
1071
        0
1071
 84217858
1071
        0
1071
        1
1000
AER_CJQ_XT_REIND
1071
-1023410175
1000
红
1000
红
1000
CONTINUOUS
1071
       -3
1071
        0
1071
        1
1071
        0
1000
详图人防窗井墙点钢筋
  0
XRECORD
  5
314
102
{ACAD_REACTORS
330
68
102
}
330
68
100
AcDbXrecord
280
     1
1001
a
1071
        0
1071
 84217859
1071
     4096
1071
        1
1000
AER_CJQ_XT_REINL
1071
-1023410175
1000
红
1000
红
1000
CONTINUOUS
1071
       -3
1071
        0
1071
        1
1071
        0
1000
详图人防窗井墙线钢筋
  0
XRECORD
  5
1B9
102
{ACAD_REACTORS
330
68
102
}
330
68
100
AcDbXrecord
280
     1
1001
a
1071
        0
1071
 84217860
1071
     8192
1071
        1
1000
AER_CJQ_XT_TEXT
1071
-1023410169
1000
白
1000
白
1000
CONTINUOUS
1071
       -3
1071
        0
1071
        1
1071
        0
1000
详图人防窗井墙文字
  0
XRECORD
  5
438
102
{ACAD_REACTORS
330
68
102
}
330
68
100
AcDbXrecord
280
     1
1001
a
1071
        0
1071
 84217861
1071
    12288
1071
        1
1000
AER_CJQ_XT_DIM
1071
-1023410173
1000
绿
1000
绿
1000
CONTINUOUS
1071
       -3
1071
        0
1071
        1
1071
        0
1000
详图人防窗井墙尺寸
  0
XRECORD
  5
2DB
102
{ACAD_REACTORS
330
68
102
}
330
68
100
AcDbXrecord
280
     1
1001
a
1071
        0
1071
 84217862
1071
    16384
1071
        1
1000
AER_CJQ_XT_NUM
1071
-1023410169
1000
白
1000
白
1000
CONTINUOUS
1071
       -3
1071
        0
1071
        1
1071
        0
1000
详图人防窗井墙编号
  0
XRECORD
  5
17E
102
{ACAD_REACTORS
330
68
102
}
330
68
100
AcDbXrecord
280
     1
1001
a
1071
        0
1071
 84217863
1071
    20480
1071
        1
1000
AER_CJQ_XT_HATCH
1071
-1023409922
1000
254
1000
254
1000
CONTINUOUS
1071
       -3
1071
        0
1071
        1
1071
        0
1000
详图人防窗井墙填充
  0
XRECORD
  5
2CF
102
{ACAD_REACTORS
330
68
102
}
330
68
100
AcDbXrecord
280
     1
1001
a
1071
        0
1071
   851968
1071
   851968
1071
        2
1000
SLID_PM
1071
-1023410173
1000
绿
1000
绿
1000
CONTINUOUS
1071
        0
1071
        0
1071
        1
1071
        0
1000
滑轨
  0
XRECORD
  5
174
102
{ACAD_REACTORS
330
68
102
}
330
68
100
AcDbXrecord
280
     1
1001
a
1071
        0
1071
   851969
1071
   851969
1071
        2
1000
SLID_PM_DASH
1071
-1023410173
1000
绿
1000
绿
1000
DASHED
1071
        0
1071
        0
1071
        1
1071
        0
1000
滑轨虚线
  0
XRECORD
  5
3F3
102
{ACAD_REACTORS
330
68
102
}
330
68
100
AcDbXrecord
280
     1
1001
a
1071
        0
1071
   851970
1071
        0
1071
        1
1000
SLID_PM_REIND
1071
-1023410175
1000
红
1000
红
1000
CONTINUOUS
1071
        0
1071
        0
1071
        1
1071
        0
1000
滑轨点钢筋
  0
XRECORD
  5
28C
102
{ACAD_REACTORS
330
68
102
}
330
68
100
AcDbXrecord
280
     1
1001
a
1071
        0
1071
   851971
1071
     4096
1071
        1
1000
SLID_PM_REINL
1071
-1023410175
1000
红
1000
红
1000
CONTINUOUS
1071
        0
1071
        0
1071
        1
1071
        0
1000
滑轨线钢筋
  0
XRECORD
  5
12C
102
{ACAD_REACTORS
330
68
102
}
330
68
100
AcDbXrecord
280
     1
1001
a
1071
        0
1071
   851972
1071
     8192
1071
        1
1000
SLID_PM_TEXT
1071
-1023410169
1000
白
1000
白
1000
CONTINUOUS
1071
        0
1071
        0
1071
        1
1071
        0
1000
滑轨文字
  0
XRECORD
  5
3A7
102
{ACAD_REACTORS
330
68
102
}
330
68
100
AcDbXrecord
280
     1
1001
a
1071
        0
1071
   851973
1071
    12288
1071
        1
1000
SLID_PM_DIM
1071
-1023410173
1000
绿
1000
绿
1000
CONTINUOUS
1071
        0
1071
        0
1071
        1
1071
        0
1000
滑轨尺寸
  0
XRECORD
  5
240
102
{ACAD_REACTORS
330
68
102
}
330
68
100
AcDbXrecord
280
     1
1001
a
1071
        0
1071
   851974
1071
    16384
1071
        1
1000
SLID_PM_NUM
1071
-1023410169
1000
白
1000
白
1000
CONTINUOUS
1071
        0
1071
        0
1071
        1
1071
        0
1000
滑轨编号
  0
XRECORD
  5
488
102
{ACAD_REACTORS
330
485
102
}
330
485
100
AcDbXrecord
280
     1
1001
a
1071
        1
1071
    24576
1000
RnDim
1000
3.5
1000
钢筋号圆圈直径
  0
XRECORD
  5
494
102
{ACAD_REACTORS
330
485
102
}
330
485
100
AcDbXrecord
280
     1
1001
a
1071
        1
1071
    24577
1000
RnText
1000
3.0
1000
钢筋号文字高度
  0
XRECORD
  5
48E
102
{ACAD_REACTORS
330
485
102
}
330
485
100
AcDbXrecord
280
     1
1001
a
1071
        1
1071
    24578
1000
AxDim
1000
10
1000
轴号圆圈直径
  0
XRECORD
  5
487
102
{ACAD_REACTORS
330
485
102
}
330
485
100
AcDbXrecord
280
     1
1001
a
1071
        1
1071
    24579
1000
AxText
1000
6
1000
轴号文字高度
  0
XRECORD
  5
493
102
{ACAD_REACTORS
330
485
102
}
330
485
100
AcDbXrecord
280
     1
1001
a
1071
        1
1071
    24580
1000
BordDim
1000
8
1000
板号圆圈直径
  0
XRECORD
  5
48D
102
{ACAD_REACTORS
330
485
102
}
330
485
100
AcDbXrecord
280
     1
1001
a
1071
        1
1071
    24581
1000
BordText
1000
6
1000
板号文字高度
  0
XRECORD
  5
486
102
{ACAD_REACTORS
330
485
102
}
330
485
100
AcDbXrecord
280
     1
1001
a
1071
        1
1071
    24582
1000
IdxDim
1000
10
1000
索引号圆圈直径
  0
XRECORD
  5
492
102
{ACAD_REACTORS
330
485
102
}
330
485
100
AcDbXrecord
280
     1
1001
a
1071
        1
1071
    24583
1000
IdxText
1000
4
1000
索引号文字高度
  0
XRECORD
  5
48C
102
{ACAD_REACTORS
330
485
102
}
330
485
100
AcDbXrecord
280
     1
1001
a
1071
        1
1071
    24584
1000
Idx1Dim
1000
10
1000
索引号1圆圈直径
  0
XRECORD
  5
497
102
{ACAD_REACTORS
330
485
102
}
330
485
100
AcDbXrecord
280
     1
1001
a
1071
        1
1071
    24585
1000
Idx1Text
1000
6
1000
索引号1文字高度
  0
XRECORD
  5
491
102
{ACAD_REACTORS
330
485
102
}
330
485
100
AcDbXrecord
280
     1
1001
a
1071
        1
1071
    24586
1000
Idx2Dim
1000
12
1000
索引号2圆圈直径
  0
XRECORD
  5
48B
102
{ACAD_REACTORS
330
485
102
}
330
485
100
AcDbXrecord
280
     1
1001
a
1071
        1
1071
    24587
1000
Idx2Text
1000
6
1000
索引号2文字高度
  0
XRECORD
  5
496
102
{ACAD_REACTORS
330
485
102
}
330
485
100
AcDbXrecord
280
     1
1001
a
1071
        1
1071
    24588
1000
Idx3Dim
1000
12
1000
索引号3圆圈直径
  0
XRECORD
  5
490
102
{ACAD_REACTORS
330
485
102
}
330
485
100
AcDbXrecord
280
     1
1001
a
1071
        1
1071
    24589
1000
Idx3Text
1000
4
1000
索引号3文字高度
  0
XRECORD
  5
48A
102
{ACAD_REACTORS
330
485
102
}
330
485
100
AcDbXrecord
280
     1
1001
a
1071
        1
1071
    24590
1000
Idx4Dim
1000
12
1000
索引号4圆圈直径
  0
XRECORD
  5
495
102
{ACAD_REACTORS
330
485
102
}
330
485
100
AcDbXrecord
280
     1
1001
a
1071
        1
1071
    24591
1000
Idx4Text
1000
4
1000
索引号4文字高度
  0
XRECORD
  5
48F
102
{ACAD_REACTORS
330
485
102
}
330
485
100
AcDbXrecord
280
     1
1001
a
1071
        1
1071
    24592
1000
StlCdDim
1000
5
1000
钢结构构件编号圆圈直径
  0
XRECORD
  5
489
102
{ACAD_REACTORS
330
485
102
}
330
485
100
AcDbXrecord
280
     1
1001
a
1071
        1
1071
    24593
1000
StlCdText
1000
3
1000
钢结构构件编号文字高度
  0
XRECORD
  5
456
102
{ACAD_REACTORS
330
453
102
}
330
453
100
AcDbXrecord
280
     1
1001
a
1071
        1
1071
    12288
1000
Mfix
1000
50.0
1000
多跨负筋取整
  0
XRECORD
  5
467
102
{ACAD_REACTORS
330
453
102
}
330
453
100
AcDbXrecord
280
     1
1001
a
1071
        1
1071
    12289
1000
Mlen
1000
1.0
1000
多跨负筋长度
  0
XRECORD
  5
45E
102
{ACAD_REACTORS
330
453
102
}
330
453
100
AcDbXrecord
280
     1
1001
a
1071
        1
1071
    12290
1000
Link
1000
0
1000
钢筋间距符号
  0
XRECORD
  5
454
102
{ACAD_REACTORS
330
453
102
}
330
453
100
AcDbXrecord
280
     1
1001
a
1071
        1
1071
    12291
1000
Flex
1000
0
1000
二级钢弯钩形式
  0
XRECORD
  5
465
102
{ACAD_REACTORS
330
453
102
}
330
453
100
AcDbXrecord
280
     1
1001
a
1071
        1
1071
    12292
1000
Limit
1000
1.0
1000
负筋界限位置
  0
XRECORD
  5
45C
102
{ACAD_REACTORS
330
453
102
}
330
453
100
AcDbXrecord
280
     1
1001
a
1071
        1
1071
    12293
1000
DimF
1000
1.0
1000
负筋尺寸位置
  0
XRECORD
  5
46C
102
{ACAD_REACTORS
330
453
102
}
330
453
100
AcDbXrecord
280
     1
1001
a
1071
        1
1071
    12294
1000
Linlen
1000
1.5
1000
直斜钩长
  0
XRECORD
  5
463
102
{ACAD_REACTORS
330
453
102
}
330
453
100
AcDbXrecord
280
     1
1001
a
1071
        1
1071
    12295
1000
Cirlen
1000
1.2
1000
圆钩长度
  0
XRECORD
  5
45A
102
{ACAD_REACTORS
330
453
102
}
330
453
100
AcDbXrecord
280
     1
1001
a
1071
        1
1071
    12296
1000
Cirrad
1000
0.5
1000
圆钩半径
  0
XRECORD
  5
46B
102
{ACAD_REACTORS
330
453
102
}
330
453
100
AcDbXrecord
280
     1
1001
a
1071
        1
1071
    12297
1000
Dotdia
1000
1.0
1000
点筋直径
  0
XRECORD
  5
462
102
{ACAD_REACTORS
330
453
102
}
330
453
100
AcDbXrecord
280
     1
1001
a
1071
        1
1071
    12298
1000
Prothk
1000
0.5
1000
保护层厚
  0
XRECORD
  5
459
102
{ACAD_REACTORS
330
453
102
}
330
453
100
AcDbXrecord
280
     1
1001
a
1071
        1
1071
    12299
1000
MainWide
1000
0.6
1000
主筋宽度
  0
XRECORD
  5
46A
102
{ACAD_REACTORS
330
453
102
}
330
453
100
AcDbXrecord
280
     1
1001
a
1071
        1
1071
    12300
1000
HoopWide
1000
0.3
1000
箍筋宽度
  0
XRECORD
  5
461
102
{ACAD_REACTORS
330
453
102
}
330
453
100
AcDbXrecord
280
     1
1001
a
1071
        1
1071
    12301
1000
BoardWide
1000
0.3
1000
板筋宽度
  0
XRECORD
  5
458
102
{ACAD_REACTORS
330
453
102
}
330
453
100
AcDbXrecord
280
     1
1001
a
1071
        1
1071
    12302
1000
LeaderStyle
1000
0
1000
标注引出线样式
  0
XRECORD
  5
469
102
{ACAD_REACTORS
330
453
102
}
330
453
100
AcDbXrecord
280
     1
1001
a
1071
        1
1071
    12303
1000
PsRenDmSyl
1000
0
1000
负筋标注样式
  0
XRECORD
  5
460
102
{ACAD_REACTORS
330
453
102
}
330
453
100
AcDbXrecord
280
     1
1001
a
1071
        1
1071
    12304
1000
BdRenDmSyl
1000
1
1000
板钢筋标注方式
  0
XRECORD
  5
457
102
{ACAD_REACTORS
330
453
102
}
330
453
100
AcDbXrecord
280
     1
1001
a
1071
        1
1071
    12305
1000
BdRenCltSt
1000
1
1000
取板边短向长度为计算长度
  0
XRECORD
  5
468
102
{ACAD_REACTORS
330
453
102
}
330
453
100
AcDbXrecord
280
     1
1001
a
1071
        1
1071
    12306
1000
BdRenMaxSd
1000
1
1000
取两边长度较大值
  0
XRECORD
  5
45F
102
{ACAD_REACTORS
330
453
102
}
330
453
100
AcDbXrecord
280
     1
1001
a
1071
        1
1071
    12307
1000
BdReinCode
1000
0
1000
楼板钢筋编号
  0
XRECORD
  5
455
102
{ACAD_REACTORS
330
453
102
}
330
453
100
AcDbXrecord
280
     1
1001
a
1071
        1
1071
    12308
1000
BdNegReinCode
1000
0
1000
楼板仅负筋编号
  0
XRECORD
  5
466
102
{ACAD_REACTORS
330
453
102
}
330
453
100
AcDbXrecord
280
     1
1001
a
1071
        1
1071
    12309
1000
BdTextDistRoteT
1000
0.3
1000
钢筋上文字距离系数
  0
XRECORD
  5
45D
102
{ACAD_REACTORS
330
453
102
}
330
453
100
AcDbXrecord
280
     1
1001
a
1071
        1
1071
    12310
1000
BdTextDistRoteB
1000
0.3
1000
钢筋下文字距离系数
  0
XRECORD
  5
46D
102
{ACAD_REACTORS
330
453
102
}
330
453
100
AcDbXrecord
280
     1
1001
a
1071
        1
1071
    12311
1000
BdTextDistReam
1000
0.5
1000
钢筋文字到梁边距离
  0
XRECORD
  5
464
102
{ACAD_REACTORS
330
453
102
}
330
453
100
AcDbXrecord
280
     1
1001
a
1071
        1
1071
    12312
1000
BdNReinAutoLT
1000
1
1000
负筋自动拉通方式
  0
XRECORD
  5
45B
102
{ACAD_REACTORS
330
453
102
}
330
453
100
AcDbXrecord
280
     1
1001
a
1071
        1
1071
    12313
1000
BdNReinLTDist
1000
200
1000
负筋自动拉通界限
  0
XRECORD
  5
44F
102
{ACAD_REACTORS
330
44C
102
}
330
44C
100
AcDbXrecord
280
     1
1001
a
1071
        1
1071
     4096
1000
Draw
1000
100
1000
绘图比例
  0
XRECORD
  5
44D
102
{ACAD_REACTORS
330
44C
102
}
330
44C
100
AcDbXrecord
280
     1
1001
a
1071
        1
1071
     4097
1000
Out
1000
100
1000
出图比例
  0
XRECORD
  5
451
102
{ACAD_REACTORS
330
44C
102
}
330
44C
100
AcDbXrecord
280
     1
1001
a
1071
        1
1071
     4098
1000
IfDraw
1000
0
1000
按1:1绘图
  0
XRECORD
  5
44E
102
{ACAD_REACTORS
330
44C
102
}
330
44C
100
AcDbXrecord
280
     1
1001
a
1071
        1
1071
     4099
1000
LtScale
1000
1000
1000
线型比例
  0
XRECORD
  5
452
102
{ACAD_REACTORS
330
44C
102
}
330
44C
100
AcDbXrecord
280
     1
1001
a
1071
        1
1071
     4100
1000
LtAccording
1000
1
1000
线比随出比变化
  0
XRECORD
  5
450
102
{ACAD_REACTORS
330
44C
102
}
330
44C
100
AcDbXrecord
280
     1
1001
a
1071
        1
1071
     4101
1000
LTAValue
1000
10
1000
线比随出比变化值
  0
XRECORD
  5
44A
102
{ACAD_REACTORS
330
444
102
}
330
444
100
AcDbXrecord
280
     1
1001
a
1071
        0
1071
     8192
1000
TSSD_Norm
1000
Tssdeng.shx
1000
hztxt.shx
1040
5.0
1040
1.0
1000
通用文字
  0
XRECORD
  5
447
102
{ACAD_REACTORS
330
444
102
}
330
444
100
AcDbXrecord
280
     1
1001
a
1071
        0
1071
     8193
1000
TSSD_Dimension
1000
Tssdeng.shx
1000
hztxt.shx
1040
3.5
1040
0.7
1000
标注文字
  0
XRECORD
  5
445
102
{ACAD_REACTORS
330
444
102
}
330
444
100
AcDbXrecord
280
     1
1001
a
1071
        0
1071
     8194
1000
TSSD_Label
1000
Tssdeng.shx
1000
hztxt.shx
1040
2.5
1040
0.7
1000
标号文字
  0
XRECORD
  5
449
102
{ACAD_REACTORS
330
444
102
}
330
444
100
AcDbXrecord
280
     1
1001
a
1071
        0
1071
     8195
1000
TSSD_Rein
1000
Tssdeng.shx
1000
hztxt.shx
1040
2.5
1040
0.7
1000
钢筋文字
  0
XRECORD
  5
446
102
{ACAD_REACTORS
330
444
102
}
330
444
100
AcDbXrecord
280
     1
1001
a
1071
        0
1071
     8196
1000
TSSD_Axis
1000
Complex.shx
1000
hztxt.shx
1040
3.5
1040
0.7
1000
轴号文字
  0
XRECORD
  5
44B
102
{ACAD_REACTORS
330
444
102
}
330
444
100
AcDbXrecord
280
     1
1001
a
1071
        0
1071
     8197
1000
TSSD_Num
1000
Tssdeng.shx
1000
hztxt.shx
1040
3.5
1040
0.7
1000
编号文字
  0
XRECORD
  5
448
102
{ACAD_REACTORS
330
444
102
}
330
444
100
AcDbXrecord
280
     1
1001
a
1071
        0
1071
     8198
1000
TSSD_Bold
1000
Tssdeng2.shx
1000
china.shx
1040
4.5
1040
0.7
1000
粗体文字
  0
LAYOUT
  5
1E
330
D
100
AcDbPlotSettings
  1

  2
none_device
  4
A3
  6

 40
7.5
 41
20.0
 42
7.5
 43
20.0
 44
420.0
 45
297.0
 46
0.0
 47
0.0
 48
0.0
 49
0.0
140
0.0
141
0.0
142
1.0
143
1.0
 70
     0
 72
     1
 73
     0
 74
     5
  7

 75
    16
 76
     0
 77
     2
 78
   300
147
1.0
148
0.0
149
0.0
100
AcDbLayout
  1
Layout1
 70
     1
 71
     1
 10
0.0
 20
0.0
 11
420.0
 21
297.0
 12
0.0
 22
0.0
 32
0.0
 14
1.000000000000000E+20
 24
1.000000000000000E+20
 34
1.000000000000000E+20
 15
-1.000000000000000E+20
 25
-1.000000000000000E+20
 35
-1.000000000000000E+20
146
0.0
 13
0.0
 23
0.0
 33
0.0
 16
1.0
 26
0.0
 36
0.0
 17
0.0
 27
1.0
 37
0.0
 76
     1
330
1B
  0
LAYOUT
  5
1A
330
D
100
AcDbPlotSettings
  1

  2
none_device
  4
A3
  6

 40
7.5
 41
20.0
 42
7.5
 43
20.0
 44
420.0
 45
297.0
 46
0.0
 47
0.0
 48
0.0
 49
0.0
140
0.0
141
0.0
142
1.0
143
1.0
 70
  1024
 72
     1
 73
     0
 74
     5
  7

 75
    16
 76
     0
 77
     2
 78
   300
147
1.0
148
0.0
149
0.0
100
AcDbLayout
  1
Model
 70
     1
 71
     0
 10
0.0
 20
0.0
 11
420.0
 21
297.0
 12
0.0
 22
0.0
 32
0.0
 14
1.000000000000000E+20
 24
1.000000000000000E+20
 34
1.000000000000000E+20
 15
-1.000000000000000E+20
 25
-1.000000000000000E+20
 35
-1.000000000000000E+20
146
0.0
 13
0.0
 23
0.0
 33
0.0
 16
1.0
 26
0.0
 36
0.0
 17
0.0
 27
1.0
 37
0.0
 76
     1
330
17
331
23
  0
MATERIAL
  5
1F
102
{ACAD_REACTORS
330
E
102
}
330
E
100
AcDbMaterial
  1
ByBlock
 71
     1
 91
-1023410177
273
     1
 94
       63
  0
MATERIAL
  5
20
102
{ACAD_REACTORS
330
E
102
}
330
E
100
AcDbMaterial
  1
ByLayer
 71
     1
 91
-1023410177
273
     1
 94
       63
  0
MATERIAL
  5
21
102
{ACAD_REACTORS
330
E
102
}
330
E
100
AcDbMaterial
  1
Global
 71
     1
 91
-1023410177
273
     1
 94
       63
  0
MLEADERSTYLE
  5
2C
102
{ACAD_REACTORS
330
F
102
}
330
F
100
AcDbMLeaderStyle
179
     2
170
     2
171
     1
172
     0
 90
        2
 40
0.0
 41
0.0
173
     1
 91
-1056964608
340
0
 92
       -2
290
     1
 42
2.0
291
     1
 43
8.0
  3
Standard
 44
4.0
300

342
29
174
     1
178
     1
175
     1
176
     0
 93
-1056964608
 45
4.0
292
     0
297
     0
 46
4.0
 94
-1056964608
 47
1.0
 49
1.0
140
1.0
293
     1
141
0.0
294
     1
177
     0
142
1.0
295
     0
296
     0
143
3.75
271
     0
272
     9
273
     9
298
     0
  0
MLINESTYLE
  5
22
102
{ACAD_REACTORS
330
10
102
}
330
10
100
AcDbMlineStyle
  2
Standard
 70
     0
  3

 62
   256
 51
90.0
 52
90.0
 71
     2
 49
0.5
 62
   256
  6
BYLAYER
 49
-0.5
 62
   256
  6
BYLAYER
  0
ACDBPLACEHOLDER
  5
13
330
12
  0
SCALE
  5
50
102
{ACAD_REACTORS
330
14
102
}
330
14
100
AcDbScale
 70
     0
300
1:1
140
1.0
141
1.0
290
     1
  0
SCALE
  5
51
102
{ACAD_REACTORS
330
14
102
}
330
14
100
AcDbScale
 70
     0
300
1:2
140
1.0
141
2.0
290
     0
  0
SCALE
  5
52
102
{ACAD_REACTORS
330
14
102
}
330
14
100
AcDbScale
 70
     0
300
1:4
140
1.0
141
4.0
290
     0
  0
SCALE
  5
53
102
{ACAD_REACTORS
330
14
102
}
330
14
100
AcDbScale
 70
     0
300
1:5
140
1.0
141
5.0
290
     0
  0
SCALE
  5
54
102
{ACAD_REACTORS
330
14
102
}
330
14
100
AcDbScale
 70
     0
300
1:8
140
1.0
141
8.0
290
     0
  0
SCALE
  5
55
102
{ACAD_REACTORS
330
14
102
}
330
14
100
AcDbScale
 70
     0
300
1:10
140
1.0
141
10.0
290
     0
  0
SCALE
  5
56
102
{ACAD_REACTORS
330
14
102
}
330
14
100
AcDbScale
 70
     0
300
1:16
140
1.0
141
16.0
290
     0
  0
SCALE
  5
57
102
{ACAD_REACTORS
330
14
102
}
330
14
100
AcDbScale
 70
     0
300
1:20
140
1.0
141
20.0
290
     0
  0
SCALE
  5
58
102
{ACAD_REACTORS
330
14
102
}
330
14
100
AcDbScale
 70
     0
300
1:30
140
1.0
141
30.0
290
     0
  0
SCALE
  5
59
102
{ACAD_REACTORS
330
14
102
}
330
14
100
AcDbScale
 70
     0
300
1:40
140
1.0
141
40.0
290
     0
  0
SCALE
  5
5A
102
{ACAD_REACTORS
330
14
102
}
330
14
100
AcDbScale
 70
     0
300
1:50
140
1.0
141
50.0
290
     0
  0
SCALE
  5
5B
102
{ACAD_REACTORS
330
14
102
}
330
14
100
AcDbScale
 70
     0
300
1:100
140
1.0
141
100.0
290
     0
  0
SCALE
  5
5C
102
{ACAD_REACTORS
330
14
102
}
330
14
100
AcDbScale
 70
     0
300
2:1
140
2.0
141
1.0
290
     0
  0
SCALE
  5
5D
102
{ACAD_REACTORS
330
14
102
}
330
14
100
AcDbScale
 70
     0
300
4:1
140
4.0
141
1.0
290
     0
  0
SCALE
  5
5E
102
{ACAD_REACTORS
330
14
102
}
330
14
100
AcDbScale
 70
     0
300
8:1
140
8.0
141
1.0
290
     0
  0
SCALE
  5
5F
102
{ACAD_REACTORS
330
14
102
}
330
14
100
AcDbScale
 70
     0
300
10:1
140
10.0
141
1.0
290
     0
  0
SCALE
  5
60
102
{ACAD_REACTORS
330
14
102
}
330
14
100
AcDbScale
 70
     0
300
100:1
140
100.0
141
1.0
290
     0
  0
TABLESTYLE
  5
4E
102
{ACAD_XDICTIONARY
360
570
102
}
102
{ACAD_REACTORS
330
15
102
}
330
15
100
AcDbTableStyle
280
     0
  3
Standard
 70
     0
 71
     0
 40
1.5
 41
1.5
280
     0
281
     0
  7
Standard
140
4.5
170
     2
 62
   256
 63
     7
283
     0
 90
      512
 91
        0
  1

274
    -2
284
     1
 64
     0
275
    -2
285
     1
 65
     0
276
    -2
286
     1
 66
     0
277
    -2
287
     1
 67
     0
278
    -2
288
     1
 68
     0
279
    -2
289
     1
 69
     0
  7
Standard
140
6.0
170
     5
 62
   256
 63
     7
283
     0
 90
      512
 91
        0
  1

274
    -2
284
     1
 64
     0
275
    -2
285
     1
 65
     0
276
    -2
286
     1
 66
     0
277
    -2
287
     1
 67
     0
278
    -2
288
     1
 68
     0
279
    -2
289
     1
 69
     0
  7
Standard
140
4.5
170
     5
 62
   256
 63
     7
283
     0
 90
      512
 91
        0
  1

274
    -2
284
     1
 64
     0
275
    -2
285
     1
 65
     0
276
    -2
286
     1
 66
     0
277
    -2
287
     1
 67
     0
278
    -2
288
     1
 68
     0
279
    -2
289
     1
 69
     0
  0
VISUALSTYLE
  5
3A
102
{ACAD_REACTORS
330
16
102
}
330
16
100
AcDbVisualStyle
  2
2dWireframe
 70
     4
177
     3
291
     0
 70
    58
 90
        0
176
     1
 90
        2
176
     1
 90
        0
176
     1
 90
        0
176
     1
 40
0.6
176
     1
 40
30.0
176
     1
 62
     7
420
 16777215
176
     1
 90
        1
176
     1
 90
        4
176
     1
 62
     7
176
     1
 62
   257
176
     1
 90
        1
176
     1
 90
        1
176
     1
 40
1.0
176
     1
 90
        0
176
     1
 62
   257
176
     1
 40
1.0
176
     1
 90
        1
176
     1
 90
        6
176
     1
 90
        2
176
     1
 62
     7
176
     1
 90
        5
176
     1
 90
        0
176
     1
 90
        0
176
     1
290
     0
176
     1
 90
        1
176
     1
 40
0.0
176
     1
 90
        0
176
     1
290
     1
176
     1
290
     1
176
     1
290
     0
176
     1
290
     0
176
     1
290
     0
176
     1
290
     0
176
     1
290
     0
176
     1
290
     0
176
     1
290
     0
176
     1
 90
       50
176
     1
 40
0.0
176
     1
 40
1.0
176
     1
 90
        0
176
     1
 62
    18
420
        0
176
     1
 90
       50
176
     1
 90
        3
176
     1
 62
     5
420
      255
176
     1
290
     0
176
     1
 90
       50
176
     1
 90
       50
176
     1
 90
       50
176
     1
290
     0
176
     1
 90
       50
176
     1
 62
   256
176
     0
 40
1.0
176
     0
 90
        2
176
     1
  1
strokes_ogs.tif
176
     1
290
     0
176
     1
 40
1.0
176
     1
 40
1.0
176
     1
  0
VISUALSTYLE
  5
3D
102
{ACAD_REACTORS
330
16
102
}
330
16
100
AcDbVisualStyle
  2
Basic
 70
     7
177
     3
291
     1
 70
    58
 90
        1
176
     1
 90
        0
176
     1
 90
        1
176
     1
 90
        0
176
     1
 40
0.6
176
     1
 40
30.0
176
     1
 62
     7
420
 16777215
176
     1
 90
        0
176
     1
 90
        4
176
     1
 62
     7
176
     1
 62
   257
176
     1
 90
        1
176
     1
 90
        1
176
     1
 40
1.0
176
     1
 90
        8
176
     1
 62
     7
176
     1
 40
1.0
176
     1
 90
        1
176
     1
 90
        6
176
     1
 90
        2
176
     1
 62
     7
176
     1
 90
        5
176
     1
 90
        0
176
     1
 90
        0
176
     1
290
     0
176
     1
 90
        1
176
     1
 40
0.0
176
     1
 90
        0
176
     1
290
     0
176
     1
290
     1
176
     1
290
     1
176
     1
290
     0
176
     1
290
     0
176
     1
290
     0
176
     1
290
     0
176
     1
290
     0
176
     1
290
     0
176
     1
 90
       50
176
     1
 40
0.0
176
     1
 40
1.0
176
     1
 90
        0
176
     1
 62
    18
420
        0
176
     1
 90
       50
176
     1
 90
        3
176
     1
 62
     5
420
      255
176
     1
290
     0
176
     1
 90
       50
176
     1
 90
       50
176
     1
 90
       50
176
     1
290
     0
176
     1
 90
       50
176
     1
 62
   256
176
     0
 40
1.0
176
     0
 90
        2
176
     1
  1
strokes_ogs.tif
176
     1
290
     0
176
     1
 40
1.0
176
     1
 40
1.0
176
     1
  0
VISUALSTYLE
  5
41
102
{ACAD_REACTORS
330
16
102
}
330
16
100
AcDbVisualStyle
  2
Brighten
 70
    12
177
     3
291
     1
 70
    58
 90
        2
176
     1
 90
        2
176
     1
 90
        0
176
     1
 90
        0
176
     1
 40
0.6
176
     1
 40
30.0
176
     1
 62
     7
420
 16777215
176
     1
 90
        1
176
     1
 90
        4
176
     1
 62
     7
176
     1
 62
   257
176
     1
 90
        1
176
     1
 90
        1
176
     1
 40
1.0
176
     1
 90
        8
176
     1
 62
     7
176
     1
 40
1.0
176
     1
 90
        1
176
     1
 90
        6
176
     1
 90
        2
176
     1
 62
     7
176
     1
 90
        5
176
     1
 90
        0
176
     1
 90
        0
176
     1
290
     0
176
     1
 90
        1
176
     1
 40
50.0
176
     1
 90
        0
176
     1
290
     0
176
     1
290
     1
176
     1
290
     1
176
     1
290
     0
176
     1
290
     0
176
     1
290
     0
176
     1
290
     0
176
     1
290
     0
176
     1
290
     0
176
     1
 90
       50
176
     1
 40
0.0
176
     1
 40
1.0
176
     1
 90
        0
176
     1
 62
    18
420
        0
176
     1
 90
       50
176
     1
 90
        3
176
     1
 62
     5
420
      255
176
     1
290
     0
176
     1
 90
       50
176
     1
 90
       50
176
     1
 90
       50
176
     1
290
     0
176
     1
 90
       50
176
     1
 62
   256
176
     0
 40
1.0
176
     0
 90
        2
176
     1
  1
strokes_ogs.tif
176
     1
290
     0
176
     1
 40
1.0
176
     1
 40
1.0
176
     1
  0
VISUALSTYLE
  5
45
102
{ACAD_REACTORS
330
16
102
}
330
16
100
AcDbVisualStyle
  2
ColorChange
 70
    16
177
     3
291
     1
 70
    58
 90
        2
176
     1
 90
        2
176
     1
 90
        3
176
     1
 90
        0
176
     1
 40
0.6
176
     1
 40
30.0
176
     1
 62
     8
420
  8421504
176
     1
 90
        1
176
     1
 90
        4
176
     1
 62
     7
176
     1
 62
   257
176
     1
 90
        1
176
     1
 90
        1
176
     1
 40
1.0
176
     1
 90
        8
176
     1
 62
     8
420
  8421504
176
     1
 40
1.0
176
     1
 90
        1
176
     1
 90
        6
176
     1
 90
        2
176
     1
 62
     7
176
     1
 90
        5
176
     1
 90
        0
176
     1
 90
        0
176
     1
290
     0
176
     1
 90
        1
176
     1
 40
0.0
176
     1
 90
        0
176
     1
290
     0
176
     1
290
     1
176
     1
290
     1
176
     1
290
     0
176
     1
290
     0
176
     1
290
     0
176
     1
290
     0
176
     1
290
     0
176
     1
290
     0
176
     1
 90
       50
176
     1
 40
0.0
176
     1
 40
1.0
176
     1
 90
        0
176
     1
 62
    18
420
        0
176
     1
 90
       50
176
     1
 90
        3
176
     1
 62
     5
420
      255
176
     1
290
     0
176
     1
 90
       50
176
     1
 90
       50
176
     1
 90
       50
176
     1
290
     0
176
     1
 90
       50
176
     1
 62
   256
176
     0
 40
1.0
176
     0
 90
        2
176
     1
  1
strokes_ogs.tif
176
     1
290
     0
176
     1
 40
1.0
176
     1
 40
1.0
176
     1
  0
VISUALSTYLE
  5
3F
102
{ACAD_REACTORS
330
16
102
}
330
16
100
AcDbVisualStyle
  2
Conceptual
 70
     9
177
     3
291
     0
 70
    58
 90
        3
176
     1
 90
        2
176
     1
 90
        0
176
     1
 90
        0
176
     1
 40
0.6
176
     1
 40
30.0
176
     1
 62
     7
420
 16777215
176
     1
 90
        2
176
     1
 90
        2
176
     1
 62
     7
176
     1
 62
   257
176
     1
 90
        1
176
     1
 90
        1
176
     1
 40
179.0
176
     1
 90
        8
176
     1
 62
     7
176
     1
 40
1.0
176
     1
 90
        1
176
     1
 90
        6
176
     1
 90
        2
176
     1
 62
     7
176
     1
 90
        3
176
     1
 90
        0
176
     1
 90
        0
176
     1
290
     0
176
     1
 90
        1
176
     1
 40
0.0
176
     1
 90
        0
176
     1
290
     0
176
     1
290
     1
176
     1
290
     1
176
     1
290
     0
176
     1
290
     0
176
     1
290
     0
176
     1
290
     0
176
     1
290
     0
176
     1
290
     0
176
     1
 90
       50
176
     1
 40
0.0
176
     1
 40
1.0
176
     1
 90
        0
176
     1
 62
    18
420
        0
176
     1
 90
       50
176
     1
 90
        3
176
     1
 62
     5
420
      255
176
     1
290
     0
176
     1
 90
       50
176
     1
 90
       50
176
     1
 90
       50
176
     1
290
     0
176
     1
 90
       50
176
     1
 62
   256
176
     0
 40
1.0
176
     0
 90
        2
176
     1
  1
strokes_ogs.tif
176
     1
290
     0
176
     1
 40
1.0
176
     1
 40
1.0
176
     1
  0
VISUALSTYLE
  5
40
102
{ACAD_REACTORS
330
16
102
}
330
16
100
AcDbVisualStyle
  2
Dim
 70
    11
177
     3
291
     1
 70
    58
 90
        2
176
     1
 90
        2
176
     1
 90
        0
176
     1
 90
        0
176
     1
 40
0.6
176
     1
 40
30.0
176
     1
 62
     7
420
 16777215
176
     1
 90
        1
176
     1
 90
        4
176
     1
 62
     7
176
     1
 62
   257
176
     1
 90
        1
176
     1
 90
        1
176
     1
 40
1.0
176
     1
 90
        8
176
     1
 62
     7
176
     1
 40
1.0
176
     1
 90
        1
176
     1
 90
        6
176
     1
 90
        2
176
     1
 62
     7
176
     1
 90
        5
176
     1
 90
        0
176
     1
 90
        0
176
     1
290
     0
176
     1
 90
        1
176
     1
 40
-50.0
176
     1
 90
        0
176
     1
290
     0
176
     1
290
     1
176
     1
290
     1
176
     1
290
     0
176
     1
290
     0
176
     1
290
     0
176
     1
290
     0
176
     1
290
     0
176
     1
290
     0
176
     1
 90
       50
176
     1
 40
0.0
176
     1
 40
1.0
176
     1
 90
        0
176
     1
 62
    18
420
        0
176
     1
 90
       50
176
     1
 90
        3
176
     1
 62
     5
420
      255
176
     1
290
     0
176
     1
 90
       50
176
     1
 90
       50
176
     1
 90
       50
176
     1
290
     0
176
     1
 90
       50
176
     1
 62
   256
176
     0
 40
1.0
176
     0
 90
        2
176
     1
  1
strokes_ogs.tif
176
     1
290
     0
176
     1
 40
1.0
176
     1
 40
1.0
176
     1
  0
VISUALSTYLE
  5
48
102
{ACAD_REACTORS
330
16
102
}
330
16
100
AcDbVisualStyle
  2
EdgeColorOff
 70
    22
177
     3
291
     1
 70
    58
 90
        2
176
     0
 90
        2
176
     0
 90
        0
176
     0
 90
        0
176
     0
 40
0.6
176
     0
 40
30.0
176
     0
 62
     7
420
 16777215
176
     0
 90
        1
176
     0
 90
        4
176
     0
 62
     7
176
     0
 62
   257
176
     0
 90
        1
176
     0
 90
        1
176
     0
 40
1.0
176
     0
 90
        8
176
     2
 62
     7
176
     0
 40
1.0
176
     0
 90
        1
176
     0
 90
        6
176
     0
 90
        2
176
     0
 62
     7
176
     0
 90
        5
176
     0
 90
        0
176
     0
 90
        0
176
     0
290
     0
176
     0
 90
        1
176
     0
 40
0.0
176
     0
 90
        0
176
     0
290
     0
176
     0
290
     1
176
     0
290
     1
176
     0
290
     0
176
     0
290
     0
176
     0
290
     0
176
     0
290
     0
176
     0
290
     0
176
     0
290
     0
176
     0
 90
       50
176
     0
 40
0.0
176
     0
 40
1.0
176
     0
 90
        0
176
     0
 62
    18
420
        0
176
     0
 90
       50
176
     0
 90
        3
176
     0
 62
     5
420
      255
176
     0
290
     0
176
     0
 90
       50
176
     0
 90
       50
176
     0
 90
       50
176
     0
290
     0
176
     0
 90
       50
176
     0
 62
   256
176
     0
 40
1.0
176
     0
 90
        2
176
     0
  1
strokes_ogs.tif
176
     0
290
     0
176
     0
 40
1.0
176
     0
 40
1.0
176
     0
  0
VISUALSTYLE
  5
44
102
{ACAD_REACTORS
330
16
102
}
330
16
100
AcDbVisualStyle
  2
Facepattern
 70
    15
177
     3
291
     1
 70
    58
 90
        2
176
     1
 90
        2
176
     1
 90
        0
176
     1
 90
        0
176
     1
 40
0.6
176
     1
 40
30.0
176
     1
 62
     7
420
 16777215
176
     1
 90
        1
176
     1
 90
        4
176
     1
 62
     7
176
     1
 62
   257
176
     1
 90
        1
176
     1
 90
        1
176
     1
 40
1.0
176
     1
 90
        8
176
     1
 62
     7
176
     1
 40
1.0
176
     1
 90
        1
176
     1
 90
        6
176
     1
 90
        2
176
     1
 62
     7
176
     1
 90
        5
176
     1
 90
        0
176
     1
 90
        0
176
     1
290
     0
176
     1
 90
        1
176
     1
 40
0.0
176
     1
 90
        0
176
     1
290
     0
176
     1
290
     1
176
     1
290
     1
176
     1
290
     0
176
     1
290
     0
176
     1
290
     0
176
     1
290
     0
176
     1
290
     0
176
     1
290
     0
176
     1
 90
       50
176
     1
 40
0.0
176
     1
 40
1.0
176
     1
 90
        0
176
     1
 62
    18
420
        0
176
     1
 90
       50
176
     1
 90
        3
176
     1
 62
     5
420
      255
176
     1
290
     0
176
     1
 90
       50
176
     1
 90
       50
176
     1
 90
       50
176
     1
290
     0
176
     1
 90
       50
176
     1
 62
   256
176
     0
 40
1.0
176
     0
 90
        2
176
     1
  1
strokes_ogs.tif
176
     1
290
     0
176
     1
 40
1.0
176
     1
 40
1.0
176
     1
  0
VISUALSTYLE
  5
36
102
{ACAD_REACTORS
330
16
102
}
330
16
100
AcDbVisualStyle
  2
Flat
 70
     0
177
     3
291
     1
 70
    58
 90
        2
176
     1
 90
        1
176
     1
 90
        1
176
     1
 90
        2
176
     1
 40
0.6
176
     1
 40
30.0
176
     1
 62
     7
420
 16777215
176
     1
 90
        0
176
     1
 90
        0
176
     1
 62
     7
176
     1
 62
   257
176
     1
 90
        1
176
     1
 90
        1
176
     1
 40
1.0
176
     1
 90
        8
176
     1
 62
     7
176
     1
 40
1.0
176
     1
 90
        1
176
     1
 90
        6
176
     1
 90
        2
176
     1
 62
     7
176
     1
 90
        5
176
     1
 90
        0
176
     1
 90
        0
176
     1
290
     0
176
     1
 90
       13
176
     1
 40
0.0
176
     1
 90
        0
176
     1
290
     0
176
     1
290
     1
176
     1
290
     1
176
     1
290
     0
176
     1
290
     0
176
     1
290
     0
176
     1
290
     0
176
     1
290
     0
176
     1
290
     0
176
     1
 90
       50
176
     1
 40
0.0
176
     1
 40
1.0
176
     1
 90
        0
176
     1
 62
    18
420
        0
176
     1
 90
       50
176
     1
 90
        3
176
     1
 62
     5
420
      255
176
     1
290
     0
176
     1
 90
       50
176
     1
 90
       50
176
     1
 90
       50
176
     1
290
     0
176
     1
 90
       50
176
     1
 62
   256
176
     0
 40
1.0
176
     0
 90
        2
176
     1
  1
strokes_ogs.tif
176
     1
290
     0
176
     1
 40
1.0
176
     1
 40
1.0
176
     1
  0
VISUALSTYLE
  5
37
102
{ACAD_REACTORS
330
16
102
}
330
16
100
AcDbVisualStyle
  2
FlatWithEdges
 70
     1
177
     3
291
     1
 70
    58
 90
        2
176
     1
 90
        1
176
     1
 90
        1
176
     1
 90
        2
176
     1
 40
0.6
176
     1
 40
30.0
176
     1
 62
     7
420
 16777215
176
     1
 90
        1
176
     1
 90
        0
176
     1
 62
     7
176
     1
 62
   257
176
     1
 90
        1
176
     1
 90
        1
176
     1
 40
1.0
176
     1
 90
        0
176
     1
 62
   257
176
     1
 40
1.0
176
     1
 90
        1
176
     1
 90
        6
176
     1
 90
        2
176
     1
 62
     7
176
     1
 90
        5
176
     1
 90
        0
176
     1
 90
        0
176
     1
290
     0
176
     1
 90
       13
176
     1
 40
0.0
176
     1
 90
        0
176
     1
290
     0
176
     1
290
     1
176
     1
290
     1
176
     1
290
     0
176
     1
290
     0
176
     1
290
     0
176
     1
290
     0
176
     1
290
     0
176
     1
290
     0
176
     1
 90
       50
176
     1
 40
0.0
176
     1
 40
1.0
176
     1
 90
        0
176
     1
 62
    18
420
        0
176
     1
 90
       50
176
     1
 90
        3
176
     1
 62
     5
420
      255
176
     1
290
     0
176
     1
 90
       50
176
     1
 90
       50
176
     1
 90
       50
176
     1
290
     0
176
     1
 90
       50
176
     1
 62
   256
176
     0
 40
1.0
176
     0
 90
        2
176
     1
  1
strokes_ogs.tif
176
     1
290
     0
176
     1
 40
1.0
176
     1
 40
1.0
176
     1
  0
VISUALSTYLE
  5
38
102
{ACAD_REACTORS
330
16
102
}
330
16
100
AcDbVisualStyle
  2
Gouraud
 70
     2
177
     3
291
     1
 70
    58
 90
        2
176
     1
 90
        2
176
     1
 90
        1
176
     1
 90
        2
176
     1
 40
0.6
176
     1
 40
30.0
176
     1
 62
     7
420
 16777215
176
     1
 90
        0
176
     1
 90
        0
176
     1
 62
     7
176
     1
 62
   257
176
     1
 90
        1
176
     1
 90
        1
176
     1
 40
1.0
176
     1
 90
        0
176
     1
 62
     7
176
     1
 40
1.0
176
     1
 90
        1
176
     1
 90
        6
176
     1
 90
        2
176
     1
 62
     7
176
     1
 90
        5
176
     1
 90
        0
176
     1
 90
        0
176
     1
290
     0
176
     1
 90
       13
176
     1
 40
0.0
176
     1
 90
        0
176
     1
290
     0
176
     1
290
     1
176
     1
290
     1
176
     1
290
     0
176
     1
290
     0
176
     1
290
     0
176
     1
290
     0
176
     1
290
     0
176
     1
290
     0
176
     1
 90
       50
176
     1
 40
0.0
176
     1
 40
1.0
176
     1
 90
        0
176
     1
 62
    18
420
        0
176
     1
 90
       50
176
     1
 90
        3
176
     1
 62
     5
420
      255
176
     1
290
     0
176
     1
 90
       50
176
     1
 90
       50
176
     1
 90
       50
176
     1
290
     0
176
     1
 90
       50
176
     1
 62
   256
176
     0
 40
1.0
176
     0
 90
        2
176
     1
  1
strokes_ogs.tif
176
     1
290
     0
176
     1
 40
1.0
176
     1
 40
1.0
176
     1
  0
VISUALSTYLE
  5
39
102
{ACAD_REACTORS
330
16
102
}
330
16
100
AcDbVisualStyle
  2
GouraudWithEdges
 70
     3
177
     3
291
     1
 70
    58
 90
        2
176
     1
 90
        2
176
     1
 90
        1
176
     1
 90
        2
176
     1
 40
0.6
176
     1
 40
30.0
176
     1
 62
     7
420
 16777215
176
     1
 90
        1
176
     1
 90
        0
176
     1
 62
     7
176
     1
 62
   257
176
     1
 90
        1
176
     1
 90
        1
176
     1
 40
1.0
176
     1
 90
        0
176
     1
 62
   257
176
     1
 40
1.0
176
     1
 90
        1
176
     1
 90
        6
176
     1
 90
        2
176
     1
 62
     7
176
     1
 90
        5
176
     1
 90
        0
176
     1
 90
        0
176
     1
290
     0
176
     1
 90
       13
176
     1
 40
0.0
176
     1
 90
        0
176
     1
290
     0
176
     1
290
     1
176
     1
290
     1
176
     1
290
     0
176
     1
290
     0
176
     1
290
     0
176
     1
290
     0
176
     1
290
     0
176
     1
290
     0
176
     1
 90
       50
176
     1
 40
0.0
176
     1
 40
1.0
176
     1
 90
        0
176
     1
 62
    18
420
        0
176
     1
 90
       50
176
     1
 90
        3
176
     1
 62
     5
420
      255
176
     1
290
     0
176
     1
 90
       50
176
     1
 90
       50
176
     1
 90
       50
176
     1
290
     0
176
     1
 90
       50
176
     1
 62
   256
176
     0
 40
1.0
176
     0
 90
        2
176
     1
  1
strokes_ogs.tif
176
     1
290
     0
176
     1
 40
1.0
176
     1
 40
1.0
176
     1
  0
VISUALSTYLE
  5
3C
102
{ACAD_REACTORS
330
16
102
}
330
16
100
AcDbVisualStyle
  2
Hidden
 70
     6
177
     3
291
     0
 70
    58
 90
        1
176
     1
 90
        2
176
     1
 90
        2
176
     1
 90
        0
176
     1
 40
0.6
176
     1
 40
30.0
176
     1
 62
     7
420
 16777215
176
     1
 90
        2
176
     1
 90
        2
176
     1
 62
     7
176
     1
 62
   257
176
     1
 90
        2
176
     1
 90
        1
176
     1
 40
40.0
176
     1
 90
        0
176
     1
 62
   257
176
     1
 40
1.0
176
     1
 90
        1
176
     1
 90
        6
176
     1
 90
        2
176
     1
 62
     7
176
     1
 90
        3
176
     1
 90
        0
176
     1
 90
        0
176
     1
290
     0
176
     1
 90
        1
176
     1
 40
0.0
176
     1
 90
        0
176
     1
290
     0
176
     1
290
     1
176
     1
290
     1
176
     1
290
     0
176
     1
290
     0
176
     1
290
     0
176
     1
290
     0
176
     1
290
     0
176
     1
290
     0
176
     1
 90
       50
176
     1
 40
0.0
176
     1
 40
1.0
176
     1
 90
        0
176
     1
 62
    18
420
        0
176
     1
 90
       50
176
     1
 90
        3
176
     1
 62
     5
420
      255
176
     1
290
     0
176
     1
 90
       50
176
     1
 90
       50
176
     1
 90
       50
176
     1
290
     0
176
     1
 90
       50
176
     1
 62
   256
176
     0
 40
1.0
176
     0
 90
        2
176
     1
  1
strokes_ogs.tif
176
     1
290
     0
176
     1
 40
1.0
176
     1
 40
1.0
176
     1
  0
VISUALSTYLE
  5
46
102
{ACAD_REACTORS
330
16
102
}
330
16
100
AcDbVisualStyle
  2
JitterOff
 70
    20
177
     3
291
     1
 70
    58
 90
        2
176
     0
 90
        2
176
     0
 90
        0
176
     0
 90
        0
176
     0
 40
0.6
176
     0
 40
30.0
176
     0
 62
     7
420
 16777215
176
     0
 90
        1
176
     0
 90
        4
176
     0
 62
     7
176
     0
 62
   257
176
     0
 90
        1
176
     0
 90
        1
176
     0
 40
1.0
176
     0
 90
       10
176
     2
 62
     7
176
     0
 40
1.0
176
     0
 90
        1
176
     0
 90
        6
176
     0
 90
        2
176
     0
 62
     7
176
     0
 90
        5
176
     0
 90
        0
176
     0
 90
        0
176
     0
290
     0
176
     0
 90
        1
176
     0
 40
0.0
176
     0
 90
        0
176
     0
290
     0
176
     0
290
     1
176
     0
290
     1
176
     0
290
     0
176
     0
290
     0
176
     0
290
     0
176
     0
290
     0
176
     0
290
     0
176
     0
290
     0
176
     0
 90
       50
176
     0
 40
0.0
176
     0
 40
1.0
176
     0
 90
        0
176
     0
 62
    18
420
        0
176
     0
 90
       50
176
     0
 90
        3
176
     0
 62
     5
420
      255
176
     0
290
     0
176
     0
 90
       50
176
     0
 90
       50
176
     0
 90
       50
176
     0
290
     0
176
     0
 90
       50
176
     0
 62
   256
176
     0
 40
1.0
176
     0
 90
        2
176
     0
  1
strokes_ogs.tif
176
     0
290
     0
176
     0
 40
1.0
176
     0
 40
1.0
176
     0
  0
VISUALSTYLE
  5
43
102
{ACAD_REACTORS
330
16
102
}
330
16
100
AcDbVisualStyle
  2
Linepattern
 70
    14
177
     3
291
     1
 70
    58
 90
        2
176
     1
 90
        2
176
     1
 90
        0
176
     1
 90
        0
176
     1
 40
0.6
176
     1
 40
30.0
176
     1
 62
     7
420
 16777215
176
     1
 90
        1
176
     1
 90
        4
176
     1
 62
     7
176
     1
 62
   257
176
     1
 90
        7
176
     1
 90
        7
176
     1
 40
1.0
176
     1
 90
        8
176
     1
 62
     7
176
     1
 40
1.0
176
     1
 90
        1
176
     1
 90
        6
176
     1
 90
        2
176
     1
 62
     7
176
     1
 90
        5
176
     1
 90
        0
176
     1
 90
        0
176
     1
290
     0
176
     1
 90
        1
176
     1
 40
0.0
176
     1
 90
        0
176
     1
290
     0
176
     1
290
     1
176
     1
290
     1
176
     1
290
     0
176
     1
290
     0
176
     1
290
     0
176
     1
290
     0
176
     1
290
     0
176
     1
290
     0
176
     1
 90
       50
176
     1
 40
0.0
176
     1
 40
1.0
176
     1
 90
        0
176
     1
 62
    18
420
        0
176
     1
 90
       50
176
     1
 90
        3
176
     1
 62
     5
420
      255
176
     1
290
     0
176
     1
 90
       50
176
     1
 90
       50
176
     1
 90
       50
176
     1
290
     0
176
     1
 90
       50
176
     1
 62
   256
176
     0
 40
1.0
176
     0
 90
        2
176
     1
  1
strokes_ogs.tif
176
     1
290
     0
176
     1
 40
1.0
176
     1
 40
1.0
176
     1
  0
VISUALSTYLE
  5
47
102
{ACAD_REACTORS
330
16
102
}
330
16
100
AcDbVisualStyle
  2
OverhangOff
 70
    21
177
     3
291
     1
 70
    58
 90
        2
176
     0
 90
        2
176
     0
 90
        0
176
     0
 90
        0
176
     0
 40
0.6
176
     0
 40
30.0
176
     0
 62
     7
420
 16777215
176
     0
 90
        1
176
     0
 90
        4
176
     0
 62
     7
176
     0
 62
   257
176
     0
 90
        1
176
     0
 90
        1
176
     0
 40
1.0
176
     0
 90
        9
176
     2
 62
     7
176
     0
 40
1.0
176
     0
 90
        1
176
     0
 90
        6
176
     0
 90
        2
176
     0
 62
     7
176
     0
 90
        5
176
     0
 90
        0
176
     0
 90
        0
176
     0
290
     0
176
     0
 90
        1
176
     0
 40
0.0
176
     0
 90
        0
176
     0
290
     0
176
     0
290
     1
176
     0
290
     1
176
     0
290
     0
176
     0
290
     0
176
     0
290
     0
176
     0
290
     0
176
     0
290
     0
176
     0
290
     0
176
     0
 90
       50
176
     0
 40
0.0
176
     0
 40
1.0
176
     0
 90
        0
176
     0
 62
    18
420
        0
176
     0
 90
       50
176
     0
 90
        3
176
     0
 62
     5
420
      255
176
     0
290
     0
176
     0
 90
       50
176
     0
 90
       50
176
     0
 90
       50
176
     0
290
     0
176
     0
 90
       50
176
     0
 62
   256
176
     0
 40
1.0
176
     0
 90
        2
176
     0
  1
strokes_ogs.tif
176
     0
290
     0
176
     0
 40
1.0
176
     0
 40
1.0
176
     0
  0
VISUALSTYLE
  5
3E
102
{ACAD_REACTORS
330
16
102
}
330
16
100
AcDbVisualStyle
  2
Realistic
 70
     8
177
     3
291
     0
 70
    58
 90
        2
176
     1
 90
        3
176
     1
 90
        0
176
     1
 90
        2
176
     1
 40
0.6
176
     1
 40
30.0
176
     1
 62
     7
420
 16777215
176
     1
 90
        0
176
     1
 90
        0
176
     1
 62
     7
176
     1
 62
   257
176
     1
 90
        1
176
     1
 90
        1
176
     1
 40
1.0
176
     1
 90
        8
176
     1
 62
   257
176
     1
 40
1.0
176
     1
 90
        1
176
     1
 90
        6
176
     1
 90
        2
176
     1
 62
     7
176
     1
 90
        3
176
     1
 90
        0
176
     1
 90
        0
176
     1
290
     0
176
     1
 90
       13
176
     1
 40
0.0
176
     1
 90
        0
176
     1
290
     0
176
     1
290
     1
176
     1
290
     1
176
     1
290
     0
176
     1
290
     0
176
     1
290
     0
176
     1
290
     0
176
     1
290
     0
176
     1
290
     0
176
     1
 90
       50
176
     1
 40
0.0
176
     1
 40
1.0
176
     1
 90
        0
176
     1
 62
    18
420
        0
176
     1
 90
       50
176
     1
 90
        3
176
     1
 62
     5
420
      255
176
     1
290
     0
176
     1
 90
       50
176
     1
 90
       50
176
     1
 90
       50
176
     1
290
     0
176
     1
 90
       50
176
     1
 62
   256
176
     0
 40
1.0
176
     0
 90
        2
176
     1
  1
strokes_ogs.tif
176
     1
290
     0
176
     1
 40
1.0
176
     1
 40
1.0
176
     1
  0
VISUALSTYLE
  5
4D
102
{ACAD_REACTORS
330
16
102
}
330
16
100
AcDbVisualStyle
  2
Shaded
 70
    27
177
     3
291
     0
 70
    58
 90
        2
176
     1
 90
        2
176
     1
 90
        1
176
     1
 90
        2
176
     1
 40
0.6
176
     1
 40
30.0
176
     1
 62
     7
420
 16777215
176
     1
 90
        0
176
     1
 90
        4
176
     1
 62
     7
176
     1
 62
   257
176
     1
 90
        1
176
     1
 90
        1
176
     1
 40
1.0
176
     1
 90
        8
176
     1
 62
   257
176
     1
 40
1.0
176
     1
 90
        1
176
     1
 90
        6
176
     1
 90
        2
176
     1
 62
     8
420
  7895160
176
     1
 90
        3
176
     1
 90
        0
176
     1
 90
        0
176
     1
290
     0
176
     1
 90
        5
176
     1
 40
0.0
176
     1
 90
        0
176
     1
290
     0
176
     1
290
     1
176
     1
290
     1
176
     1
290
     0
176
     1
290
     0
176
     1
290
     0
176
     1
290
     0
176
     1
290
     0
176
     1
290
     0
176
     1
 90
       50
176
     1
 40
0.0
176
     1
 40
1.0
176
     1
 90
        0
176
     1
 62
    18
420
        0
176
     1
 90
       50
176
     1
 90
        3
176
     1
 62
     5
420
      255
176
     1
290
     0
176
     1
 90
       50
176
     1
 90
       50
176
     1
 90
       50
176
     1
290
     0
176
     1
 90
       50
176
     1
 62
   256
176
     0
 40
1.0
176
     0
 90
        2
176
     1
  1
strokes_ogs.tif
176
     1
290
     0
176
     1
 40
1.0
176
     1
 40
1.0
176
     1
  0
VISUALSTYLE
  5
4C
102
{ACAD_REACTORS
330
16
102
}
330
16
100
AcDbVisualStyle
  2
Shaded with edges
 70
    26
177
     3
291
     0
 70
    58
 90
        2
176
     1
 90
        2
176
     1
 90
        1
176
     1
 90
        2
176
     1
 40
0.6
176
     1
 40
30.0
176
     1
 62
     7
420
 16777215
176
     1
 90
        1
176
     1
 90
       10
176
     1
 62
     7
176
     1
 62
   257
176
     1
 90
        2
176
     1
 90
        1
176
     1
 40
1.0
176
     1
 90
        8
176
     1
 62
   257
176
     1
 40
1.0
176
     1
 90
        1
176
     1
 90
        6
176
     1
 90
        2
176
     1
 62
     7
176
     1
 90
        3
176
     1
 90
        0
176
     1
 90
        0
176
     1
290
     0
176
     1
 90
        5
176
     1
 40
0.0
176
     1
 90
        0
176
     1
290
     0
176
     1
290
     1
176
     1
290
     1
176
     1
290
     0
176
     1
290
     0
176
     1
290
     0
176
     1
290
     0
176
     1
290
     0
176
     1
290
     0
176
     1
 90
       50
176
     1
 40
0.0
176
     1
 40
1.0
176
     1
 90
        0
176
     1
 62
    18
420
        0
176
     1
 90
       50
176
     1
 90
        3
176
     1
 62
     5
420
      255
176
     1
290
     0
176
     1
 90
       50
176
     1
 90
       50
176
     1
 90
       50
176
     1
290
     0
176
     1
 90
       50
176
     1
 62
   256
176
     0
 40
1.0
176
     0
 90
        2
176
     1
  1
strokes_ogs.tif
176
     1
290
     0
176
     1
 40
1.0
176
     1
 40
1.0
176
     1
  0
VISUALSTYLE
  5
49
102
{ACAD_REACTORS
330
16
102
}
330
16
100
AcDbVisualStyle
  2
Shades of Gray
 70
    23
177
     3
291
     0
 70
    58
 90
        2
176
     1
 90
        2
176
     1
 90
        3
176
     1
 90
        0
176
     1
 40
0.6
176
     1
 40
30.0
176
     1
 62
     7
420
 16777215
176
     1
 90
        2
176
     1
 90
        2
176
     1
 62
     7
176
     1
 62
     7
176
     1
 90
        1
176
     1
 90
        1
176
     1
 40
40.0
176
     1
 90
        8
176
     1
 62
     7
176
     1
 40
1.0
176
     1
 90
        1
176
     1
 90
        6
176
     1
 90
        2
176
     1
 62
     7
176
     1
 90
        3
176
     1
 90
        0
176
     1
 90
        0
176
     1
290
     0
176
     1
 90
        1
176
     1
 40
0.0
176
     1
 90
        0
176
     1
290
     0
176
     1
290
     1
176
     1
290
     1
176
     1
290
     0
176
     1
290
     0
176
     1
290
     0
176
     1
290
     0
176
     1
290
     0
176
     1
290
     0
176
     1
 90
       50
176
     1
 40
0.0
176
     1
 40
1.0
176
     1
 90
        0
176
     1
 62
    18
420
        0
176
     1
 90
       50
176
     1
 90
        3
176
     1
 62
     5
420
      255
176
     1
290
     0
176
     1
 90
       50
176
     1
 90
       50
176
     1
 90
       50
176
     1
290
     0
176
     1
 90
       50
176
     1
 62
   256
176
     0
 40
1.0
176
     0
 90
        2
176
     1
  1
strokes_ogs.tif
176
     1
290
     0
176
     1
 40
1.0
176
     1
 40
1.0
176
     1
  0
VISUALSTYLE
  5
4A
102
{ACAD_REACTORS
330
16
102
}
330
16
100
AcDbVisualStyle
  2
Sketchy
 70
    24
177
     3
291
     0
 70
    58
 90
        1
176
     1
 90
        2
176
     1
 90
        2
176
     1
 90
        0
176
     1
 40
0.6
176
     1
 40
30.0
176
     1
 62
     7
420
 16777215
176
     1
 90
        2
176
     1
 90
        2
176
     1
 62
     7
176
     1
 62
     7
176
     1
 90
        1
176
     1
 90
        1
176
     1
 40
40.0
176
     1
 90
       11
176
     1
 62
     7
176
     1
 40
1.0
176
     1
 90
        1
176
     1
 90
        6
176
     1
 90
        2
176
     1
 62
     7
176
     1
 90
        6
176
     1
 90
        0
176
     1
 90
        0
176
     1
290
     0
176
     1
 90
        1
176
     1
 40
0.0
176
     1
 90
        0
176
     1
290
     0
176
     1
290
     1
176
     1
290
     1
176
     1
290
     0
176
     1
290
     0
176
     1
290
     0
176
     1
290
     0
176
     1
290
     0
176
     1
290
     0
176
     1
 90
       50
176
     1
 40
0.0
176
     1
 40
1.0
176
     1
 90
        0
176
     1
 62
    18
420
        0
176
     1
 90
       50
176
     1
 90
        3
176
     1
 62
     5
420
      255
176
     1
290
     0
176
     1
 90
       50
176
     1
 90
       50
176
     1
 90
       50
176
     1
290
     0
176
     1
 90
       50
176
     1
 62
   256
176
     0
 40
1.0
176
     0
 90
        2
176
     1
  1
strokes_ogs.tif
176
     1
290
     0
176
     1
 40
1.0
176
     1
 40
1.0
176
     1
  0
VISUALSTYLE
  5
42
102
{ACAD_REACTORS
330
16
102
}
330
16
100
AcDbVisualStyle
  2
Thicken
 70
    13
177
     3
291
     1
 70
    58
 90
        2
176
     1
 90
        2
176
     1
 90
        0
176
     1
 90
        0
176
     1
 40
0.6
176
     1
 40
30.0
176
     1
 62
     7
420
 16777215
176
     1
 90
        1
176
     1
 90
        4
176
     1
 62
     7
176
     1
 62
   257
176
     1
 90
        1
176
     1
 90
        1
176
     1
 40
1.0
176
     1
 90
       12
176
     1
 62
     7
176
     1
 40
1.0
176
     1
 90
        1
176
     1
 90
        6
176
     1
 90
        2
176
     1
 62
     7
176
     1
 90
        5
176
     1
 90
        0
176
     1
 90
        0
176
     1
290
     0
176
     1
 90
        1
176
     1
 40
0.0
176
     1
 90
        0
176
     1
290
     0
176
     1
290
     1
176
     1
290
     1
176
     1
290
     0
176
     1
290
     0
176
     1
290
     0
176
     1
290
     0
176
     1
290
     0
176
     1
290
     0
176
     1
 90
       50
176
     1
 40
0.0
176
     1
 40
1.0
176
     1
 90
        0
176
     1
 62
    18
420
        0
176
     1
 90
       50
176
     1
 90
        3
176
     1
 62
     5
420
      255
176
     1
290
     0
176
     1
 90
       50
176
     1
 90
       50
176
     1
 90
       50
176
     1
290
     0
176
     1
 90
       50
176
     1
 62
   256
176
     0
 40
1.0
176
     0
 90
        2
176
     1
  1
strokes_ogs.tif
176
     1
290
     0
176
     1
 40
1.0
176
     1
 40
1.0
176
     1
  0
VISUALSTYLE
  5
3B
102
{ACAD_REACTORS
330
16
102
}
330
16
100
AcDbVisualStyle
  2
Wireframe
 70
     5
177
     3
291
     0
 70
    58
 90
        0
176
     1
 90
        2
176
     1
 90
        0
176
     1
 90
        0
176
     1
 40
0.6
176
     1
 40
30.0
176
     1
 62
     7
420
 16777215
176
     1
 90
        1
176
     1
 90
        4
176
     1
 62
     7
176
     1
 62
   257
176
     1
 90
        1
176
     1
 90
        1
176
     1
 40
1.0
176
     1
 90
        0
176
     1
 62
   257
176
     1
 40
1.0
176
     1
 90
        1
176
     1
 90
        6
176
     1
 90
        2
176
     1
 62
     7
176
     1
 90
        3
176
     1
 90
        0
176
     1
 90
        0
176
     1
290
     0
176
     1
 90
        1
176
     1
 40
0.0
176
     1
 90
        0
176
     1
290
     0
176
     1
290
     1
176
     1
290
     1
176
     1
290
     0
176
     1
290
     0
176
     1
290
     0
176
     1
290
     0
176
     1
290
     0
176
     1
290
     0
176
     1
 90
       50
176
     1
 40
0.0
176
     1
 40
1.0
176
     1
 90
        0
176
     1
 62
    18
420
        0
176
     1
 90
       50
176
     1
 90
        3
176
     1
 62
     5
420
      255
176
     1
290
     0
176
     1
 90
       50
176
     1
 90
       50
176
     1
 90
       50
176
     1
290
     0
176
     1
 90
       50
176
     1
 62
   256
176
     0
 40
1.0
176
     0
 90
        2
176
     1
  1
strokes_ogs.tif
176
     1
290
     0
176
     1
 40
1.0
176
     1
 40
1.0
176
     1
  0
VISUALSTYLE
  5
4B
102
{ACAD_REACTORS
330
16
102
}
330
16
100
AcDbVisualStyle
  2
X-Ray
 70
    25
177
     3
291
     0
 70
    58
 90
        2
176
     1
 90
        2
176
     1
 90
        1
176
     1
 90
        1
176
     1
 40
0.5
176
     1
 40
30.0
176
     1
 62
     7
420
 16777215
176
     1
 90
        1
176
     1
 90
        0
176
     1
 62
     7
176
     1
 62
   257
176
     1
 90
        1
176
     1
 90
        1
176
     1
 40
1.0
176
     1
 90
        8
176
     1
 62
     7
176
     1
 40
1.0
176
     1
 90
        1
176
     1
 90
        6
176
     1
 90
        2
176
     1
 62
     7
176
     1
 90
        3
176
     1
 90
        0
176
     1
 90
        0
176
     1
290
     0
176
     1
 90
       13
176
     1
 40
0.0
176
     1
 90
        0
176
     1
290
     0
176
     1
290
     1
176
     1
290
     1
176
     1
290
     0
176
     1
290
     0
176
     1
290
     0
176
     1
290
     0
176
     1
290
     0
176
     1
290
     0
176
     1
 90
       50
176
     1
 40
0.0
176
     1
 40
1.0
176
     1
 90
        0
176
     1
 62
    18
420
        0
176
     1
 90
       50
176
     1
 90
        3
176
     1
 62
     5
420
      255
176
     1
290
     0
176
     1
 90
       50
176
     1
 90
       50
176
     1
 90
       50
176
     1
290
     0
176
     1
 90
       50
176
     1
 62
   256
176
     0
 40
1.0
176
     0
 90
        2
176
     1
  1
strokes_ogs.tif
176
     1
290
     0
176
     1
 40
1.0
176
     1
 40
1.0
176
     1
  0
DICTIONARYVAR
  5
4CD
102
{ACAD_REACTORS
330
4C7
102
}
330
4C7
100
DictionaryVariables
280
     0
  1
1:1
  0
DICTIONARYVAR
  5
4CB
102
{ACAD_REACTORS
330
4C7
102
}
330
4C7
100
DictionaryVariables
280
     0
  1
0.120000
  0
DICTIONARYVAR
  5
4CC
102
{ACAD_REACTORS
330
4C7
102
}
330
4C7
100
DictionaryVariables
280
     0
  1
zwcad.lin
  0
DICTIONARYVAR
  5
4C9
102
{ACAD_REACTORS
330
4C7
102
}
330
4C7
100
DictionaryVariables
280
     0
  1
Standard
  0
DICTIONARYVAR
  5
4C8
102
{ACAD_REACTORS
330
4C7
102
}
330
4C7
100
DictionaryVariables
280
     0
  1
Standard
  0
DICTIONARYVAR
  5
4CA
102
{ACAD_REACTORS
330
4C7
102
}
330
4C7
100
DictionaryVariables
280
     0
  1
2
  0
DICTIONARYVAR
  5
2E
330
2D
100
DictionaryVariables
280
     0
  1
1.4.2 @ 2026-02-05T13:34:25.155828+00:00
  0
DICTIONARYVAR
  5
35
330
2D
100
DictionaryVariables
280
     0
  1
1.4.2 @ 2026-02-05T13:34:25.160829+00:00
  0
TDBINTERFACERECORD
  5
64
102
{ACAD_REACTORS
330
63
102
}
330
63
100
TDbInterfaceRecord
  0
XRECORD
  5
67
102
{ACAD_REACTORS
330
65
102
}
330
65
100
AcDbXrecord
280
     1
  1
0
  0
XRECORD
  5
66
102
{ACAD_REACTORS
330
65
102
}
330
65
100
AcDbXrecord
280
     1
  1
2015
  0
DICTIONARY
  5
570
330
4E
100
AcDbDictionary
280
     1
281
     1
  3
ACAD_ROUNDTRIP_2008_TABLESTYLE_CELLSTYLEMAP
360
571
  0
CELLSTYLEMAP
  5
571
102
{ACAD_REACTORS
330
570
102
}
330
570
100
AcDbCellStyleMap
 90
        3
300
CELLSTYLE
  1
TABLEFORMAT_BEGIN
 90
        5
170
     1
 91
        0
 92
    32768
 62
   257
 93
        1
300
CONTENTFORMAT
  1
CONTENTFORMAT_BEGIN
 90
        0
 91
        0
 92
      512
 93
        0
300

 40
0.0
140
1.0
 94
        5
 62
   256
340
29
144
6.0
309
CONTENTFORMAT_END
171
     1
301
MARGIN
  1
CELLMARGIN_BEGIN
 40
1.5
 40
1.5
 40
1.5
 40
1.5
 40
0.18
 40
0.18
309
CELLMARGIN_END
 94
        0
309
TABLEFORMAT_END
  1
CELLSTYLE_BEGIN
 90
        1
 91
        1
300
_TITLE
309
CELLSTYLE_END
300
CELLSTYLE
  1
TABLEFORMAT_BEGIN
 90
        5
170
     1
 91
        0
 92
        0
 62
   257
 93
        1
300
CONTENTFORMAT
  1
CONTENTFORMAT_BEGIN
 90
        0
 91
        0
 92
      512
 93
        0
300

 40
0.0
140
1.0
 94
        5
 62
   256
340
29
144
4.5
309
CONTENTFORMAT_END
171
     1
301
MARGIN
  1
CELLMARGIN_BEGIN
 40
1.5
 40
1.5
 40
1.5
 40
1.5
 40
0.18
 40
0.18
309
CELLMARGIN_END
 94
        0
309
TABLEFORMAT_END
  1
CELLSTYLE_BEGIN
 90
        2
 91
        1
300
_HEADER
309
CELLSTYLE_END
300
CELLSTYLE
  1
TABLEFORMAT_BEGIN
 90
        5
170
     1
 91
        0
 92
        0
 62
   257
 93
        1
300
CONTENTFORMAT
  1
CONTENTFORMAT_BEGIN
 90
        0
 91
        0
 92
      512
 93
        0
300

 40
0.0
140
1.0
 94
        2
 62
   256
340
29
144
4.5
309
CONTENTFORMAT_END
171
     1
301
MARGIN
  1
CELLMARGIN_BEGIN
 40
1.5
 40
1.5
 40
1.5
 40
1.5
 40
0.18
 40
0.18
309
CELLMARGIN_END
 94
        0
309
TABLEFORMAT_END
  1
CELLSTYLE_BEGIN
 90
        3
 91
        2
300
_DATA
309
CELLSTYLE_END
  0
ENDSEC
  0
SECTION
  2
ACDSDATA
 70
     2
 71
     2
  0
ACDSSCHEMA
 90
        0
  1
AcDb_Thumbnail_Schema
  2
AcDbDs::ID
280
    10
 91
        0
  2
Thumbnail_Data
280
    15
 91
        0
101
ACDSRECORD
 95
        0
 90
        2
  2
AcDbDs::TreatedAsObjectData
280
     1
291
     1
101
ACDSRECORD
 95
        0
 90
        3
  2
AcDbDs::Legacy
280
     1
291
     1
101
ACDSRECORD
  1
AcDbDs::ID
 90
        4
  2
AcDs:Indexable
280
     1
291
     1
101
ACDSRECORD
  1
AcDbDs::ID
 90
        5
  2
AcDbDs::HandleAttribute
280
     7
282
     1
  0
ACDSSCHEMA
 90
        1
  1
AcDb3DSolid_ASM_Data
  2
AcDbDs::ID
280
    10
 91
        0
  2
ASM_Data
280
    15
 91
        0
101
ACDSRECORD
 95
        1
 90
        2
  2
AcDbDs::TreatedAsObjectData
280
     1
291
     1
101
ACDSRECORD
 95
        1
 90
        3
  2
AcDbDs::Legacy
280
     1
291
     1
101
ACDSRECORD
  1
AcDbDs::ID
 90
        4
  2
AcDs:Indexable
280
     1
291
     1
101
ACDSRECORD
  1
AcDbDs::ID
 90
        5
  2
AcDbDs::HandleAttribute
280
     7
282
     1
  0
ACDSSCHEMA
 90
        2
  1
AcDbDs::TreatedAsObjectDataSchema
  2
AcDbDs::TreatedAsObjectData
280
     1
 91
        0
  0
ACDSSCHEMA
 90
        3
  1
AcDbDs::LegacySchema
  2
AcDbDs::Legacy
280
     1
 91
        0
  0
ACDSSCHEMA
 90
        4
  1
AcDbDs::IndexedPropertySchema
  2
AcDs:Indexable
280
     1
 91
        0
  0
ACDSSCHEMA
 90
        5
  1
AcDbDs::HandleAttributeSchema
  2
AcDbDs::HandleAttribute
280
     7
 91
        8
  0
ENDSEC
  0
EOF
